node_id,city_name,country,country_raw,lat,lon,population,population_default,degree_full,suspicion_score,suspect
0,Anaa,FRENCH POLYNESIA,FRENCH_POLYNESIA,-17.35388888888889,-145.50972222222222,10000.0,1,2,0.556737918950579,0
1,Hao Island,FRENCH POLYNESIA,FRENCH_POLYNESIA,-18.066666666666666,-140.95,10000.0,1,4,1.0294185441519983,0
2,Papeete,FRENCH POLYNESIA,FRENCH_POLYNESIA,-17.55,-149.6,26357.0,0,27,0.3103378491651887,0
3,Gambier Island,FRENCH POLYNESIA,FRENCH_POLYNESIA,-23.033333333333335,-135.0,10000.0,1,2,1.9265137292510912,0
4,Makemo,FRENCH POLYNESIA,FRENCH_POLYNESIA,-16.584888888888887,-143.65725,10000.0,1,2,0.5857308864322058,0
5,Auckland,NEW ZEALAND,NEW_ZEALAND,-37.00805555555556,174.79166666666666,417910.0,0,44,1.1107669678280903,0
6,Atuona,FRENCH POLYNESIA,FRENCH_POLYNESIA,-9.8,-139.03333333333333,10000.0,1,2,0.9852059768155735,0
7,Bora Bora,FRENCH POLYNESIA,FRENCH_POLYNESIA,-16.45,-151.75,10000.0,1,5,0.5478241514458672,0
8,Honolulu,UNITED STATES,USA,21.31869111111111,-157.9224072222222,371657.0,0,51,3.5772307665018452,0
9,Huahine,FRENCH POLYNESIA,FRENCH_POLYNESIA,-16.68,-151.0,10000.0,1,4,0.24321182306621422,0
10,Easter Island,CHILE,CHILE,-27.165,-109.42194444444445,10000.0,1,2,2.798485510430843,0
11,Kaukura Atoll,FRENCH POLYNESIA,FRENCH_POLYNESIA,-15.666666666666666,-146.88611111111112,10000.0,1,2,0.36780598703895523,0
12,Los Angeles,UNITED STATES,USA,33.94253611111111,-118.40807444444444,3898747.0,0,132,1.9419112762464128,0
13,Moorea,FRENCH POLYNESIA,FRENCH_POLYNESIA,-17.5,-149.8,10000.0,1,4,0.35784616571964356,0
14,Nuku Hiva,FRENCH POLYNESIA,FRENCH_POLYNESIA,-8.813,-139.22400000000002,10000.0,1,3,1.950774837335211,0
15,Noumea,NEW CALEDONIA,NEW_CALEDONIA,-22.016666666666666,166.21666666666667,10000.0,1,17,0.3835259198826928,0
16,Osaka,JAPAN,JAPAN,34.7853,135.4381,2753862.0,0,87,1.1326724166860038,0
17,Mataiva,FRENCH POLYNESIA,FRENCH_POLYNESIA,-14.88,-148.7,10000.0,1,2,0.48453803201681916,0
18,Rarotonga,COOK ISLANDS,COOK_ISLANDS,-21.2,-159.8,10000.0,1,12,0.4745078410636034,0
19,Raiatea Island,FRENCH POLYNESIA,FRENCH_POLYNESIA,-16.716666666666665,-151.46666666666667,10000.0,1,5,0.18777487094490283,0
20,Rangiroa Island,FRENCH POLYNESIA,FRENCH_POLYNESIA,-14.95,-147.65,10000.0,1,6,0.512183081411417,0
21,Rurutu,FRENCH POLYNESIA,FRENCH_POLYNESIA,-22.433333333333334,-151.36666666666667,10000.0,1,2,0.6125788430853522,0
22,Tikehau Atoll,FRENCH POLYNESIA,FRENCH_POLYNESIA,-15.0,-145.8,10000.0,1,3,0.5035671546461059,0
23,Takaroa,FRENCH POLYNESIA,FRENCH_POLYNESIA,-14.456666666666667,-145.02444444444444,10000.0,1,2,0.4529567871177223,0
24,Tubuai,FRENCH POLYNESIA,FRENCH_POLYNESIA,-23.366666666666667,-149.48333333333332,10000.0,1,2,0.6757644741386489,0
25,Tokyo,JAPAN,JAPAN,35.68333333333333,139.76666666666668,8336599.0,0,109,1.865699917456262,0
26,Wallis Island,WALLIS AND FUTUNA ISLANDS,WALLIS_AND_FUTUNA_ISLANDS,-13.233333333333333,-176.2,10000.0,1,4,1.3975277222085887,0
27,Manihi,FRENCH POLYNESIA,FRENCH_POLYNESIA,-14.43,-146.1,10000.0,1,2,0.53583391625509,0
28,Apia,SAMOA,SAMOA,-13.816666666666666,-171.78333333333333,40407.0,0,6,0.4890904597842328,0
29,Blenheim,NEW ZEALAND,NEW_ZEALAND,-41.51833333333333,173.87027777777777,28800.0,0,3,0.32977437883946964,0
30,Brisbane,AUSTRALIA,AUSTRALIA,-27.385833333333334,153.11638888888888,2582007.0,0,57,0.6380601520051569,0
31,Buenos Aires,ARGENTINA,ARGENTINA,-34.68333333333333,-58.65,2891082.0,0,75,0.747934682795101,0
32,Christchurch,NEW ZEALAND,NEW_ZEALAND,-43.4975,172.52166666666668,42396.0,0,20,0.32807452230975687,0
33,Cairns,AUSTRALIA,AUSTRALIA,-16.8875,145.7536111111111,153075.0,0,32,0.5094149185736433,0
34,Denpasar Bali,INDONESIA,INDONESIA,-8.75,115.17,10000.0,1,26,1.1674511657428783,0
35,Gisborne,NEW ZEALAND,NEW_ZEALAND,-38.663333333333334,177.97833333333332,37300.0,0,2,0.3480218538061228,0
36,Hong Kong,CHINA,CHINA,22.325,113.927,7482500.0,0,98,1.4088008902844178,0
37,Hamilton,NEW ZEALAND,NEW_ZEALAND,-37.86638888888889,175.33527777777778,902.0,0,5,0.569608067913056,0
38,Niue,NIUE,NIUE,-19.083333333333332,-169.93333333333334,10000.0,1,2,0.76856741161286,0
39,Kaitaia,NEW ZEALAND,NEW_ZEALAND,-35.07,173.28527777777776,10000.0,1,1,,0
40,Kerikeri,NEW ZEALAND,NEW_ZEALAND,-35.26277777777778,173.91194444444446,10000.0,1,1,,0
41,Kuala Lumpur,MALAYSIA,MALAYSIA,3.1333333333333333,101.55,1453975.0,0,77,1.7303710753322759,0
42,Melbourne,AUSTRALIA,AUSTRALIA,-37.67472222222222,144.84222222222223,4917750.0,0,37,0.969376562684603,0
43,Nadi,FIJI,FIJI,-17.75,177.43333333333334,42284.0,0,25,1.1597735638521938,0
44,Nagoya,JAPAN,JAPAN,35.25,136.93333333333334,2191279.0,0,49,0.6805489636269269,0
45,Norfolk Island,AUSTRALIA,AUSTRALIA,-29.05,167.93333333333334,10000.0,1,3,1.0081800039560007,0
46,Napier-Hastings,NEW ZEALAND,NEW_ZEALAND,-39.47472222222222,176.86833333333334,10000.0,1,4,0.4749188509963381,0
47,New Plymouth,NEW ZEALAND,NEW_ZEALAND,-39.00861111111111,174.17916666666667,87300.0,0,3,0.41828779046218206,0
48,Nelson,NEW ZEALAND,NEW_ZEALAND,-41.30305555555555,173.2163888888889,29317.0,0,6,0.5390148802975149,0
49,Perth,AUSTRALIA,AUSTRALIA,-31.941388888888888,115.96527777777777,2192229.0,0,41,0.8778561207365168,0
50,Palmerston North,NEW ZEALAND,NEW_ZEALAND,-40.32055555555556,175.61694444444444,90500.0,0,7,0.551809650686565,0
51,Rotorua,NEW ZEALAND,NEW_ZEALAND,-38.10916666666667,176.31722222222223,65901.0,0,5,1.1254181519196194,0
52,Seoul,SOUTH KOREA,SOUTH_KOREA,37.55,126.8,10349312.0,0,94,1.0915874452828904,0
53,Singapore,SINGAPORE,SINGAPORE,1.3666666666666667,103.98333333333333,5638700.0,0,91,1.9595540141236047,0
54,Sydney,AUSTRALIA,AUSTRALIA,-33.94083333333333,151.17083333333332,5231147.0,0,69,0.8908026841596373,0
55,Nuku'alofa,TONGA,TONGA,-21.25,-175.13333333333333,10000.0,1,11,0.4488864556787426,0
56,Taipei,TAIWAN,TAIWAN,25.083333333333332,121.21666666666667,7871900.0,0,47,1.207394267473872,0
57,Tauranga,NEW ZEALAND,NEW_ZEALAND,-37.67194444444444,176.19611111111112,155200.0,0,4,0.4533905712675827,0
58,Taupo,NEW ZEALAND,NEW_ZEALAND,-38.73972222222222,176.08444444444444,26100.0,0,2,0.2513316142497891,0
59,Port Vila,VANUATU,VANUATU,-17.7,168.31666666666666,10000.0,1,20,0.25803055590668494,0
60,Wanganui,NEW ZEALAND,NEW_ZEALAND,-39.96222222222222,175.02527777777777,10000.0,1,2,0.22815374447294137,0
61,Whakatane,NEW ZEALAND,NEW_ZEALAND,-37.92055555555555,176.91416666666666,18602.0,0,1,,0
62,Wellington,NEW ZEALAND,NEW_ZEALAND,-41.33361111111111,174.80583333333334,22816.0,0,22,0.4443448672543141,0
63,Whangarei,NEW ZEALAND,NEW_ZEALAND,-35.76833333333333,174.365,50900.0,0,1,,0
64,Queenstown,NEW ZEALAND,NEW_ZEALAND,-45.02111111111111,168.73916666666668,105309.0,0,6,0.5887467079027867,0
65,Atlanta,UNITED STATES,USA,33.64044444444445,-84.42694444444444,463878.0,0,171,0.9282328934268085,0
66,Chicago,UNITED STATES,USA,42.0,-87.88333333333334,2696555.0,0,183,1.032996038668617,0
67,Dallas/Fort Worth,UNITED STATES,USA,32.89595055555555,-97.0372,10000.0,1,147,1.1952688098741806,0
68,Fukuoka,JAPAN,JAPAN,33.583333333333336,130.45,1603543.0,0,41,0.5808235522317583,0
69,Guam,GUAM,GUAM,13.48345,144.7959825,10000.0,1,20,1.5444532467754337,0
70,Hiroshima,JAPAN,JAPAN,34.36666666666667,132.41666666666666,1199391.0,0,14,0.6393750644916214,0
71,Hana,UNITED STATES,USA,20.795637222222226,-156.01443777777777,10000.0,1,2,0.028835290628301626,0
72,Houston,UNITED STATES,USA,29.64541861111111,-95.27888888888889,2304580.0,0,144,1.2481657239819173,0
73,Hilo,UNITED STATES,USA,19.720263055555556,-155.0484702777778,43263.0,0,3,0.04525679382697916,0
74,Kapalua,UNITED STATES,USA,20.962936388888888,-156.67303166666667,10000.0,1,3,0.03147870049034768,0
75,Johnston Island,UNITED STATES,USA,16.730555555555554,-169.53527777777776,10000.0,1,2,0.4258480970192681,0
76,Niigata,JAPAN,JAPAN,37.95,139.11666666666667,797591.0,0,12,0.8216118108365642,0
77,Kona,UNITED STATES,USA,19.738765833333332,-156.04563138888886,10000.0,1,10,0.12226180524120316,0
78,Kauai Island,UNITED STATES,USA,21.975983055555556,-159.33895805555554,10000.0,1,6,0.769312753516031,0
79,Lanai City,UNITED STATES,USA,20.78561111111111,-156.95141805555556,10000.0,1,4,0.02028185830380893,0
80,Kalaupapa,UNITED STATES,USA,21.211040277777776,-156.9735972222222,10000.0,1,1,,0
81,Majuro,MARSHALL ISLANDS,MARSHALL_ISLANDS,7.0649797222222235,171.27203055555557,25400.0,0,17,0.0726632857636745,0
82,Midway Island,UNITED STATES,USA,28.203671388888885,-177.37951916666665,10000.0,1,1,,0
83,Hoolehua,UNITED STATES,USA,21.152885833333336,-157.0962561111111,10000.0,1,3,0.017335454834889196,0
84,Manila,PHILIPPINES,PHILIPPINES,7.617222222222222,124.0586111111111,1600000.0,0,62,0.8356381923284576,0
85,Kamuela,UNITED STATES,USA,20.001326944444443,-155.66810722222223,10000.0,1,2,0.04640444381551825,0
86,New York,UNITED STATES,USA,40.766666666666666,-73.98333333333333,10000.0,1,178,2.609957855057926,0
87,Oakland,UNITED STATES,USA,37.721290833333335,-122.22071666666668,419267.0,0,26,0.9330691082171788,0
88,Kahului,UNITED STATES,USA,20.898649722222224,-156.43045777777775,26337.0,0,16,0.15441012923861158,0
89,Portland,UNITED STATES,USA,45.58872222222222,-122.5975,16116.0,0,45,1.0214949865109004,0
90,Phoenix,UNITED STATES,USA,33.43416666666667,-112.00805555555556,1608139.0,0,99,1.3560386156051774,0
91,Pago Pago,AMERICAN SAMOA,AMERICAN_SAMOA,-14.331022777777777,-170.71052583333332,11500.0,0,6,0.03610521197457529,0
92,Sendai,JAPAN,JAPAN,38.13333333333333,140.93333333333334,1096704.0,0,15,0.7720330828972589,0
93,Seattle,UNITED STATES,USA,47.44898194444444,-122.30931305555555,737015.0,0,83,1.2196927354941738,0
94,San Francisco,UNITED STATES,USA,37.61900194444445,-122.37484333333333,59062.0,0,85,2.1145402720940396,0
95,San Jose,UNITED STATES,USA,37.36186194444445,-121.9290088888889,35768.0,0,37,1.8019020469861862,0
96,Sapporo,JAPAN,JAPAN,42.8,141.66666666666666,1973832.0,0,35,0.6128111686631285,0
97,St Louis,UNITED STATES,USA,38.747686944444446,-90.35998972222222,10000.0,1,100,0.6887004239402401,0
98,Edmonton,CANADA,CANADA,50.93333333333333,-110.01305555555555,1010899.0,0,26,0.7047829401933825,0
99,Toronto,CANADA,CANADA,43.78333333333333,-79.46666666666667,2600000.0,0,115,1.4531194087812647,0
100,Vancouver,CANADA,CANADA,49.193888888888885,-123.18444444444444,600000.0,0,65,1.1330339601423605,0
101,Calgary,CANADA,CANADA,51.11388888888889,-114.02,1019942.0,0,38,0.7856015844886434,0
102,Victoria,CANADA,CANADA,48.64694444444444,-123.42583333333333,25139.0,0,9,0.4220950219877294,0
103,Santiago,CHILE,CHILE,-33.38333333333333,-70.78333333333333,46611.0,0,34,1.3140263170951756,0
104,Albuquerque,UNITED STATES,USA,35.040222222222226,-106.60919444444444,559121.0,0,35,0.5981221937526087,0
105,Aguascalientes,MEXICO,M&Eacute;XICO#MEXICO,21.704722222222223,-102.3175,722250.0,0,7,0.41037506293264686,0
106,Amsterdam,THE NETHERLANDS,THE_NETHERLANDS,52.308055555555555,4.764166666666667,741636.0,0,191,1.4439613573495154,0
107,Anchorage,UNITED STATES,USA,61.17432027777778,-149.99618555555554,291247.0,0,38,0.6452825956687345,0
108,Austin,UNITED STATES,USA,30.19453277777778,-97.66987194444444,931830.0,0,33,1.2085665217308792,0
109,Bakersfield,UNITED STATES,USA,35.43359805555556,-119.05676805555555,373640.0,0,4,0.18066552565524274,0
110,Beijing,CHINA,CHINA,40.06666666666667,116.6,18960744.0,0,100,1.1859736112191395,0
111,Leon/Guanajuato,MEXICO,M&Eacute;XICO#MEXICO,20.99313888888889,-101.482,10000.0,1,14,0.8616982474048366,0
112,Nashville,UNITED STATES,USA,36.124476666666666,-86.67818222222222,689447.0,0,47,0.8859698358416868,0
113,Boise,UNITED STATES,USA,43.56444444444445,-116.22277777777778,145987.0,0,17,0.5940728765892201,0
114,Boston,UNITED STATES,USA,42.364361111111116,-71.00519444444444,41340.0,0,86,1.0017628111715529,0
115,Baltimore,UNITED STATES,USA,39.17536111111111,-76.66833333333334,576498.0,0,63,0.9220772082114388,0
116,Guangzhou,CHINA,CHINA,23.183333333333334,113.26666666666667,16096724.0,0,69,0.974609582184749,0
117,Cleveland,UNITED STATES,USA,41.41089416666667,-81.84939666666666,43898.0,0,76,0.633771549802734,0
118,Charlotte,UNITED STATES,USA,35.21401111111111,-80.94312583333334,874579.0,0,98,0.5759558413719664,0
119,Columbus,UNITED STATES,USA,39.99798527777778,-82.89188277777778,206922.0,0,29,0.5782432800553754,0
120,Colorado Springs,UNITED STATES,USA,38.80580555555555,-104.70025000000001,456568.0,0,12,0.991062607202087,0
121,San Luis Obispo,UNITED STATES,USA,35.3333075,-120.73434027777778,47339.0,0,3,0.13730220220767086,0
122,Culiacan,MEXICO,M&Eacute;XICO#MEXICO,24.764166666666668,-107.47416666666666,10000.0,1,11,0.49210437736742646,0
123,Cancun,AUSTRALIA,AUSTRALIA,-31.625,117.21666666666667,10000.0,1,44,12.211578500113509,0
124,Cincinnati,UNITED STATES,USA,39.04614277777778,-84.6621725,309317.0,0,108,0.7618519816232059,0
125,Denver,UNITED STATES,USA,39.85840805555556,-104.66700194444446,715522.0,0,119,0.9764700690349385,0
126,Durango,MEXICO,M&Eacute;XICO#MEXICO,24.12472222222222,-104.52888888888889,28229.0,0,11,0.39473149785918915,0
127,Detroit,UNITED STATES,USA,42.409194444444445,-83.0098611111111,677116.0,0,111,0.6344591211638709,0
128,Dublin,IRELAND,IRELAND,53.42138888888889,-6.269722222222223,1024027.0,0,51,0.6678186597073713,0
129,El Paso,UNITED STATES,USA,31.80666666666667,-106.37780555555555,681124.0,0,15,0.6111145764001306,0
130,Eugene,UNITED STATES,USA,44.12326,-123.21868555555555,163460.0,0,6,0.6219271108034268,0
131,Fresno,UNITED STATES,USA,36.77619444444444,-119.71813888888889,17668.0,0,10,0.4063620618515668,0
132,Fort Lauderdale,UNITED STATES,USA,26.072583333333334,-80.15275000000001,178590.0,0,56,1.1484026808894303,0
133,Frankfurt,GERMANY,GERMANY,50.03333333333333,8.570277777777777,10000.0,1,234,1.5982405598436054,0
134,Guadalajara,MEXICO,M&Eacute;XICO#MEXICO,20.52138888888889,-103.31083333333333,83039.0,0,35,0.586044678165739,0
135,Guatemala City,GUATEMALA,GUATEMALA,14.583333333333334,-90.53333333333333,994938.0,0,17,0.834398764184368,0
136,Hartford,UNITED STATES,USA,41.73626861111111,-72.65021388888889,121054.0,0,35,1.0971401168309978,0
137,Hermosillo,MEXICO,M&Eacute;XICO#MEXICO,29.095555555555556,-111.04722222222222,812229.0,0,21,0.4272420605365427,0
138,Indianapolis,UNITED STATES,USA,39.71732916666667,-86.29438416666666,887642.0,0,40,0.7345762630438438,0
139,Imperial,UNITED STATES,USA,32.83422027777778,-115.57874555555556,32344.0,0,1,,0
140,Inyokern,UNITED STATES,USA,35.65884305555556,-117.82951222222222,10000.0,1,1,,0
141,La Paz,MEXICO,M&Eacute;XICO#MEXICO,24.072222222222223,-110.3625,24716.0,0,11,0.30028281631764836,0
142,Las Vegas,UNITED STATES,USA,36.08036111111111,-115.15233333333335,623747.0,0,78,1.5417718243499008,0
143,Lima,PERU,PER&Uacute;#PERU,-12.0,-77.11666666666666,7737002.0,0,35,1.2336136385839012,0
144,London,UNITED KINGDOM,UNITED_KINGDOM,51.5,-0.11666666666666667,346765.0,0,240,1.4730505865384036,0
145,Loreto,MEXICO,M&Eacute;XICO#MEXICO,25.983333333333334,-111.35,24260.0,0,3,0.10957655710450794,0
146,Montego Bay,JAMAICA,JAMAICA,18.5,-77.91666666666667,82867.0,0,30,1.0540753277304853,0
147,Merced,UNITED STATES,USA,37.28472861111111,-120.51388583333333,82436.0,0,2,0.11154227750106978,0
148,Memphis,UNITED STATES,USA,35.04241666666667,-89.97666666666667,633104.0,0,78,0.5788386197881938,0
149,Mexico City,MEXICO,M&Eacute;XICO#MEXICO,19.435277777777777,-99.07222222222222,12294193.0,0,81,0.7877249857988734,0
150,Medford,UNITED STATES,USA,42.374227777777776,-122.87349777777779,57403.0,0,4,0.24930288371118486,0
151,Miami,UNITED STATES,USA,25.79325,-80.29055555555556,441003.0,0,110,1.4371301493616462,0
152,Milan,ITALY,ITALY,45.47,9.2,1371498.0,0,129,0.8437412710022941,0
153,Kansas City,UNITED STATES,USA,39.12324111111111,-94.592735,151306.0,0,59,0.9713944738092146,0
154,Milwaukee,UNITED STATES,USA,42.94722222222222,-87.89658333333334,600155.0,0,50,0.5940937481495728,0
155,Morelia,MEXICO,M&Eacute;XICO#MEXICO,19.849444444444444,-101.02708222222223,743275.0,0,14,1.1287929323698718,0
156,Moscow,RUSSIA,RUSSIA,55.66,37.52,10381222.0,0,179,1.322045383840947,0
157,Monterey,UNITED STATES,USA,36.5869825,-121.84294777777778,28338.0,0,3,0.20052967069623634,0
158,Minneapolis/St Paul,UNITED STATES,USA,44.88054694444445,-93.21692250000001,10000.0,1,115,1.0052939521823536,0
159,New Orleans,UNITED STATES,USA,29.993388888888887,-90.25802777777778,389617.0,0,42,1.0039467591136975,0
160,Mazatlan,MEXICO,M&Eacute;XICO#MEXICO,23.161499999999997,-106.2645,10000.0,1,16,0.6436135680176001,0
161,Omaha,UNITED STATES,USA,41.302518611111104,-95.89417305555556,486051.0,0,19,0.7956574037456173,0
162,Ontario,UNITED STATES,USA,34.056000000000004,-117.60119444444445,171214.0,0,20,0.9627581599419484,0
163,Orlando,UNITED STATES,USA,28.545472222222223,-81.33294444444444,307573.0,0,85,1.3061373168068713,0
164,Oxnard/Ventura,UNITED STATES,USA,34.20080083333333,-119.20721638888888,10000.0,1,1,,0
165,Paris,FRANCE,FRANCE,48.833333333333336,2.3333333333333335,2138551.0,0,248,1.1387639311325397,0
166,Philadelphia,UNITED STATES,USA,39.87195277777778,-75.24114083333333,1576251.0,0,100,0.7010070196823526,0
167,Pittsburgh,UNITED STATES,USA,40.491465833333336,-80.23287083333334,304391.0,0,113,0.4632572435504649,0
168,Palm Springs,UNITED STATES,USA,33.82966694444444,-116.50669500000001,22341.0,0,11,0.9767666258872559,0
169,Panama City,PANAMA,PANAMA,9.05,-79.38333333333334,38286.0,0,42,0.6907509959646272,0
170,Puerto Vallarta,MEXICO,M&Eacute;XICO#MEXICO,20.68,-105.25361111111111,203342.0,0,14,1.1750318491724163,0
171,Reno,UNITED STATES,USA,39.49857611111111,-119.76806472222222,241445.0,0,17,0.48635371097496993,0
172,Sacramento,UNITED STATES,USA,38.51252388888889,-121.49346888888887,16982.0,0,21,0.7672274602129893,0
173,San Salvador,EL SALVADOR,EL_SALVADOR,13.7,-89.11666666666666,525990.0,0,15,0.7752248793253455,0
174,San Diego,UNITED STATES,USA,32.73355611111111,-117.18965666666666,18531.0,0,36,1.7393705556679842,0
175,Sao Paulo,BRAZIL,BRAZIL,-23.633333333333333,-46.65,10000.0,1,80,0.9137998852834122,0
176,San Antonio,UNITED STATES,USA,29.533694444444446,-98.46977777777778,85651.0,0,27,1.0488791313524795,0
177,Santa Barbara,UNITED STATES,USA,34.42621194444445,-119.84037333333333,15445.0,0,6,0.2631833876154502,0
178,St George,UNITED STATES,USA,37.090583333333335,-113.59305555555555,10000.0,1,2,0.26141685658135283,0
179,San Jose Cabo,MEXICO,M&Eacute;XICO#MEXICO,23.156388888888888,-109.7225,10000.0,1,14,1.1853356059634927,0
180,San Juan,PUERTO RICO,PUERTO_RICO,18.439416666666666,-66.00183333333334,109123.0,0,53,1.3578065741698442,0
181,Salt Lake City,UNITED STATES,USA,40.78838777777778,-111.97777305555555,192672.0,0,66,0.7511523754607061,0
182,Santa Maria,UNITED STATES,USA,34.898916666666665,-120.45744444444445,283677.0,0,1,,0
183,Santa Ana,UNITED STATES,USA,33.675666666666665,-117.86822222222222,25145.0,0,20,1.1417137890108606,0
184,Stockholm,SWEDEN,SWEDEN,59.345,17.740555555555556,1515017.0,0,100,0.6108276589477251,0
185,Santa Rosa,UNITED STATES,USA,38.50897694444444,-122.81288027777778,102860.0,0,2,0.13965009387603253,0
186,Tijuana,MEXICO,M&Eacute;XICO#MEXICO,32.53333333333333,-116.98333333333333,1922523.0,0,22,1.689595990676664,0
187,Tampa,UNITED STATES,USA,27.975472222222223,-82.53325000000001,384959.0,0,56,1.141931648141775,0
188,Torreon,MEXICO,M&Eacute;XICO#MEXICO,25.56833333333333,-103.41,10000.0,1,11,0.3983496256661153,0
189,Tulsa,UNITED STATES,USA,36.198372222222226,-95.88824166666666,413066.0,0,15,0.7324949432150303,0
190,Tucson,UNITED STATES,USA,32.11608333333333,-110.94102777777778,531641.0,0,17,0.7425760680301748,0
191,Visalia,UNITED STATES,USA,36.318666666666665,-119.39288888888889,130104.0,0,2,0.08414960618104783,0
192,Washington,UNITED STATES,USA,38.88666666666666,-76.97527777777778,53526.0,0,111,0.7414352230764722,0
193,Montreal,CANADA,CANADA,45.679722222222225,-74.03861111111111,10000.0,1,68,1.0785731931133022,0
194,Yuma,UNITED STATES,USA,32.65658333333333,-114.60597222222222,94139.0,0,2,0.15826470538939044,0
195,Ixtapa/zihuatanejo,MEXICO,M&Eacute;XICO#MEXICO,17.6,-101.48333333333333,10000.0,1,5,0.9652156743198451,0
196,Manzanillo,MEXICO,M&Eacute;XICO#MEXICO,19.14455611111111,-104.55780611111112,128188.0,0,3,0.3020022576846812,0
197,Zurich,SWITZERLAND,SWITZERLAND,47.458333333333336,8.548055555555555,10000.0,1,143,1.0172370901714678,0
198,Mexicali,MEXICO,M&Eacute;XICO#MEXICO,32.61666666666667,-115.26666666666667,1032686.0,0,6,1.1943997306719216,0
199,Shanghai,CHINA,CHINA,31.2,121.43333333333334,22315474.0,0,75,0.9537559415544701,0
200,Zacatecas,MEXICO,M&Eacute;XICO#MEXICO,22.897111111111112,-102.68688888888889,129011.0,0,8,0.8463793018240947,0
201,Ile des Pins,NEW CALEDONIA,NEW_CALEDONIA,-22.6,167.45,10000.0,1,1,,0
202,Kone,NEW CALEDONIA,NEW_CALEDONIA,-21.05,164.83333333333334,10000.0,1,3,0.30873743829753736,0
203,Koumac,NEW CALEDONIA,NEW_CALEDONIA,-20.55,164.28333333333333,10000.0,1,4,0.5587596252863191,0
204,Lifou,NEW CALEDONIA,NEW_CALEDONIA,-20.766666666666666,167.23333333333332,10000.0,1,4,0.4716128748352579,0
205,Mare,NEW CALEDONIA,NEW_CALEDONIA,-21.483333333333334,168.03333333333333,10000.0,1,3,0.5995362227572562,0
206,Tiga,NEW CALEDONIA,NEW_CALEDONIA,-21.116666666666667,167.8,10000.0,1,3,0.3585545906676055,0
207,Touho,NEW CALEDONIA,NEW_CALEDONIA,-20.8,165.25,10000.0,1,3,0.40393640502042616,0
208,Ouvea,NEW CALEDONIA,NEW_CALEDONIA,-20.65,166.58333333333334,10000.0,1,2,0.43646805926757337,0
209,Asahikawa,JAPAN,JAPAN,43.666666666666664,142.45,333530.0,0,3,0.5300067279529851,0
210,Aomori,JAPAN,JAPAN,40.733333333333334,140.7,298394.0,0,7,0.6182626506031013,0
211,Amami O Shima,JAPAN,JAPAN,28.416666666666668,129.7,10000.0,1,7,0.23383830813814013,0
212,Akita,JAPAN,JAPAN,39.61666666666667,140.21666666666667,305625.0,0,4,0.32205199095901615,0
213,Bangkok,THAILAND,THAILAND,13.916666666666666,100.6,5104476.0,0,97,1.8834956427899392,0
214,Mumbai,INDIA,INDIA,19.116666666666667,72.85,12691836.0,0,64,0.7919387188465122,0
215,Cairo,EGYPT,EGYPT,30.121944444444445,31.405555555555555,9606916.0,0,79,1.3593424705638517,0
216,Cebu,PHILIPPINES,PHILIPPINES,10.33,123.9,10000.0,1,16,0.20056597864494194,0
217,Cheju,SOUTH KOREA,SOUTH_KOREA,33.5,126.55,10000.0,1,17,0.2364656383973037,0
218,Dalian,CHINA,CHINA,38.9,121.63333333333334,4913879.0,0,33,0.8120763518338978,0
219,Fukushima,JAPAN,JAPAN,37.23,140.43,294237.0,0,6,0.8885306428235283,0
220,Yamagata,JAPAN,JAPAN,38.4,140.38333333333333,248772.0,0,4,0.30995465278989703,0
221,Hakodate,JAPAN,JAPAN,41.766666666666666,140.81666666666666,275730.0,0,6,0.4086639953076612,0
222,Morioka,JAPAN,JAPAN,39.43333333333333,141.13333333333333,290700.0,0,5,0.6440150797639921,0
223,Ishigaki,JAPAN,JAPAN,24.333333333333332,124.16666666666667,44802.0,0,10,0.6362918998775658,0
224,Istanbul,TURKEY,TURKEY,40.97666666666667,28.815277777777776,14804116.0,0,112,0.9984057331569179,0
225,Iwami,JAPAN,JAPAN,34.666666666666664,131.8,10000.0,1,2,0.22483147667981276,0
226,Izumo,JAPAN,JAPAN,35.416666666666664,132.88333333333333,172039.0,0,5,0.1898642318138796,0
227,Jakarta,INDONESIA,INDONESIA,-6.15,106.85,8540121.0,0,38,0.6526531709463372,0
228,Kochi,JAPAN,JAPAN,33.53333333333333,133.68333333333334,332059.0,0,6,0.380990776202512,0
229,Kaohsiung,TAIWAN,TAIWAN,22.566666666666666,120.35,1519711.0,0,18,0.5610962687760335,0
230,Kunming,CHINA,CHINA,24.983333333333334,102.73333333333333,3855346.0,0,41,1.014998444932843,0
231,Miyazaki,JAPAN,JAPAN,31.866666666666667,131.45,398215.0,0,9,0.32524328492775484,0
232,Kumamoto,JAPAN,JAPAN,32.833333333333336,130.85,738907.0,0,4,0.4242593828078162,0
233,Kagoshima,JAPAN,JAPAN,31.8,130.71666666666667,595049.0,0,21,0.3474907047738944,0
234,Kushiro,JAPAN,JAPAN,43.03333333333333,144.2,167875.0,0,4,0.631253050383608,0
235,Memambetsu,JAPAN,JAPAN,43.9,144.16666666666666,10000.0,1,4,0.6831238933145832,0
236,Matsumoto,JAPAN,JAPAN,36.166666666666664,137.91666666666666,239466.0,0,4,0.5552794587752752,0
237,Miyako Jima,JAPAN,JAPAN,24.783333333333335,125.3,10000.0,1,5,0.17824834079327465,0
238,Misawa,JAPAN,JAPAN,40.7,141.38333333333333,42805.0,0,3,0.3561028674156183,0
239,Matsuyama,JAPAN,JAPAN,33.81666666666667,132.7,509835.0,0,10,0.3987265153210989,0
240,Nagasaki,JAPAN,JAPAN,32.916666666666664,129.91666666666666,407624.0,0,10,0.41377094838478135,0
241,Obihiro,JAPAN,JAPAN,42.88333333333333,143.21666666666667,165851.0,0,3,0.5089406848361333,0
242,Oita,JAPAN,JAPAN,33.483333333333334,131.73333333333332,10000.0,1,5,0.37731451076511036,0
243,Okinawa,JAPAN,JAPAN,26.2,127.65,125483.0,0,34,0.7942156700057158,0
244,Oki Island,JAPAN,JAPAN,36.166666666666664,133.31666666666666,10000.0,1,2,0.1035002682761702,0
245,Langkawi,MALAYSIA,MALAYSIA,6.333333333333333,99.73333333333333,10000.0,1,6,0.2038691680685677,0
246,Penang,MALAYSIA,MALAYSIA,5.3,100.28333333333333,10000.0,1,14,0.7123544698514329,0
247,Pusan,SOUTH KOREA,SOUTH_KOREA,35.166666666666664,128.93333333333334,10000.0,1,19,0.49178397142582014,0
248,Ho Chi Minh City,VIETNAM,"VI&Ecirc;T_NAM#VIET_NAM,VIETNAM",10.816666666666666,106.66666666666667,8993082.0,0,28,0.5016316254922867,0
249,Shenyang,CHINA,CHINA,41.78333333333333,123.5,7050000.0,0,28,0.9638144626510241,0
250,Saipan,MARIANA ISLANDS,MARIANA_ISLANDS,15.119001388888888,145.72935611111112,48220.0,0,6,1.2314248214768948,0
251,Shonai,JAPAN,JAPAN,38.81666666666667,139.78333333333333,20940.0,0,3,0.29111466278385767,0
252,Takamatsu,JAPAN,JAPAN,34.21666666666667,134.01666666666668,418994.0,0,8,0.5212095928510379,0
253,Qingdao,CHINA,CHINA,36.06666666666667,120.36666666666666,7172451.0,0,33,0.8096849534798624,0
254,Tokushima,JAPAN,JAPAN,34.13333333333333,134.6,267345.0,0,3,0.22719392030460056,0
255,Tanegashima,JAPAN,JAPAN,30.55,130.95,10000.0,1,2,0.3016761189308784,0
256,Tianjin,CHINA,CHINA,39.13333333333333,117.35,11090314.0,0,25,1.1046798043650428,0
257,Ulaanbaatar,MONGOLIA,MONGOLIA,47.85,106.76666666666667,10000.0,1,11,0.8933863441382045,0
258,Vienna,AUSTRIA,AUSTRIA,48.110277777777775,16.56972222222222,1691468.0,0,115,0.6867031463644504,0
259,Xiamen,CHINA,CHINA,24.533333333333335,118.11666666666666,4617251.0,0,36,0.7169907267392539,0
260,Aitutaki,COOK ISLANDS,COOK_ISLANDS,-18.85,-159.75,10000.0,1,1,,0
261,Atiu Island,COOK ISLANDS,COOK_ISLANDS,-20.033333333333335,-158.1,10000.0,1,2,0.11698075120651345,0
262,Mangaia Island,COOK ISLANDS,COOK_ISLANDS,-21.92,-157.9,10000.0,1,1,,0
263,Manihiki Island,COOK ISLANDS,COOK_ISLANDS,-10.366666666666667,-161.0,10000.0,1,1,,0
264,Mitiaro Island,COOK ISLANDS,COOK_ISLANDS,-19.816666666666666,-157.7,10000.0,1,3,0.042435730832074046,0
265,Mauke Island,COOK ISLANDS,COOK_ISLANDS,-20.15,-157.4,10000.0,1,2,0.1416862092660151,0
266,Penrhyn Island,COOK ISLANDS,COOK_ISLANDS,-9.016666666666667,-158.0,10000.0,1,1,,0
267,Maupiti Island,FRENCH POLYNESIA,FRENCH_POLYNESIA,-16.43,-152.3,10000.0,1,1,,0
268,Takapoto,FRENCH POLYNESIA,FRENCH_POLYNESIA,-15.45,-145.1,10000.0,1,1,,0
269,Kota Kinabalu,MALAYSIA,MALAYSIA,5.933333333333334,116.05,500421.0,0,23,0.2969692885232526,0
270,Brussels,BELGIUM,BELGIUM,50.90138888888889,4.484444444444445,1019022.0,0,135,1.173629024682832,0
271,Colombo,SRI LANKA,SRI_LANKA,7.183333333333334,79.88333333333334,246540.0,0,32,1.8962284085322139,0
272,Copenhagen,DENMARK,DENMARK,55.61805555555556,12.65611111111111,1153615.0,0,107,0.6470469162886968,0
273,Delhi,INDIA,INDIA,28.566666666666666,77.11666666666666,10927986.0,0,63,0.8407222658706471,0
274,Hachijo Jima,JAPAN,JAPAN,33.11666666666667,139.8,10000.0,1,1,,0
275,Helsinki,FINLAND,FINLAND,60.31722222222222,24.963333333333335,658864.0,0,64,0.5867747945931353,0
276,Kita Kyushu,JAPAN,JAPAN,33.833333333333336,130.95,10000.0,1,1,,0
277,Komatsu,JAPAN,JAPAN,34.0,134.63333333333333,108509.0,0,7,0.620547894601011,0
278,Monbetsu,JAPAN,JAPAN,44.25,143.53333333333333,10000.0,1,2,0.401395873245958,0
279,Miyake Jima,JAPAN,JAPAN,34.06666666666667,139.56666666666666,10000.0,1,1,,0
280,Oshima,JAPAN,JAPAN,34.78333333333333,139.36666666666667,10000.0,1,1,,0
281,Okayama,JAPAN,JAPAN,34.75,133.85,720841.0,0,9,0.5812448988306194,0
282,Rome,ITALY,ITALY,41.95194444444444,12.500833333333333,2318895.0,0,134,1.1544587994379176,0
283,Nakashibetsu,JAPAN,JAPAN,43.56666666666667,144.96666666666667,24014.0,0,2,0.41386511440747165,0
284,Nanki Shirahama,JAPAN,JAPAN,33.666666666666664,135.35,10000.0,1,1,,0
285,Xi An,CHINA,CHINA,34.266666666666666,108.9,10000.0,1,38,0.8368970291821927,0
286,Tehran,IRAN,IRAN,35.68333333333333,51.35,7153309.0,0,55,0.870739042700073,0
287,Toyama,JAPAN,JAPAN,36.65,137.18333333333334,415844.0,0,6,0.6624612500136369,0
288,Tottori,JAPAN,JAPAN,35.53333333333333,134.16666666666666,154098.0,0,1,,0
289,Phuket,THAILAND,THAILAND,8.116666666666667,98.31666666666666,79308.0,0,20,1.1223886675971813,0
290,Ube,JAPAN,JAPAN,33.93333333333333,131.26666666666668,173733.0,0,2,0.7000217085447483,0
291,Wakkanai,JAPAN,JAPAN,45.4,141.81666666666666,33869.0,0,4,0.1148851064505809,0
292,Yonago,JAPAN,JAPAN,35.483333333333334,133.25,148720.0,0,1,,0
293,Futuna,WALLIS AND FUTUNA ISLANDS,WALLIS_AND_FUTUNA_ISLANDS,-14.316666666666666,-178.11666666666667,10000.0,1,1,,0
294,Maota Savail Is,SAMOA,SAMOA,-13.74,-172.3,10000.0,1,3,0.07566154533981738,0
295,Adelaide,AUSTRALIA,AUSTRALIA,-34.94638888888889,138.52944444444444,1387290.0,0,23,0.4804512922212721,0
296,Armidale,AUSTRALIA,AUSTRALIA,-30.53,151.6175,24504.0,0,5,0.09481049870990534,0
297,Bundaberg,AUSTRALIA,AUSTRALIA,-24.9,152.32,50148.0,0,5,0.22937249976609247,0
298,Blackall,AUSTRALIA,AUSTRALIA,-24.426666666666666,145.42333333333335,10000.0,1,3,0.16184487874496747,0
299,Blackwater,AUSTRALIA,AUSTRALIA,-23.6,148.81666666666666,10000.0,1,2,0.3024471460511648,0
300,Barcaldine,AUSTRALIA,AUSTRALIA,-23.67,145.33,10000.0,1,3,0.11150194673125816,0
301,Ballina,AUSTRALIA,AUSTRALIA,-28.87,153.55,10000.0,1,5,0.19234547097485108,0
302,Bandar Seri Begawan,BRUNEI,BRUNEI,4.95,114.93333333333334,64409.0,0,19,0.66967987011173,0
303,Canberra,AUSTRALIA,AUSTRALIA,-35.30833333333333,149.1938888888889,367752.0,0,6,0.38757158236122285,0
304,Coffs Harbour,AUSTRALIA,AUSTRALIA,-30.333333333333332,153.11666666666667,26672.0,0,7,0.29157121922294177,0
305,Charleville,AUSTRALIA,AUSTRALIA,-26.413333333333334,146.26166666666666,10000.0,1,3,0.2383694728048614,0
306,Darwin,AUSTRALIA,AUSTRALIA,-12.41611111111111,130.87555555555556,147255.0,0,23,0.6036694626726197,0
307,Emerald,AUSTRALIA,AUSTRALIA,-23.63,148.13,10000.0,1,2,0.32442389585670994,0
308,Gladstone,AUSTRALIA,AUSTRALIA,-23.871388888888887,151.22166666666666,30489.0,0,3,0.17233665707693502,0
309,Honiara,SOLOMON ISLANDS,SOLOMON_ISLANDS,-9.416666666666666,160.05,56298.0,0,16,0.5536471233879835,0
310,Hamilton Island,AUSTRALIA,AUSTRALIA,-20.35,148.97,10000.0,1,6,0.6370493578570829,0
311,Hervey Bay,AUSTRALIA,AUSTRALIA,-25.0,153.0,52230.0,0,3,0.07502082356886969,0
312,Nauru Island,NAURU,NAURU,-0.5666666666666667,166.91666666666666,10000.0,1,4,1.422667694303673,0
313,Mount Isa,AUSTRALIA,AUSTRALIA,-20.665277777777778,139.4875,22785.0,0,5,0.8705411761941672,0
314,Lord Howe Island,AUSTRALIA,AUSTRALIA,-31.516666666666666,159.06666666666666,10000.0,1,2,0.5492637430728434,0
315,Longreach,AUSTRALIA,AUSTRALIA,-23.43722222222222,144.27722222222224,10000.0,1,4,0.18479596755512992,0
316,Maryborough,AUSTRALIA,AUSTRALIA,-25.515,152.71416666666667,15479.0,0,3,0.13029902857818826,0
317,Sunshine Coast,AUSTRALIA,AUSTRALIA,-26.604166666666668,153.09,10000.0,1,5,0.15096193706929453,0
318,Mackay,AUSTRALIA,AUSTRALIA,-21.173055555555557,149.1786111111111,123183.0,0,4,0.34050393034047916,0
319,Moree,AUSTRALIA,AUSTRALIA,-29.500555555555554,149.84527777777777,10000.0,1,4,0.29796594338233573,0
320,Newcastle,AUSTRALIA,AUSTRALIA,-32.79638888888889,151.83333333333334,348539.0,0,9,0.41516732264635386,0
321,Gold Coast,AUSTRALIA,AUSTRALIA,-28.16611111111111,153.5036111111111,640778.0,0,7,0.6140512470837125,0
322,Port Moresby,PAPUA NEW GUINEA,PAPUA_NEW_GUINEA,-9.45,147.21666666666667,283733.0,0,36,0.6375284735139518,0
323,Proserpine,AUSTRALIA,AUSTRALIA,-20.496666666666666,148.55138888888888,10000.0,1,1,,0
324,Port Macquarie,AUSTRALIA,AUSTRALIA,-31.433333333333334,152.86666666666667,45692.0,0,6,0.17018041146174898,0
325,Roma,AUSTRALIA,AUSTRALIA,-26.541666666666668,148.775,10000.0,1,2,0.3286514390036416,0
326,Rockhampton,AUSTRALIA,AUSTRALIA,-23.383333333333333,150.47416666666666,78592.0,0,5,0.11194019329840771,0
327,Thangool,AUSTRALIA,AUSTRALIA,-24.5,150.575,10000.0,1,1,,0
328,Townsville,AUSTRALIA,AUSTRALIA,-19.254166666666666,146.76416666666665,180820.0,0,7,0.3687321809671632,0
329,Toowoomba,AUSTRALIA,AUSTRALIA,-27.55,151.91666666666666,140303.0,0,3,0.30482253206218657,0
330,San Rafael,ARGENTINA,ARGENTINA,-34.583333333333336,-68.4,118009.0,0,2,0.4536195134158083,0
331,Paso de Los Libres,ARGENTINA,ARGENTINA,-29.683333333333334,-57.15,10000.0,1,1,,0
332,Asuncion,PARAGUAY,PARAGUAY,-25.266666666666666,-57.63333333333333,10000.0,1,7,0.7722250714051567,0
333,Aruba,NETHERLANDS ANTILLES,NETHERLANDS_ANTILLES,12.5,-70.01666666666667,10000.0,1,23,0.6540699662850794,0
334,Bahia Blanca,ARGENTINA,ARGENTINA,-38.71666666666667,-62.15,10000.0,1,4,0.43951208740250985,0
335,Bogota,COLOMBIA,COLOMBIA,4.7,-74.15,10000.0,1,49,0.6040640838706205,0
336,San Carlos de Bariloche,ARGENTINA,ARGENTINA,-41.15,-71.16666666666667,95394.0,0,9,0.29942349259933504,0
337,Ciego de Avila,CUBA,CUBA,21.783333333333335,-78.78333333333333,10000.0,1,7,4.061666880498594,0
338,Camaguey,AUSTRALIA,AUSTRALIA,-19.916666666666668,138.13333333333333,10000.0,1,3,8.616554574437549,0
339,Corrientes,ARGENTINA,ARGENTINA,-27.45,-58.766666666666666,346334.0,0,2,0.3799946613819446,0
340,Concordia,ARGENTINA,ARGENTINA,-31.3,-58.0,145210.0,0,1,,0
341,Cordoba,ARGENTINA,ARGENTINA,-31.316666666666666,-64.2,10000.0,1,19,0.5844666752012632,0
342,San Martin de Los Andes,ARGENTINA,ARGENTINA,-40.083333333333336,-71.13333333333334,10000.0,1,4,0.7445995982553346,0
343,Cape Town,SOUTH AFRICA,SOUTH_AFRICA,-33.967777777777776,18.60527777777778,4710000.0,0,19,0.77204160750631,0
344,Comodoro Rivadavia,ARGENTINA,ARGENTINA,-45.78333333333333,-67.46666666666667,140850.0,0,11,0.4507433242441236,0
345,Catamarca,ARGENTINA,ARGENTINA,-28.616666666666667,-65.78333333333333,159139.0,0,3,0.3083132769574984,0
346,Cayo Largo del Sur,CUBA,CUBA,21.616666666666667,-81.55,10000.0,1,4,4.050342058710051,0
347,Florianopolis,BRAZIL,BRAZIL,-27.666666666666668,-48.55,10000.0,1,8,0.31823394054302506,0
348,Formosa,ARGENTINA,ARGENTINA,-26.2,-58.233333333333334,222226.0,0,2,0.4357149684031591,0
349,General Pico,ARGENTINA,ARGENTINA,-35.7,-63.75,57029.0,0,2,0.23280456082693105,0
350,Havana,CUBA,CUBA,22.983333333333334,-82.4,2163824.0,0,50,1.3798347863359401,0
351,Iguazu,ARGENTINA,ARGENTINA,-25.733333333333334,-54.46666666666667,10000.0,1,1,,0
352,La Rioja,ARGENTINA,ARGENTINA,-29.383333333333333,-66.81666666666666,178872.0,0,3,0.30262425685900374,0
353,Johannesburg,AUSTRALIA,AUSTRALIA,-30.3,115.0,5635127.0,0,84,5.142103220607959,0
354,Jujuy,ARGENTINA,ARGENTINA,-24.4,-65.08333333333333,10000.0,1,2,0.6054638267646254,0
355,San Luis,ARGENTINA,ARGENTINA,-33.28333333333333,-66.35,169947.0,0,3,0.19114290407856013,0
356,Madrid,SPAIN,SPAIN,40.47222222222222,-3.5605555555555557,85090.0,0,104,0.9803920800418096,0
357,Mar del Plata,ARGENTINA,ARGENTINA,-37.93333333333333,-57.583333333333336,593337.0,0,3,0.37998777558998875,0
358,Mendoza,ARGENTINA,ARGENTINA,-32.833333333333336,-68.8,114893.0,0,6,0.33715619361258486,0
359,Montevideo,URUGUAY,URUGUAY,-34.833333333333336,-56.0,1270737.0,0,10,0.9618256592198929,0
360,Necochea,ARGENTINA,ARGENTINA,-38.483333333333334,-58.8,73557.0,0,2,0.2272970250869206,0
361,Neuquen,ARGENTINA,ARGENTINA,-38.95,-68.15,10000.0,1,10,0.5930094411993513,0
362,Punta del Este,URUGUAY,URUGUAY,-34.916666666666664,-54.916666666666664,10000.0,1,2,0.17295016197299035,0
363,Puerto Madryn,ARGENTINA,ARGENTINA,-42.766666666666666,-65.05,64555.0,0,5,0.36027643495357425,0
364,Porto Alegre,BRAZIL,BRAZIL,-30.0,-51.166666666666664,1488252.0,0,18,0.46760079750473643,0
365,Parana,ARGENTINA,ARGENTINA,-31.783333333333335,-60.483333333333334,10000.0,1,7,0.32992796708990413,0
366,Posadas,ARGENTINA,ARGENTINA,-27.383333333333333,-55.96666666666667,305874.0,0,2,0.46387768522098516,0
367,Punta Cana,DOMINICAN REPUBLIC,DOMINICAN_REPUBLIC,18.566666666666666,-68.35,100023.0,0,26,3.833550816106385,0
368,Rio Cuarto,ARGENTINA,ARGENTINA,-33.166666666666664,-64.33333333333333,10000.0,1,1,,0
369,Trelew,ARGENTINA,ARGENTINA,-43.233333333333334,-65.31666666666666,97915.0,0,6,0.6762212161093469,0
370,Resistencia,ARGENTINA,ARGENTINA,-27.45,-59.05,290793.0,0,3,0.5927466715485249,0
371,Rio Grande,ARGENTINA,ARGENTINA,-53.78333333333333,-67.76666666666667,187838.0,0,3,0.23509089024500468,0
372,Rio Gallegos,ARGENTINA,ARGENTINA,-51.61666666666667,-69.33333333333333,10000.0,1,8,0.29370664140598635,0
373,Rio de Janeiro,BRAZIL,BRAZIL,-22.983333333333334,-43.36666666666667,6747815.0,0,29,1.2218037444961483,0
374,Rosario,ARGENTINA,ARGENTINA,-32.916666666666664,-60.78333333333333,948312.0,0,5,0.26359606802356755,0
375,Santa Rosa,ARGENTINA,ARGENTINA,-36.56666666666667,-64.26666666666667,102860.0,0,2,0.26153770408411814,0
376,Santiago del Estero,ARGENTINA,ARGENTINA,-27.766666666666666,-64.31666666666666,252192.0,0,1,,0
377,Santa Fe,ARGENTINA,ARGENTINA,-31.716666666666665,-60.81666666666667,391164.0,0,5,0.3328398345962228,0
378,Salta,ARGENTINA,ARGENTINA,-24.85,-65.46666666666667,520683.0,0,6,0.5134907845066861,0
379,Santa Cruz,BOLIVIA,BOLIVIA,-17.8,-63.166666666666664,27775.0,0,21,1.1605355612365988,0
380,Tandil,ARGENTINA,ARGENTINA,-37.233333333333334,-59.2,115877.0,0,3,0.12922375759098262,0
381,Tucuman,ARGENTINA,ARGENTINA,-26.833333333333332,-65.2,10000.0,1,4,0.6903401748723076,0
382,San Juan,ARGENTINA,ARGENTINA,-31.566666666666666,-68.41666666666667,109123.0,0,3,0.3736880807489905,0
383,Ushuaia,ARGENTINA,ARGENTINA,-54.81666666666667,-68.31666666666666,56825.0,0,4,0.7772565585008332,0
384,Viedma,ARGENTINA,ARGENTINA,-40.85,-63.016666666666666,48940.0,0,5,0.30941195076823835,0
385,Villa Mercedes,ARGENTINA,ARGENTINA,-33.63333333333333,-65.41666666666667,96781.0,0,2,0.2924021028176608,0
386,Varadero,CUBA,CUBA,23.133333333333333,-81.3,20000.0,0,14,4.487328740638738,0
387,Cochabamba,AUSTRALIA,AUSTRALIA,-31.333333333333332,149.26166666666666,841276.0,0,6,12.837103288418815,0
388,Esquel,ARGENTINA,ARGENTINA,-42.916666666666664,-71.15,28486.0,0,5,0.41153179604905127,0
389,Chatham Island,AUSTRALIA,AUSTRALIA,-20.044722222222223,146.27194444444444,10000.0,1,2,8.310339238799349,0
390,Dunedin,NEW ZEALAND,NEW_ZEALAND,-45.92805555555555,170.19833333333332,133300.0,0,3,0.7412084971811853,0
391,Hokitika,NEW ZEALAND,NEW_ZEALAND,-42.71055555555556,170.99194444444444,10000.0,1,1,,0
392,Invercargill,NEW ZEALAND,NEW_ZEALAND,-46.415,168.32,57000.0,0,2,0.4892802089099003,0
393,Mount Cook,NEW ZEALAND,NEW_ZEALAND,-43.765,170.1333,10000.0,1,4,0.33791532869046365,0
394,Alice Springs,AUSTRALIA,AUSTRALIA,-23.808333333333334,133.90083333333334,25186.0,0,9,1.1736023261500477,0
395,Aurukun Mission,AUSTRALIA,AUSTRALIA,-13.358333333333333,141.7263888888889,10000.0,1,1,,0
396,Ayers Rock,AUSTRALIA,AUSTRALIA,-25.186944444444446,130.9738888888889,10000.0,1,4,1.2337428865462239,0
397,Cooktown,AUSTRALIA,AUSTRALIA,-15.45,145.18,10000.0,1,1,,0
398,Coen,AUSTRALIA,AUSTRALIA,-13.78,143.12,10000.0,1,2,0.29857179321387534,0
399,Dunk Island,AUSTRALIA,AUSTRALIA,-17.933333333333334,146.16666666666666,10000.0,1,1,,0
400,Edward River,AUSTRALIA,AUSTRALIA,-14.9,141.62,10000.0,1,2,0.5306842769644328,0
401,Gove,AUSTRALIA,AUSTRALIA,-12.283333333333333,136.83333333333334,10000.0,1,5,0.23048032523947326,0
402,Groote Eylandt,AUSTRALIA,AUSTRALIA,-13.974722222222223,136.4597222222222,10000.0,1,4,0.48979170827388324,0
403,Lockhart River,AUSTRALIA,AUSTRALIA,-12.783333333333333,143.3,10000.0,1,2,0.34175265096190766,0
404,Karumba,AUSTRALIA,AUSTRALIA,-17.458333333333332,140.83333333333334,10000.0,1,3,0.23597627232412036,0
405,Kowanyama,AUSTRALIA,AUSTRALIA,-17.516666666666666,145.41666666666666,10000.0,1,2,0.3086040585324844,0
406,Lizard Island,AUSTRALIA,AUSTRALIA,-14.67,145.47,10000.0,1,1,,0
407,Misima Island,PAPUA NEW GUINEA,PAPUA_NEW_GUINEA,-10.683333333333334,152.83333333333334,10000.0,1,3,1.1489958154439304,0
408,Normanton,AUSTRALIA,AUSTRALIA,-17.685,141.06972222222223,10000.0,1,2,0.32105404127556547,0
409,Yorke Island,AUSTRALIA,AUSTRALIA,-9.733333333333333,143.41666666666666,10000.0,1,5,0.2595254898325577,0
410,Weipa,AUSTRALIA,AUSTRALIA,-12.683333333333334,141.88333333333333,10000.0,1,1,,0
411,Mataram,INDONESIA,INDONESIA,-8.57,116.1,429651.0,0,6,0.1147944363528447,0
412,Broome,AUSTRALIA,AUSTRALIA,-17.566666666666666,122.11666666666666,10000.0,1,8,0.5565160584778914,0
413,Bima,INDONESIA,INDONESIA,-8.55,118.7,155140.0,0,2,0.19257486428031514,0
414,Dili,EAST TIMOR,EAST_TIMOR,-8.566666666666666,125.56666666666666,150000.0,0,2,0.528407480952482,0
415,Yogyakarta,INDONESIA,INDONESIA,-7.783333333333333,110.43333333333334,373589.0,0,4,0.3478554141463246,0
416,Kupang,INDONESIA,INDONESIA,-10.183333333333334,123.66666666666667,442758.0,0,2,0.501627668648418,0
417,Surabaya,INDONESIA,INDONESIA,-7.366666666666666,112.76666666666667,2874314.0,0,15,0.35697764939341853,0
418,Ujung Pandang,INDONESIA,INDONESIA,-5.066666666666666,119.55,10000.0,1,11,0.41144195755092705,0
419,Bahrain,BAHRAIN,BAHRAIN,26.266666666666666,50.63333333333333,10000.0,1,43,1.1981796539424707,0
420,Zhengzhou,CHINA,CHINA,34.75,113.65,4253913.0,0,26,0.8156600877348268,0
421,Changchun,CHINA,CHINA,43.916666666666664,125.21666666666667,4714996.0,0,15,1.1700611517883956,0
422,Chongqing,CHINA,CHINA,29.583333333333332,106.5,7457599.0,0,39,0.9797779739971014,0
423,Changsha,CHINA,CHINA,28.166666666666668,113.08333333333333,3093980.0,0,29,0.6849616033377337,0
424,Chengdu,CHINA,CHINA,30.616666666666667,104.1,13568357.0,0,35,1.068446722972568,0
425,Dhaka,BANGLADESH,BANGLADESH,23.85,90.4,10356500.0,0,33,1.1533271333648933,0
426,Dubai,UNITED ARAB EMIRATES,UNITED_ARAB_EMIRATES,25.25275,55.36450000000001,3478300.0,0,97,1.6733208309047702,0
427,Fuzhou,CHINA,CHINA,26.083333333333332,119.28333333333333,1089888.0,0,27,0.6009778641884691,0
428,Haikou,CHINA,CHINA,19.983333333333334,110.35,112644.0,0,35,1.2378859699193914,0
429,Hanoi,VIETNAM,"VI&Ecirc;T_NAM#VIET_NAM,VIETNAM",21.016666666666666,105.8,8053663.0,0,15,0.4573150224545428,0
430,Hefei,CHINA,CHINA,31.783333333333335,117.3,5050000.0,0,20,0.6342948520718762,0
431,Hangzhou,CHINA,CHINA,30.233333333333334,120.16666666666667,9236032.0,0,26,0.9502478334256342,0
432,Harbin,CHINA,CHINA,46.02,126.58,5242897.0,0,21,1.1379080687404768,0
433,Nanchang,CHINA,CHINA,28.633333333333333,115.91666666666667,2357839.0,0,20,0.5480421733391894,0
434,Kathmandu,NEPAL,NEPAL,27.683333333333334,85.35,1442271.0,0,27,0.6842125197990796,0
435,Guiyang,CHINA,CHINA,26.583333333333332,106.71666666666667,3037159.0,0,21,0.7415295925273132,0
436,Guilin,CHINA,CHINA,25.35,110.3,1572300.0,0,24,0.7095217485463096,0
437,Mauritius,MAURITIUS,MAURITIUS,-20.433333333333334,57.68333333333333,10000.0,1,31,3.2611605562486052,0
438,Meixian,CHINA,CHINA,24.35,116.13,10000.0,1,2,0.17944430934569586,0
439,Ningbo,CHINA,CHINA,29.823333333333334,121.46333333333334,3731203.0,0,20,0.8475072412509723,0
440,Nanjing,CHINA,CHINA,32.083333333333336,118.8,9314685.0,0,27,0.8017171986283644,0
441,Nanning,CHINA,CHINA,22.816666666666666,108.08333333333333,3839800.0,0,16,0.5190002119969388,0
442,Phnom Penh,CAMBODIA,CAMBODIA,11.55,104.85,1573544.0,0,14,0.3064699412387113,0
443,Yangon,MYANMAR,MYANMAR,16.9,96.13333333333334,4477638.0,0,24,0.280725309571989,0
444,Shijiazhuang,CHINA,CHINA,38.27847222222222,114.69875,3938513.0,0,15,0.6495416867849264,0
445,Shantou,CHINA,CHINA,23.4,116.68333333333334,3838900.0,0,23,0.712975077092837,0
446,Sanya,GUATEMALA,GUATEMALA,16.516666666666666,-90.18333333333334,1031396.0,0,6,9.903111714262625,0
447,Tel Aviv,ISRAEL,ISRAEL,32.016666666666666,34.88333333333333,432892.0,0,68,1.606814825108905,0
448,Jinan,CHINA,CHINA,36.75,116.96666666666667,4335989.0,0,23,0.9200492083059649,0
449,Tunxi,CHINA,CHINA,29.73,118.3,10000.0,1,10,0.5903475789887576,0
450,Taiyuan,CHINA,CHINA,37.75,112.55,4303673.0,0,7,0.739164922530253,0
451,Urumqi,CHINA,CHINA,43.93333333333333,87.46666666666667,10000.0,1,24,1.2697529778242782,0
452,Wenzhou,CHINA,CHINA,28.0,121.67,2650000.0,0,23,0.8580903257584459,0
453,Wuhan,CHINA,CHINA,30.6,114.13333333333334,10392693.0,0,39,0.7437301123034982,0
454,Wuyishan,CANADA,CANADA,49.56666666666667,-119.65,137133.0,0,9,7.8955177355517066,0
455,Yantai,CHINA,CHINA,37.55,121.33333333333333,2227733.0,0,15,0.598021396217004,0
456,Zhanjiang,CHINA,CHINA,21.216666666666665,110.4,1400709.0,0,10,0.5720127204988567,0
457,Alor Setar,MALAYSIA,MALAYSIA,6.2,100.4,417800.0,0,1,,0
458,Abu Dhabi,UNITED ARAB EMIRATES,UNITED_ARAB_EMIRATES,24.432972222222222,54.65113888888889,1807000.0,0,59,1.4292787938963527,0
459,Beirut,LEBANON,LEBANON,33.81666666666667,35.483333333333334,1916100.0,0,42,1.2120885543537767,0
460,Chiang Mai,THAILAND,THAILAND,18.766666666666666,98.96666666666667,127240.0,0,13,0.19076856645569068,0
461,Doha,QATAR,QATAR,25.266666666666666,51.56666666666667,344939.0,0,33,1.084086540495566,0
462,Hat Yai,AUSTRALIA,AUSTRALIA,-21.316666666666666,138.3,191696.0,0,4,1.5965614755071906,0
463,Ipoh,MALAYSIA,MALAYSIA,4.566666666666666,101.1,840000.0,0,2,0.08814997462255875,0
464,Jeddah,SAUDI ARABIA,SAUDI_ARABIA,21.666666666666668,39.15,4697000.0,0,80,0.8887296391516242,0
465,Johor Bahru,MALAYSIA,MALAYSIA,1.6333333333333333,103.66666666666667,858118.0,0,7,0.3651001588428464,0
466,Kota Bharu,MALAYSIA,MALAYSIA,6.166666666666667,102.3,568900.0,0,1,,0
467,Kuching,MALAYSIA,MALAYSIA,1.4833333333333334,110.33333333333333,402738.0,0,12,0.3346669032748594,0
468,Karachi,PAKISTAN,PAKISTAN,24.9,67.15,11624219.0,0,46,0.7265953069931509,0
469,Kerteh,MALAYSIA,MALAYSIA,4.48,103.43,10000.0,1,1,,0
470,Kuantan,MALAYSIA,MALAYSIA,3.7666666666666666,103.21666666666667,548014.0,0,2,0.06897279946946902,0
471,Labuan,MALAYSIA,MALAYSIA,5.3,115.25,33576.0,0,4,0.07891203043627303,0
472,Chennai,INDIA,INDIA,13.0,80.18333333333334,4681087.0,0,28,0.6988918184594788,0
473,Manchester,UNITED KINGDOM,UNITED_KINGDOM,53.353611111111114,-2.274722222222222,395515.0,0,75,0.9144662721936441,0
474,Medan,INDONESIA,INDONESIA,3.57,98.68,2435252.0,0,9,0.17150755337477613,0
475,Male,MALDIVES,MALDIVES,4.183333333333334,73.53333333333333,103693.0,0,15,3.8846531781392257,0
476,Miri,MALAYSIA,MALAYSIA,4.333333333333333,113.98333333333333,300543.0,0,12,0.14875385454063317,0
477,Pangkor,MALAYSIA,MALAYSIA,4.22,100.55,10000.0,1,1,,0
478,Pekanbaru,INDONESIA,INDONESIA,0.4666666666666667,101.43333333333334,1085000.0,0,5,0.1631418607493276,0
479,Riyadh,SAUDI ARABIA,SAUDI_ARABIA,24.933333333333334,46.71666666666667,4205961.0,0,59,0.6338210982097441,0
480,Sibu,MALAYSIA,MALAYSIA,2.3417000000000003,111.8383,198239.0,0,6,0.1753547645147798,0
481,Tashkent,UZBEKHISTAN,UZBEKHISTAN,41.266666666666666,69.26666666666667,1978028.0,0,54,1.158092275879976,0
482,Kuala Terengganu,MALAYSIA,MALAYSIA,5.383333333333334,103.1,426500.0,0,1,,0
483,Tioman,MALAYSIA,MALAYSIA,2.8,104.16666666666667,10000.0,1,1,,0
484,Lahore,PAKISTAN,PAKISTAN,31.516666666666666,74.4,6310888.0,0,31,1.3655932422086596,0
485,Albury,AUSTRALIA,AUSTRALIA,-36.068888888888885,146.95638888888888,10000.0,1,5,0.20614687858829686,0
486,Devonport,AUSTRALIA,AUSTRALIA,-26.166666666666668,129.13333333333333,10000.0,1,1,,0
487,Flinders Island,AUSTRALIA,AUSTRALIA,-40.083333333333336,148.0,10000.0,1,3,0.2052128513684578,0
488,Hobart,AUSTRALIA,AUSTRALIA,-42.833333333333336,147.51666666666668,247086.0,0,3,0.42421311031421544,0
489,King Island,AUSTRALIA,AUSTRALIA,-39.88333333333333,143.88333333333333,10000.0,1,1,,0
490,Launceston,AUSTRALIA,AUSTRALIA,-41.55,147.21666666666667,87345.0,0,6,0.3666757586023464,0
491,Mount Gambier,AUSTRALIA,AUSTRALIA,-37.746944444444445,140.7838888888889,25030.0,0,3,0.2685561451722206,0
492,Merimbula,AUSTRALIA,AUSTRALIA,-36.916666666666664,149.88333333333333,10000.0,1,2,0.15297328839494545,0
493,Mildura,AUSTRALIA,AUSTRALIA,-34.23083333333334,142.08416666666668,32936.0,0,2,0.2919445436272344,0
494,Portland,AUSTRALIA,AUSTRALIA,-38.38333333333333,141.63333333333333,16116.0,0,2,0.1190577731617026,0
495,Traralgon,AUSTRALIA,AUSTRALIA,-38.2,146.53333333333333,24605.0,0,4,0.2649411814216889,0
496,Wagga Wagga,AUSTRALIA,AUSTRALIA,-35.16694444444445,147.46527777777777,10000.0,1,4,0.19108820436972232,0
497,Kandavu,FIJI,FIJI,-19.06111111111111,178.17305555555555,10000.0,1,2,0.1786571279083336,0
498,Labasa,FIJI,FIJI,-16.466666666666665,179.35,27949.0,0,3,0.2806485977729498,0
499,Mana Island,FIJI,FIJI,-17.66,177.12,10000.0,1,1,,0
500,Malololailai,FIJI,FIJI,-17.78,177.22,10000.0,1,1,,0
501,Suva,FIJI,FIJI,-18.05,178.56666666666666,77366.0,0,15,0.18003460114993355,0
502,Savusavu,FIJI,FIJI,-16.8,179.35,10000.0,1,3,0.23340897174629505,0
503,Tarawa,KIRIBATI,KIRIBATI,1.35,172.91666666666666,40311.0,0,3,0.5677313633281588,0
504,Taveuni,FIJI,FIJI,-16.7,-179.86666666666667,10000.0,1,5,0.48843234382749773,0
505,Albany,AUSTRALIA,AUSTRALIA,-34.95,117.8,33650.0,0,2,0.18213460723099392,0
506,Cocos Islands,AUSTRALIA,AUSTRALIA,-12.183333333333334,96.83333333333333,10000.0,1,2,0.9924461234952489,0
507,Carnarvon,AUSTRALIA,AUSTRALIA,-24.881944444444443,113.67083333333333,10000.0,1,2,0.23292586616194635,0
508,Esperance,AUSTRALIA,AUSTRALIA,-33.68,121.82,10000.0,1,2,0.23055346042805888,0
509,Geraldton,AUSTRALIA,AUSTRALIA,-24.7975,114.70611111111111,37648.0,0,4,0.16986043500912865,0
510,Argyle,AUSTRALIA,AUSTRALIA,-16.636944444444445,128.45833333333334,10000.0,1,2,0.67374567954769,0
511,Kalgoorlie,AUSTRALIA,AUSTRALIA,-30.79083333333333,121.46138888888889,10000.0,1,2,0.7472528353025537,0
512,Karratha,AUSTRALIA,AUSTRALIA,-20.71361111111111,116.77194444444444,10000.0,1,4,0.5215707102035482,0
513,Learmonth,AUSTRALIA,AUSTRALIA,-22.236666666666668,114.08722222222222,10000.0,1,3,0.5932448566503258,0
514,Leinster,AUSTRALIA,AUSTRALIA,-27.844722222222224,120.70138888888889,10000.0,1,2,0.18922528971741825,0
515,Leonora,AUSTRALIA,AUSTRALIA,-28.879444444444445,121.31333333333333,10000.0,1,3,0.06337863079304064,0
516,Laverton,AUSTRALIA,AUSTRALIA,-28.63,122.37,10000.0,1,2,0.20113477126281948,0
517,Meekatharra,AUSTRALIA,AUSTRALIA,-26.613055555555555,118.54638888888888,10000.0,1,2,0.19135419609922744,0
518,Mount Magnet,AUSTRALIA,AUSTRALIA,-28.1175,117.84027777777777,10000.0,1,1,,0
519,Margaret River,ANGOLA,ANGOLA,-6.033333333333333,15.116666666666667,10000.0,1,1,,0
520,Paraburdoo,AUSTRALIA,AUSTRALIA,-23.1725,117.745,10000.0,1,2,0.32411933239228174,0
521,Kununurra,AUSTRALIA,AUSTRALIA,-15.78,128.7075,10000.0,1,8,0.3565466402704837,0
522,Port Hedland,AUSTRALIA,AUSTRALIA,-20.383333333333333,118.63333333333334,10000.0,1,3,0.3157449719305773,0
523,Wiluna,AUSTRALIA,AUSTRALIA,-26.635277777777777,120.22083333333333,10000.0,1,2,0.20948736977823537,0
524,Newman,AUSTRALIA,AUSTRALIA,-23.419166666666666,119.8013888888889,10000.0,1,1,,0
525,Te Anau,NEW ZEALAND,NEW_ZEALAND,-45.416666666666664,167.73333333333332,10000.0,1,3,0.4986407921603561,0
526,Almaty,KAZAKHSTAN,KAZAKHSTAN,43.233333333333334,76.93333333333334,1977011.0,0,29,1.0886033934470845,0
527,Chinju,SOUTH KOREA,SOUTH_KOREA,35.25,128.38333333333333,307242.0,0,2,0.21730525279434093,0
528,Kangnung,SOUTH KOREA,SOUTH_KOREA,37.75,128.95,10000.0,1,2,0.1720246603905698,0
529,Khabarovsk,RUSSIA,RUSSIA,48.35,135.18333333333334,618150.0,0,15,0.8347517124267216,0
530,Krasnoyarsk,RUSSIA,RUSSIA,56.17305555555556,92.49333333333334,1090811.0,0,20,1.3985678574362974,0
531,Pohang,SOUTH KOREA,SOUTH_KOREA,35.983333333333334,129.41666666666666,500000.0,0,2,0.26551257216784874,0
532,Kunsan,SOUTH KOREA,SOUTH_KOREA,35.9,126.61666666666666,10000.0,1,2,0.17837147898090921,0
533,Kwangju,SOUTH KOREA,SOUTH_KOREA,35.11666666666667,126.81666666666666,10000.0,1,3,0.15996528046306513,0
534,Mokpo,SOUTH KOREA,SOUTH_KOREA,34.75,126.38333333333334,268402.0,0,3,0.19686387839107147,0
535,Novosibirsk,RUSSIA,RUSSIA,55.016666666666666,82.9,1612833.0,0,32,1.526345261101119,0
536,Yosu,SOUTH KOREA,SOUTH_KOREA,34.833333333333336,127.61666666666666,10000.0,1,2,0.19319733920339383,0
537,Sokcho,SOUTH KOREA,SOUTH_KOREA,38.13333333333333,128.6,89047.0,0,1,,0
538,Taegu,SOUTH KOREA,SOUTH_KOREA,35.9,128.65,10000.0,1,3,0.20492947028676933,0
539,Ulsan,SOUTH KOREA,SOUTH_KOREA,35.55,129.31666666666666,962865.0,0,2,0.2597859989368688,0
540,Yuzhno-Sakhalinsk,RUSSIA,RUSSIA,46.916666666666664,142.71666666666667,198973.0,0,7,0.6418849820799283,0
541,Vladivostok,RUSSIA,RUSSIA,43.21666666666667,131.66666666666666,604901.0,0,15,1.0137444193426508,0
542,Yechon,SOUTH KOREA,SOUTH_KOREA,36.63333333333333,128.35,10000.0,1,1,,0
543,Yanji,CHINA,CHINA,42.8858,129.4517,326957.0,0,4,0.37348014488028797,0
544,Athens,GREECE,GREECE,37.91888888888889,23.941111111111113,664046.0,0,93,0.685956118066013,0
545,Bangalore,INDIA,INDIA,12.95,77.66666666666667,10000.0,1,15,0.4233428435544708,0
546,Balikpapan,INDONESIA,INDONESIA,-1.27,116.9,695287.0,0,9,0.22181432847343768,0
547,Calcutta,INDIA,INDIA,22.65,88.45,10000.0,1,32,0.3941520861307026,0
548,Davao,PHILIPPINES,PHILIPPINES,7.133333333333334,125.65,1776949.0,0,5,0.15826985637816093,0
549,Hyderabad,INDIA,INDIA,17.45,78.46666666666667,1386330.0,0,12,0.4149307601211327,0
550,Krabi,THAILAND,THAILAND,8.066666666666666,98.91666666666667,31219.0,0,3,0.20417246058431657,0
551,Kuwait,KUWAIT,KUWAIT,29.216666666666665,47.96666666666667,10000.0,1,46,1.0692048011019986,0
552,Manado,INDONESIA,INDONESIA,1.5333333333333334,124.93333333333334,451916.0,0,7,0.4315081492802145,0
553,Padang,INDONESIA,INDONESIA,-0.8833333333333333,100.35,909040.0,0,5,0.18810864212535203,0
554,St Denis de la Reunion,REUNION,REUNION,-20.883333333333333,55.53333333333333,10000.0,1,13,3.2045466960466156,0
555,Mahe Island,UNITED STATES,USA,34.84862888888889,-111.78846138888889,10000.0,1,13,5.957157539852827,0
556,Islamabad,PAKISTAN,PAKISTAN,33.61666666666667,73.1,601600.0,0,33,1.291181516074281,0
557,Siem Reap,CAMBODIA,CAMBODIA,13.4,103.85,139458.0,0,5,0.14384699412152577,0
558,Solo City,INDONESIA,INDONESIA,-7.866666666666666,110.91666666666667,10000.0,1,2,0.28562790959425693,0
559,Thiruvananthapuram,INDIA,INDIA,8.483333333333333,76.91666666666667,784153.0,0,12,1.0616937428602844,0
560,Koh Samui,THAILAND,THAILAND,9.55,100.05194444444444,10000.0,1,5,0.11227620755205753,0
561,Bathurst,AUSTRALIA,AUSTRALIA,-33.4003,149.6506,33110.0,0,3,0.14702879661773283,0
562,Casino,AUSTRALIA,AUSTRALIA,-28.88,153.07,10000.0,1,2,0.19978046156015444,0
563,Dubbo,AUSTRALIA,AUSTRALIA,-32.218333333333334,148.57638888888889,43516.0,0,9,0.4019649158379621,0
564,Mudgee,AUSTRALIA,AUSTRALIA,-32.78,149.17,10000.0,1,1,,0
565,Griffith,AUSTRALIA,AUSTRALIA,-34.25,146.07,18154.0,0,4,0.2639436838066457,0
566,Grafton,AUSTRALIA,AUSTRALIA,-29.760555555555555,153.0286111111111,16583.0,0,2,0.2872823830423556,0
567,Gunnedah,AUSTRALIA,AUSTRALIA,-30.95,150.23,10000.0,1,2,0.13880587069841094,0
568,Lismore,AUSTRALIA,AUSTRALIA,-28.831944444444446,153.2588888888889,10000.0,1,2,0.20330539493615107,0
569,Maitland,AUSTRALIA,AUSTRALIA,-32.70333333333333,151.49166666666667,67132.0,0,2,0.05590060857198804,0
570,Moruya,AUSTRALIA,AUSTRALIA,-35.9,150.13333333333333,10000.0,1,2,0.11552154983158486,0
571,Narrandera,AUSTRALIA,AUSTRALIA,-34.702777777777776,146.50833333333333,10000.0,1,2,0.21517488086671988,0
572,Orange,AUSTRALIA,AUSTRALIA,-33.38333333333333,149.13194444444446,38408.0,0,5,0.1914850750420149,0
573,Cooma,AUSTRALIA,AUSTRALIA,-36.3025,148.975,10000.0,1,1,,0
574,Parkes,AUSTRALIA,AUSTRALIA,-33.132777777777775,148.24027777777778,10000.0,1,4,0.1566075499120656,0
575,Narrabri,AUSTRALIA,AUSTRALIA,-30.320833333333333,149.82611111111112,10000.0,1,2,0.22047627185525953,0
576,Tamworth,AUSTRALIA,AUSTRALIA,-31.085277777777776,150.84555555555556,63920.0,0,5,0.24204229089010904,0
577,Taree,AUSTRALIA,AUSTRALIA,-31.891111111111112,152.50833333333333,16359.0,0,2,0.15455908854451722,0
578,Eua,TONGA,TONGA,-21.366666666666667,-174.9,10000.0,1,1,,0
579,Ha'apai,TONGA,TONGA,-19.8,-174.35,10000.0,1,2,0.19427102120006684,0
580,Vava'u,TONGA,TONGA,-18.65,-173.96666666666667,10000.0,1,3,0.4671899267599135,0
581,Chiayi,TAIWAN,TAIWAN,23.466666666666665,120.38333333333334,10000.0,1,3,0.09002000796744701,0
582,Hualien,TAIWAN,TAIWAN,24.033333333333335,121.61666666666666,10000.0,1,3,0.057103610480100264,0
583,Kinmen,TAIWAN,TAIWAN,24.433333333333334,118.36666666666666,10000.0,1,5,0.12568146004587546,0
584,Makung,TAIWAN,TAIWAN,23.583333333333332,119.61666666666666,10000.0,1,6,0.0551290524427673,0
585,Koror,PALAU,PALAU,7.367303333333334,134.54427777777778,10000.0,1,5,0.5950047750047555,0
586,Subic Bay,PHILIPPINES,PHILIPPINES,14.8,120.26666666666667,10000.0,1,2,0.4425644295624754,0
587,Tainan,TAIWAN,TAIWAN,22.95,120.2,771235.0,0,3,0.11289784230588192,0
588,Taitung,TAIWAN,TAIWAN,22.75,121.03333333333333,10000.0,1,5,0.07583891219858879,0
589,Taichung,TAIWAN,TAIWAN,24.183333333333334,120.65,1040725.0,0,6,0.07473866575843006,0
590,Dillons Bay,VANUATU,VANUATU,-18.766666666666666,169.0,10000.0,1,3,0.46493581677861784,0
591,Emae,VANUATU,VANUATU,-17.07,168.4,10000.0,1,2,0.24881364050032836,0
592,Ipota,VANUATU,VANUATU,-18.866666666666667,169.26666666666668,10000.0,1,4,0.3677500023053805,0
593,Lamen Bay,VANUATU,VANUATU,-16.583333333333332,168.15,10000.0,1,3,0.5315951291040003,0
594,Lonorore,VANUATU,VANUATU,-15.866666666666667,168.16666666666666,10000.0,1,4,0.9787099595787774,0
595,Longana,VANUATU,VANUATU,-15.37,167.95,10000.0,1,6,0.408985507946854,0
596,Lamap,VANUATU,VANUATU,-17.416666666666668,167.8,10000.0,1,2,0.5372618255032087,0
597,Norsup,VANUATU,VANUATU,-16.066666666666666,167.38333333333333,10000.0,1,7,0.5728698988440238,0
598,Espiritu Santo,VANUATU,VANUATU,-15.516666666666667,167.21666666666667,10000.0,1,9,0.6521014878857595,0
599,South West Bay,VANUATU,VANUATU,-16.49,167.44,10000.0,1,2,0.5162229118619572,0
600,Tanna,VANUATU,VANUATU,-19.516666666666666,169.25,10000.0,1,6,0.5659692166756434,0
601,Tongoa,VANUATU,VANUATU,-16.9,168.55,10000.0,1,2,0.30396536540897945,0
602,Craig Cove,VANUATU,VANUATU,-16.2,167.5,10000.0,1,5,0.5892066097420668,0
603,Timaru,NEW ZEALAND,NEW_ZEALAND,-44.303333333333335,171.225,28600.0,0,1,,0
604,Westport,NEW ZEALAND,NEW_ZEALAND,-41.738055555555555,171.58083333333335,26391.0,0,1,,0
605,Wanaka,TANZANIA,TANZANIA,-8.35,35.3,10000.0,1,1,,0
606,Allentown/Bethlehem/Easton,UNITED STATES,USA,40.652362777777775,-75.44040166666666,10000.0,1,13,0.5762235431638022,0
607,Albany,UNITED STATES,USA,31.535515,-84.19447333333333,33650.0,0,1,,0
608,Augusta,UNITED STATES,USA,33.36994444444444,-81.9645,30723.0,0,2,0.2467585866585394,0
609,Albany,UNITED STATES,USA,42.74811944444445,-73.80297861111112,33650.0,0,23,0.46835496738897886,0
610,Asheville,UNITED STATES,USA,35.436194444444446,-82.54180555555556,88512.0,0,5,0.30599644256142566,0
611,Bermuda,BERMUDA,BERMUDA,32.364,-64.6787,10000.0,1,8,1.0355122833843793,0
612,Birmingham,UNITED STATES,USA,33.56294305555556,-86.75354972222222,1144919.0,0,26,0.6206657760896684,0
613,Bloomington-Normal,UNITED STATES,USA,40.47798555555556,-88.91595277777778,10000.0,1,6,0.38403580474777577,0
614,Baton Rouge,UNITED STATES,USA,30.533160833333334,-91.14963444444444,228590.0,0,10,0.41244265521891516,0
615,Buffalo,UNITED STATES,USA,42.94052472222222,-78.73216666666666,16026.0,0,24,0.5671116371435566,0
616,Columbia,UNITED STATES,USA,33.93884,-81.11953944444444,99615.0,0,10,0.6300054215759817,0
617,Akron/Canton,UNITED STATES,USA,40.916311944444445,-81.44246555555556,10000.0,1,11,0.3782463459921287,0
618,Caracas,VENEZUELA,VENEZUELA,10.6,-66.98333333333333,3000000.0,0,53,0.5478100626573033,0
619,Chattanooga,UNITED STATES,USA,35.035268333333335,-85.20378777777778,181099.0,0,5,0.46057512305328413,0
620,Charleston,UNITED STATES,USA,32.898646388888885,-80.04050583333333,21196.0,0,14,0.9075038599611628,0
621,Corpus Christi,UNITED STATES,USA,27.77036111111111,-97.50122222222222,326586.0,0,4,0.32985587450047477,0
622,Charleston,UNITED STATES,USA,38.373147777777774,-81.59318944444445,21196.0,0,10,0.4490256667041359,0
623,Columbus,UNITED STATES,USA,32.516333333333336,-84.93886111111112,206922.0,0,4,0.36313294535541824,0
624,Cozumel,MEXICO,M&Eacute;XICO#MEXICO,20.524166666666666,-86.9263888888889,77236.0,0,6,1.0406226241216996,0
625,Daytona Beach,UNITED STATES,USA,29.179916666666667,-81.05805555555555,64736.0,0,2,0.6226950110941856,0
626,Dayton,UNITED STATES,USA,39.90237583333334,-84.219375,137644.0,0,18,0.5421869437357815,0
627,Dothan,UNITED STATES,USA,31.321339166666665,-85.44962888888888,68567.0,0,3,0.3073432458459357,0
628,Des Moines,UNITED STATES,USA,41.534933055555555,-93.66068222222222,210330.0,0,14,0.7940619851156523,0
629,Evansville,UNITED STATES,USA,38.03799138888889,-87.53062666666666,119943.0,0,10,0.39633015334904576,0
630,Fayetteville,UNITED STATES,USA,34.99147222222222,-78.88,82830.0,0,2,0.3899946421683447,0
631,Florence,UNITED STATES,USA,34.18536111111111,-79.7238888888889,367150.0,0,2,0.3236869834035016,0
632,Fort Myers,UNITED STATES,USA,26.58661111111111,-81.86325000000001,74013.0,0,26,1.326656804938928,0
633,Flint,UNITED STATES,USA,42.96550333333334,-83.7434563888889,26442.0,0,8,0.36363414903313473,0
634,Fort Wayne,UNITED STATES,USA,40.97846583333333,-85.19514638888889,260326.0,0,10,0.38274904430928547,0
635,Fayetteville,UNITED STATES,USA,36.005094722222225,-94.17005694444445,82830.0,0,7,0.41434952265554215,0
636,Grand Cayman Island,CAYMAN ISLANDS,CAYMAN_ISLANDS,19.3,-81.35,10000.0,1,12,0.7882163459590599,0
637,Gainesville,UNITED STATES,USA,29.690055555555556,-82.27177777777779,141085.0,0,2,0.6015042685066293,0
638,Gulfport/Biloxi,UNITED STATES,USA,30.40727777777778,-89.07011111111112,10000.0,1,8,0.6003858096365678,0
639,Grand Rapids,UNITED STATES,USA,42.880833333333335,-85.52280555555555,195097.0,0,19,0.4379161108357494,0
640,Greensboro/High Point,UNITED STATES,USA,36.097746944444445,-79.9372975,10000.0,1,17,0.5608335423357708,0
641,Greenville,UNITED STATES,USA,34.895667222222215,-82.21885833333334,16434.0,0,15,0.6970605131822962,0
642,Westchester County,UNITED STATES,USA,41.06695777777778,-73.70757444444443,10000.0,1,15,0.45023135008978843,0
643,Huntsville,UNITED STATES,USA,34.6404475,-86.77310944444443,19816.0,0,10,0.527731888382702,0
644,Huntington,UNITED STATES,USA,38.36666666666667,-82.55802777777778,48638.0,0,3,0.48210861133533156,0
645,Wichita,UNITED STATES,USA,37.64995888888888,-97.43304583333334,389965.0,0,11,0.6525328526064481,0
646,Wilmington,UNITED STATES,USA,34.27061111111111,-77.90255555555557,71948.0,0,4,0.4611246745119161,0
647,Long Island Macarthur,UNITED STATES,USA,40.79524250000001,-73.10021194444445,10000.0,1,16,0.8387533965109615,0
648,Jackson,UNITED STATES,USA,32.311166666666665,-90.0758888888889,170674.0,0,17,0.506600224705915,0
649,Jacksonville,UNITED STATES,USA,30.49405555555556,-81.6878611111111,28643.0,0,25,0.9125660020612586,0
650,Lexington,UNITED STATES,USA,38.036972222222225,-84.6053888888889,225366.0,0,9,0.5498298898617078,0
651,Little Rock,UNITED STATES,USA,34.72944444444445,-92.22430555555556,197992.0,0,14,0.519485458327759,0
652,Lynchburg,UNITED STATES,USA,37.32668527777777,-79.20043055555556,79812.0,0,4,0.3939918710741111,0
653,Macon,UNITED STATES,USA,32.69284944444445,-83.64921083333333,91351.0,0,2,0.15679672902134342,0
654,Meridian,UNITED STATES,USA,32.333133333333336,-88.75120555555556,39661.0,0,4,0.3973510810867953,0
655,Montgomery,UNITED STATES,USA,32.300644166666665,-86.39397611111112,200603.0,0,5,0.5720725237287309,0
656,Manchester,UNITED STATES,USA,42.93451638888889,-71.43705583333333,395515.0,0,15,0.8338010655035488,0
657,Merida,MEXICO,M&Eacute;XICO#MEXICO,20.93611111111111,-89.6575,10000.0,1,10,0.6308796032170829,0
658,Melbourne,UNITED STATES,USA,28.102749999999997,-80.64580555555557,4917750.0,0,4,0.686414053520746,0
659,Moline,UNITED STATES,USA,41.448526388888894,-90.50753916666667,42681.0,0,10,0.3611979213778112,0
660,Monroe,UNITED STATES,USA,32.510865555555554,-92.03768777777779,49598.0,0,12,0.44008161281714214,0
661,Mobile,UNITED STATES,USA,30.69141666666667,-88.24283333333334,194288.0,0,9,0.6365648074005889,0
662,Monterrey,MEXICO,M&Eacute;XICO#MEXICO,25.778333333333332,-100.10666666666667,1135512.0,0,28,0.5470416282724433,0
663,Munich,GERMANY,GERMANY,48.35388888888889,11.786111111111111,1260391.0,0,142,0.8242797476633142,0
664,Myrtle Beach,UNITED STATES,USA,33.67975,-78.92833333333333,31035.0,0,13,0.8646717539030473,0
665,Nassau,BAHAMAS,BAHAMAS,25.04083333333333,-77.47044333333334,227940.0,0,38,0.22659758760349785,0
666,Oklahoma City,UNITED STATES,USA,35.39308833333333,-97.6007338888889,681054.0,0,12,0.7040256800556448,0
667,Norfolk,UNITED STATES,USA,36.89461111111111,-76.20122222222223,246393.0,0,18,0.6027924600354151,0
668,Worcester,UNITED STATES,USA,42.267339444444445,-71.87570944444444,101659.0,0,3,0.2747256026598301,0
669,West Palm Beach,UNITED STATES,USA,26.683161944444446,-80.09559416666666,106779.0,0,25,1.3618647669362023,0
670,Panama City,UNITED STATES,USA,30.212083333333332,-85.68280555555555,38286.0,0,5,0.36558114992083107,0
671,Newport News,UNITED STATES,USA,37.13189555555555,-76.4929875,182385.0,0,5,0.36514795709505016,0
672,Pensacola,UNITED STATES,USA,30.473305555555555,-87.18744444444444,53193.0,0,11,0.48706504327225836,0
673,Providence,UNITED STATES,USA,41.723999166666665,-71.42822111111111,190934.0,0,27,0.714667480239487,0
674,Portland,UNITED STATES,USA,43.64616666666667,-70.30875,16116.0,0,14,0.6836554396486215,0
675,Raleigh/Durham,UNITED STATES,USA,35.87763888888889,-78.78747222222223,10000.0,1,51,0.7161403999162927,0
676,Richmond,UNITED STATES,USA,37.50516666666667,-77.31966666666666,28587.0,0,21,0.6731926205220417,0
677,Roanoke,UNITED STATES,USA,37.32546833333333,-79.97542833333334,99897.0,0,9,0.5268908117100487,0
678,Rochester,UNITED STATES,USA,43.11886611111111,-77.67238388888889,28671.0,0,21,0.446769601161855,0
679,Savannah,UNITED STATES,USA,32.127583333333334,-81.2021388888889,147780.0,0,10,0.7600523291071285,0
680,South Bend,UNITED STATES,USA,41.70895361111111,-86.31847416666666,101516.0,0,7,0.43046302832532474,0
681,Louisville,UNITED STATES,USA,38.174388888888885,-85.73599999999999,243639.0,0,26,0.5853853033833866,0
682,Shreveport,UNITED STATES,USA,32.4466275,-93.82559833333333,197204.0,0,8,0.3567030119260957,0
683,San Jose,COSTA RICA,COSTA_RICA,10.0,-84.21666666666667,35768.0,0,30,0.5016075944873764,0
684,Shannon,IRELAND,IRELAND,52.70194444444444,-8.924444444444445,10000.0,1,17,1.7135381316384821,0
685,Sarasota/Bradenton,UNITED STATES,USA,27.395333333333333,-82.55411111111111,10000.0,1,10,0.9001612070933689,0
686,Brunswick,UNITED STATES,USA,31.151670833333334,-81.39389638888889,24896.0,0,1,,0
687,Stuttgart,GERMANY,GERMANY,48.69,9.221944444444444,630305.0,0,77,0.7393639699785503,0
688,St Thomas Island,AUSTRALIA,AUSTRALIA,-24.118333333333332,134.39,10000.0,1,15,13.695191864633678,0
689,Newburgh,UNITED STATES,USA,41.50409361111111,-74.10483833333333,28290.0,0,6,0.8535505184575324,0
690,Syracuse,UNITED STATES,USA,43.11118694444445,-76.10631055555555,144142.0,0,22,0.42540292179970307,0
691,Tallahassee,UNITED STATES,USA,30.396527777777777,-84.35033333333334,189907.0,0,10,0.4273446583853066,0
692,Toledo,UNITED STATES,USA,41.58680555555556,-83.80783333333333,119313.0,0,6,0.35109285202929064,0
693,Tri-Cities Regional,UNITED STATES,USA,36.47521416666667,-82.40742055555555,10000.0,1,7,0.4283228919693632,0
694,Knoxville,UNITED STATES,USA,35.812487222222224,-83.99285583333334,185291.0,0,16,0.6511214301168843,0
695,Columbus,UNITED STATES,USA,33.46539666666667,-88.38031638888889,206922.0,0,4,0.3345999950826744,0
696,Valdosta,UNITED STATES,USA,30.7825,-83.27672222222222,55724.0,0,2,0.25177335589632005,0
697,Valparaiso,UNITED STATES,USA,30.483249999999998,-86.5254,32626.0,0,5,0.4370508976101695,0
698,Sal,CAPE VERDE,CAPE_VERDE,16.75,-22.95,10000.0,1,14,2.142351136380588,0
699,Waterloo,UNITED STATES,USA,42.557081388888896,-92.4003436111111,29778.0,0,4,0.2863069121482021,0
700,Appleton,UNITED STATES,USA,44.25740805555555,-88.51947555555554,74139.0,0,9,0.180111837117648,0
701,Wausau,UNITED STATES,USA,44.928472222222226,-89.6266111111111,39094.0,0,6,0.27856570758564714,0
702,Wilkes-Barre,UNITED STATES,USA,41.33814944444445,-75.7242675,40780.0,0,10,0.47178379086153316,0
703,Kalamazoo,UNITED STATES,USA,42.234874999999995,-85.5520575,76041.0,0,6,0.40143980277748065,0
704,Birmingham,UNITED STATES,USA,40.5,-124.3,1144919.0,0,50,6.138662165102721,0
705,Belleville,UNITED STATES,USA,38.54517861111111,-89.83518444444444,50716.0,0,2,0.6633094292181347,0
706,Burlington,UNITED STATES,USA,40.783224999999995,-91.12550555555556,183314.0,0,3,0.2109075199995822,0
707,Burlington,UNITED STATES,USA,44.47186111111112,-73.15327777777777,183314.0,0,10,0.46154055455975435,0
708,Cedar Rapids,UNITED STATES,USA,41.88458833333333,-91.71087222222222,130405.0,0,9,0.3479042263738434,0
709,Champaign,UNITED STATES,USA,40.039249999999996,-88.27805555555555,86096.0,0,4,0.23307367060484416,0
710,Columbia,UNITED STATES,USA,38.81809305555556,-92.21962916666666,99615.0,0,3,0.2473226384451442,0
711,Dubuque,UNITED STATES,USA,42.40198916666667,-90.709485,58799.0,0,4,0.24834065958823107,0
712,Duluth/Superior,UNITED STATES,USA,46.84209027777778,-92.19364861111112,10000.0,1,2,0.3685735369661245,0
713,Dusseldorf,GERMANY,GERMANY,51.280833333333334,6.7572222222222225,10000.0,1,109,1.0174989439332243,0
714,Fargo,UNITED STATES,USA,46.91934888888889,-96.81498888888889,118523.0,0,3,0.7628380184652673,0
715,Sioux Falls,UNITED STATES,USA,43.58135111111111,-96.7417002777778,171544.0,0,4,0.670788803309683,0
716,Spokane,UNITED STATES,USA,47.61985555555556,-117.53384249999999,213272.0,0,16,0.5329293152173878,0
717,Green Bay,UNITED STATES,USA,44.48507333333333,-88.12959,105207.0,0,8,0.2541195519804163,0
718,Iron Mountain,UNITED STATES,USA,45.81835416666667,-88.1145425,10000.0,1,1,,0
719,Krakow,POLAND,POLAND,50.077777777777776,19.78472222222222,10000.0,1,11,0.6389326517731965,0
720,Lafayette,UNITED STATES,USA,40.41231694444444,-86.93689888888889,127657.0,0,3,0.19072084320984217,0
721,Lansing,UNITED STATES,USA,42.7787,-84.58735805555555,28349.0,0,7,0.3365184239805814,0
722,Lincoln,UNITED STATES,USA,40.850972222222225,-96.75925,41808.0,0,5,0.5364086126969516,0
723,La Crosse,UNITED STATES,USA,43.879583333333336,-91.25683722222222,52306.0,0,4,0.21924980385398085,0
724,Saginaw,UNITED STATES,USA,43.53291472222223,-84.07964722222222,22079.0,0,5,0.4128627114583954,0
725,Muskegon,UNITED STATES,USA,43.169488055555554,-86.23822305555555,38401.0,0,4,0.20333869684466221,0
726,Madison,UNITED STATES,USA,43.139857777777785,-89.3375136111111,46962.0,0,11,0.5075974979682911,0
727,Oshkosh,UNITED STATES,USA,43.984366388888894,-88.55705944444445,66555.0,0,2,0.1693425228555075,0
728,Peoria,UNITED STATES,USA,40.66424333333333,-89.69330555555557,115070.0,0,9,0.2121900734009199,0
729,St Petersburg,UNITED STATES,USA,27.910763333333335,-82.68743944444445,10000.0,1,5,1.3163270092742758,0
730,Rhinelander,UNITED STATES,USA,45.631193055555556,-89.46745361111111,10000.0,1,5,0.16100921551940764,0
731,Rochester,UNITED STATES,USA,43.907221111111106,-92.49900249999999,28671.0,0,2,0.2345810356166492,0
732,Springfield,UNITED STATES,USA,37.24432611111111,-93.38685805555556,116565.0,0,6,0.46350680906392344,0
733,Springfield,UNITED STATES,USA,39.84410027777778,-89.67788777777778,116565.0,0,2,0.18731022653289608,0
734,Traverse City,UNITED STATES,USA,44.74144472222222,-85.58223500000001,15218.0,0,8,0.250133571854271,0
735,Quincy,UNITED STATES,USA,39.94262416666666,-91.19445611111111,40780.0,0,2,0.2287053718986003,0
736,Warsaw,POLAND,POLAND,52.16583333333333,20.966944444444444,1702139.0,0,55,0.6524415956671068,0
737,Ottawa,AUSTRALIA,AUSTRALIA,-27.9,144.61666666666667,812129.0,0,26,13.894346672664009,0
738,Winnipeg,CANADA,CANADA,49.910833333333336,-97.24305555555556,749607.0,0,35,0.5267831670197198,0
739,Abilene,UNITED STATES,USA,32.411319999999996,-99.68189722222223,125182.0,0,3,0.17852850550656024,0
740,Acapulco,MEXICO,M&Eacute;XICO#MEXICO,16.75611111111111,-99.75361111111111,10000.0,1,7,1.095703349077582,0
741,Waco,UNITED STATES,USA,31.611288333333334,-97.23051916666667,132356.0,0,4,0.10064422968076732,0
742,Alexandria,UNITED STATES,USA,31.327371666666668,-92.5485561111111,5263542.0,0,5,0.3787657263742674,0
743,Amarillo,UNITED STATES,USA,35.2193725,-101.70592722222221,198645.0,0,5,0.4250816842180541,0
744,Beaumont,UNITED STATES,USA,29.950833333333332,-94.02069444444444,115282.0,0,2,0.19734204008046774,0
745,Burbank,UNITED STATES,USA,34.20061916666667,-118.35849694444444,29128.0,0,10,0.40221879668629623,0
746,Brownwood,UNITED STATES,USA,31.793622222222222,-98.95649527777778,19031.0,0,1,,0
747,Belize City,BELIZE,BELIZE,17.533333333333335,-88.3,61461.0,0,13,0.7633629080928314,0
748,College Station,UNITED STATES,USA,30.58858944444444,-96.36382416666667,107889.0,0,3,0.1044552227154901,0
749,Carlsbad,AUSTRALIA,AUSTRALIA,-30.9875,148.37416666666667,114746.0,0,4,10.76290603488117,0
750,El Dorado,UNITED STATES,USA,33.220862499999996,-92.81325166666667,18386.0,0,2,0.2679142118299315,0
751,Fort Smith,UNITED STATES,USA,35.33659027777778,-94.36744111111109,88194.0,0,2,0.3810833886148143,0
752,Longview,UNITED STATES,USA,32.384861111111114,-94.71171000000001,82287.0,0,1,,0
753,Hobbs,UNITED STATES,USA,32.68752777777778,-103.21702777777777,38416.0,0,3,0.4028674332429508,0
754,Hot Springs,UNITED STATES,USA,34.47803388888889,-93.09620833333332,35635.0,0,2,0.21627774133475167,0
755,Harlingen,UNITED STATES,USA,26.2285,-97.65438888888889,16119.0,0,5,0.3220344000571799,0
756,Killeen,UNITED STATES,USA,31.085833333333333,-97.68650000000001,140806.0,0,3,0.14853799529896242,0
757,Joplin,UNITED STATES,USA,37.151813611111116,-94.49826833333333,51818.0,0,4,0.45817647781037935,0
758,Lawton,UNITED STATES,USA,34.56771444444444,-98.41663666666668,96655.0,0,1,,0
759,Lubbock,UNITED STATES,USA,33.66363888888889,-101.82277777777777,249042.0,0,6,0.36361091484966435,0
760,Lafayette,UNITED STATES,USA,30.205279722222222,-91.987655,127657.0,0,4,0.37939340437015345,0
761,Long Beach,UNITED STATES,USA,33.81772222222222,-118.15161111111111,15555.0,0,5,0.38261107060664284,0
762,Laredo,UNITED STATES,USA,27.543738611111113,-99.46154361111113,24691.0,0,2,0.39031425793872326,0
763,Midland/odessa,UNITED STATES,USA,31.94252777777778,-102.2019138888889,10000.0,1,6,0.3662331101751211,0
764,Mcallen,UNITED STATES,USA,26.175833333333333,-98.23861111111111,10000.0,1,3,0.33849756890235144,0
765,Puebla,MEXICO,M&Eacute;XICO#MEXICO,19.033333333333335,-98.2,1692181.0,0,6,0.7688726217061226,0
766,Ponca City,UNITED STATES,USA,36.73058416666667,-97.09976833333334,24758.0,0,2,0.17980267570272274,0
767,Roswell,UNITED STATES,USA,33.30155555555556,-104.53055555555555,94501.0,0,4,0.5668342491076421,0
768,San Angelo,UNITED STATES,USA,31.35775,-100.49630555555557,100450.0,0,3,0.2591982452649055,0
769,Wichita Falls,UNITED STATES,USA,33.988796111111114,-98.49189333333334,104710.0,0,1,,0
770,Texarkana,UNITED STATES,USA,33.45370805555556,-93.99102,30353.0,0,1,,0
771,Tyler,UNITED STATES,USA,32.35413888888889,-95.40238611111111,103700.0,0,3,0.21121004898284484,0
772,Enid,UNITED STATES,USA,36.37920333333333,-97.79111222222221,51776.0,0,3,0.3041109796838083,0
773,Fukue,JAPAN,JAPAN,32.666666666666664,128.83333333333334,10000.0,1,2,0.1745331281849123,0
774,Tsushima,JAPAN,JAPAN,34.28333333333333,129.33333333333334,67658.0,0,2,0.17671445876473107,0
775,Pohnpei,MICRONESIA,MICRONESIA,6.985099722222222,158.20898805555558,10000.0,1,4,0.38477886556689567,0
776,Truk,MICRONESIA,MICRONESIA,7.461892499999999,151.84302138888887,10000.0,1,2,0.334462774370496,0
777,Yap,MICRONESIA,MICRONESIA,9.498911666666666,138.0824961111111,10000.0,1,2,0.25715452786924325,0
778,Brownsville,UNITED STATES,USA,25.906833333333335,-97.4258611111111,15313.0,0,1,,0
779,Chihuahua,MEXICO,M&Eacute;XICO#MEXICO,28.701666666666668,-105.9661111111111,925762.0,0,12,0.4185635191930819,0
780,Guayaquil,ECUADOR,ECUADOR,-2.15,-79.88333333333334,2723665.0,0,14,1.2968162394514744,0
781,Lake Charles,UNITED STATES,USA,30.1260975,-93.2234036111111,76070.0,0,1,,0
782,Managua,NICARAGUA,NICARAGUA,12.133333333333333,-86.16666666666667,973087.0,0,6,0.45474528806768816,0
783,Roatan,HONDURAS,HONDURAS,16.333333333333332,-86.51666666666667,10000.0,1,6,0.2091007816596346,0
784,San Pedro Sula,HONDURAS,HONDURAS,15.45,-87.91666666666667,801259.0,0,10,0.1648499317509555,0
785,San Luis Potosi,MEXICO,M&Eacute;XICO#MEXICO,22.15,-100.98333333333333,10000.0,1,6,0.4852369111941687,0
786,Saltillo,MEXICO,M&Eacute;XICO#MEXICO,25.55,-100.93333333333334,709671.0,0,2,0.51384662066822,0
787,Tampico,MEXICO,M&Eacute;XICO#MEXICO,22.298333333333332,-97.86722222222222,309003.0,0,6,0.31538302583080596,0
788,Tegucigalpa,HONDURAS,HONDURAS,14.066666666666666,-87.21666666666667,850848.0,0,6,0.2559662617479659,0
789,Quito,ECUADOR,ECUADOR,-0.13333333333333333,-78.48333333333333,2781641.0,0,10,1.0460215273422606,0
790,Victoria,UNITED STATES,USA,28.852555555555554,-96.91848722222223,25139.0,0,1,,0
791,Veracruz,MEXICO,M&Eacute;XICO#MEXICO,19.2,-96.13333333333334,428323.0,0,8,0.36890022002084105,0
792,Airok,MARSHALL ISLANDS,MARSHALL_ISLANDS,7.1,171.23333333333332,10000.0,1,2,0.4246529196328458,0
793,Aur Island,MARSHALL ISLANDS,MARSHALL_ISLANDS,8.133333333333333,171.16666666666666,10000.0,1,1,,0
794,Jabot,MARSHALL ISLANDS,MARSHALL_ISLANDS,7.0,168.98,10000.0,1,3,0.8826851035132718,0
795,Jeh,MARSHALL ISLANDS,MARSHALL_ISLANDS,7.58,168.92,10000.0,1,2,0.7498088658895085,0
796,Kaben,MARSHALL ISLANDS,MARSHALL_ISLANDS,8.9,170.85,10000.0,1,2,0.5682833769590173,0
797,Kwajalein,MARSHALL ISLANDS,MARSHALL_ISLANDS,8.716666666666667,167.73333333333332,10000.0,1,10,0.8974706021059742,0
798,Ebon,MARSHALL ISLANDS,MARSHALL_ISLANDS,4.6,-168.7,10000.0,1,1,,0
799,Kili Island,AUSTRALIA,AUSTRALIA,-16.43166666666667,129.615,10000.0,1,2,17.30037032817282,0
800,Maloelap Island,MOZAMBIQUE,MOZAMBIQUE,-22.083333333333332,31.683333333333334,10000.0,1,1,,0
801,Mili Island,MARSHALL ISLANDS,MARSHALL_ISLANDS,6.0,172.0,10000.0,1,1,,0
802,Jaluit Island,MARSHALL ISLANDS,MARSHALL_ISLANDS,5.83,169.62,10000.0,1,2,6.123389348091524,0
803,Utirik Island,MARSHALL ISLANDS,MARSHALL_ISLANDS,11.23,169.87,10000.0,1,2,1.2878445507871759,0
804,Woja,MARSHALL ISLANDS,MARSHALL_ISLANDS,7.47,168.57,10000.0,1,2,0.6049480335770997,0
805,Wotje Island,MARSHALL ISLANDS,MARSHALL_ISLANDS,9.45,170.03,10000.0,1,2,0.6409376770027144,0
806,Bacolod,PHILIPPINES,PHILIPPINES,10.65,122.93333333333334,10000.0,1,2,0.19679923267655797,0
807,Cotabato,PHILIPPINES,PHILIPPINES,7.166666666666667,124.21666666666667,325079.0,0,1,,0
808,Cagayan de Oro,PHILIPPINES,PHILIPPINES,8.483333333333333,124.63333333333334,445103.0,0,2,0.14039626746014114,0
809,Catarman,PHILIPPINES,PHILIPPINES,12.483333333333333,124.63333333333334,47449.0,0,1,,0
810,Calbayog,PHILIPPINES,PHILIPPINES,12.083333333333334,124.55,10000.0,1,1,,0
811,Cuyo,PHILIPPINES,PHILIPPINES,10.85,121.05,10000.0,1,1,,0
812,Dumaguete,PHILIPPINES,PHILIPPINES,9.283333333333333,123.3,113541.0,0,1,,0
813,Dammam,SAUDI ARABIA,SAUDI_ARABIA,26.471166944444445,49.797888888888885,1252523.0,0,28,0.835881556895084,0
814,General Santos,PHILIPPINES,PHILIPPINES,6.116666666666666,125.18333333333334,679588.0,0,2,0.29156423638875123,0
815,Iloilo,PHILIPPINES,PHILIPPINES,10.716666666666667,122.55,387681.0,0,3,0.33067184037369435,0
816,Kalibo,PHILIPPINES,PHILIPPINES,11.7,122.36666666666666,10000.0,1,2,0.29967505666572464,0
817,Laoag,PHILIPPINES,PHILIPPINES,18.183333333333334,120.53333333333333,102105.0,0,2,0.45269310187487644,0
818,Lubang,PHILIPPINES,PHILIPPINES,13.855833333333333,120.10694444444445,10000.0,1,1,,0
819,Legaspi,PHILIPPINES,PHILIPPINES,13.133333333333333,123.73333333333333,179481.0,0,1,,0
820,Masbate,PHILIPPINES,PHILIPPINES,12.369194444444444,123.63083333333333,47490.0,0,1,,0
821,Muscat,OMAN,OMAN,23.6,58.28333333333333,797000.0,0,35,0.8952583797133454,0
822,Culion,PHILIPPINES,PHILIPPINES,11.883333333333333,120.01666666666667,10000.0,1,1,,0
823,Marinduque,PHILIPPINES,PHILIPPINES,13.35,121.81666666666666,10000.0,1,1,,0
824,Puerto Princesa,PHILIPPINES,PHILIPPINES,9.733333333333333,118.75,222673.0,0,2,0.3177525395608777,0
825,Roxas,PHILIPPINES,PHILIPPINES,11.6,122.73333333333333,16618.0,0,1,,0
826,San Jose,PHILIPPINES,PHILIPPINES,12.366666666666667,121.03333333333333,35768.0,0,1,,0
827,Tacloban,PHILIPPINES,PHILIPPINES,11.233333333333333,125.01666666666667,242089.0,0,1,,0
828,Tagbilaran,PHILIPPINES,PHILIPPINES,9.6,123.85,10000.0,1,1,,0
829,Tuguegarao,PHILIPPINES,PHILIPPINES,17.616666666666667,121.75,166334.0,0,2,0.4306937006354389,0
830,Virac,PHILIPPINES,PHILIPPINES,13.583333333333334,124.23333333333333,15079.0,0,1,,0
831,Naga,PHILIPPINES,PHILIPPINES,13.583333333333334,123.26666666666667,174931.0,0,2,0.43371893327630984,0
832,Zamboanga,PHILIPPINES,PHILIPPINES,6.916666666666667,122.06666666666666,457623.0,0,3,0.3451154477880584,0
833,Accra,GHANA,GHANA,5.6,-0.16666666666666666,1963264.0,0,24,1.95527759454398,0
834,Nantucket,UNITED STATES,USA,41.253051944444444,-70.06018138888889,10000.0,1,6,0.05835770506069065,0
835,Antigua,ANTIGUA AND BARBUDA,ANTIGUA_AND_BARBUDA,17.116666666666667,-61.78333333333333,10000.0,1,21,0.2601031878886201,0
836,Barcelona,SPAIN,SPAIN,41.297222222222224,2.078611111111111,1620343.0,0,79,0.6121397955518785,0
837,Bedford,UNITED STATES,USA,42.46995305555556,-71.28903,106940.0,0,4,0.22877787114991388,0
838,Barbados,BARBADOS,BARBADOS,13.066666666666666,-59.5,10000.0,1,16,0.4165194372732962,0
839,Binghamton,UNITED STATES,USA,42.208482777777775,-75.9796136111111,46032.0,0,9,0.2717431333482481,0
840,Bangor,UNITED STATES,USA,44.80744444444444,-68.82813888888889,61011.0,0,8,0.45248187180721794,0
841,Aguadilla,PUERTO RICO,PUERTO_RICO,18.49486111111111,-67.12944444444445,16073.0,0,1,,0
842,Budapest,AUSTRALIA,AUSTRALIA,-24.905277777777776,152.3175,1741041.0,0,50,9.92128593749418,0
843,Bucharest,ROMANIA,ROMANIA,44.57111111111111,26.084722222222222,1877155.0,0,50,0.7922802618054808,0
844,Casablanca,AUSTRALIA,AUSTRALIA,-28.883333333333333,153.05833333333334,3144909.0,0,49,10.098636875979523,0
845,Charlottesville,UNITED STATES,USA,38.13863888888889,-78.4528611111111,46597.0,0,6,0.3829729126647746,0
846,Dakar,SENEGAL,SENEGAL,14.75,-17.5,2476400.0,0,25,1.1398287690212026,0
847,Georgetown,GUYANA,GUYANA,6.8,-58.15,235017.0,0,4,0.24185588446497583,0
848,Glasgow,UNITED KINGDOM,UNITED_KINGDOM,55.871944444444445,-4.433055555555556,626410.0,0,35,0.2769609478319658,0
849,Grenada,GRENADA,GRENADA,12.15,-61.61666666666667,10000.0,1,10,0.15079494956030542,0
850,Geneva,SWITZERLAND,SWITZERLAND,46.238055555555555,6.108888888888889,21806.0,0,63,0.6567153569354892,0
851,Hyannis,UNITED STATES,USA,41.66933638888889,-70.28035583333333,10000.0,1,4,0.03564310098767895,0
852,Kiev,UKRAINE,UKRAINE,50.4,30.45,10000.0,1,59,0.8105948531864478,0
853,Ithaca,UNITED STATES,USA,42.49102777777778,-76.45844444444445,30788.0,0,6,0.299554173504303,0
854,Kingston,JAMAICA,JAMAICA,17.933333333333334,-76.78333333333333,114195.0,0,16,0.6076588057593106,0
855,Lebanon,UNITED STATES,USA,43.62611111111111,-72.30419444444445,20623.0,0,2,0.23431795307299297,0
856,Lisbon,PORTUGAL,PORTUGAL,38.774166666666666,-9.133888888888889,517802.0,0,53,1.24909754168265,0
857,Lagos,NIGERIA,NIGERIA,6.566666666666666,3.316666666666667,15388000.0,0,33,1.2111464321690628,0
858,Lyon,FRANCE,FRANCE,45.72555555555556,5.081111111111111,522969.0,0,61,0.40087287613455763,0
859,Nice,FRANCE,FRANCE,43.665277777777774,7.215,342669.0,0,53,0.5098231595796244,0
860,Banjul,THE GAMBIA,THE_GAMBIA,13.35,-16.8,34589.0,0,8,0.594465178939181,0
861,Monrovia,LIBERIA,LIBERIA,6.333333333333333,-10.75,939524.0,0,7,0.4587971166775064,0
862,Oslo,NORWAY,NORWAY,60.19175833333333,11.074975,580000.0,0,59,0.6147661383646719,0
863,Port au Prince,HAITI,HA&Iuml;TI#HAITI,18.583333333333332,-72.3,10000.0,1,12,0.5605887006107677,0
864,Providenciales,TURKS AND CAICOS,TURKS_AND_CAICOS,21.833333333333332,-72.25,10000.0,1,12,0.24080924717382124,0
865,Puerto Plata,DOMINICAN REPUBLIC,DOMINICAN_REPUBLIC,19.75,-70.55,146000.0,0,21,4.146263984644856,0
866,Port of Spain,TRINIDAD AND TOBAGO,TRINIDAD_AND_TOBAGO,10.466666666666667,-61.397222222222226,49031.0,0,17,0.5564038349069497,0
867,Prague,CZECH REPUBLIC,CZECH_REPUBLIC,50.100833333333334,14.26,1165581.0,0,61,0.6575412145276536,0
868,Marrakech,MOROCCO,MOROCCO,31.61111111111111,-8.042222222222222,10000.0,1,10,1.019145227382082,0
869,Reykjavik,ICELAND,ICELAND,64.13333333333334,-21.9,10000.0,1,23,1.2412214736815128,0
870,Santo Domingo,DOMINICAN REPUBLIC,DOMINICAN_REPUBLIC,18.433333333333334,-69.66666666666667,45476.0,0,21,0.5295722627856055,0
871,St Maarten,NETHERLANDS ANTILLES,NETHERLANDS_ANTILLES,18.05,-63.11666666666667,10000.0,1,28,0.35554706477021947,0
872,Timisoara,ROMANIA,ROMANIA,45.80972222222222,21.337777777777777,10000.0,1,17,0.508441645890358,0
873,Venice,ITALY,ITALY,45.50527777777778,12.351666666666667,51298.0,0,30,0.5002599284452818,0
874,Halifax,CANADA,CANADA,44.880833333333335,-63.50861111111111,439819.0,0,22,0.3965097528110141,0
875,Quebec,CANADA,CANADA,46.79333333333334,-71.39138888888888,10000.0,1,16,0.29003574861722947,0
876,Arcata/Eureka,UNITED STATES,USA,40.978115277777775,-124.10861888888888,10000.0,1,5,0.21589839011384937,0
877,Corvallis,UNITED STATES,USA,44.49719361111111,-123.28982972222224,55780.0,0,2,0.0739044735821663,0
878,Klamath Falls,UNITED STATES,USA,42.15614361111111,-121.73320805555555,21399.0,0,1,,0
879,Newport,UNITED STATES,USA,44.58036111111111,-124.05791666666667,306844.0,0,2,0.08429703725080928,0
880,North Bend,UNITED STATES,USA,43.41713888888889,-124.24602777777778,10000.0,1,1,,0
881,Pendleton,UNITED STATES,USA,45.695055555555555,-118.84144444444445,16881.0,0,2,0.17745940139913868,0
882,Pasco,UNITED STATES,USA,46.264680277777785,-119.11902916666666,69451.0,0,6,0.21312188958323772,0
883,Redding,UNITED STATES,USA,40.508983611111105,-122.29340194444445,91582.0,0,3,0.15185040854597198,0
884,Redmond,UNITED STATES,USA,44.25406722222222,-121.14996333333332,28654.0,0,3,0.22314321223200234,0
885,Aspen,UNITED STATES,USA,39.223166666666664,-106.86886111111112,10000.0,1,2,0.38898252761090063,0
886,Durango,UNITED STATES,USA,37.151516666666666,-107.75376916666666,28229.0,0,3,0.32839985515915415,0
887,Fort Huachuca/Sierra Vista,UNITED STATES,USA,31.588472222222222,-110.34438888888889,10000.0,1,1,,0
888,Flagstaff,UNITED STATES,USA,35.13845472222222,-111.67121833333333,70320.0,0,1,,0
889,Farmington,UNITED STATES,USA,36.74125,-108.22994444444444,18181.0,0,3,0.37902808430044665,0
890,Grand Junction,UNITED STATES,USA,39.122412499999996,-108.52673472222222,60358.0,0,3,0.2999427279327834,0
891,Guaymas,MEXICO,M&Eacute;XICO#MEXICO,27.969444444444445,-110.92305555555555,10000.0,1,3,0.36175520005113093,0
892,Lake Havasu City,UNITED STATES,USA,34.57112444444445,-114.35827805555556,53553.0,0,2,0.10394825474116362,0
893,Bullhead City,UNITED STATES,USA,35.15738888888889,-114.55952777777777,39445.0,0,2,0.12088193347015691,0
894,Montrose,UNITED STATES,USA,38.50886722222222,-107.89383333333333,19062.0,0,2,0.3882214197125038,0
895,Page,UNITED STATES,USA,36.92611111111111,-111.44836111111111,10000.0,1,2,0.21990200413551753,0
896,Prescott,UNITED STATES,USA,34.654472222222225,-112.41958333333334,41899.0,0,2,0.09510744662535096,0
897,Santa Fe,UNITED STATES,USA,35.61677777777778,-106.08813888888889,391164.0,0,2,0.4239617279977181,0
898,Show Low,UNITED STATES,USA,34.26547222222222,-110.00566666666667,10000.0,1,1,,0
899,Ofu,AMERICAN SAMOA,AMERICAN_SAMOA,-14.166666666666666,-169.7,10000.0,1,2,0.4259123955428868,0
900,Tau,AMERICAN SAMOA,AMERICAN_SAMOA,-14.25,-169.5,10000.0,1,2,0.4931747917710339,0
901,Walla Walla,UNITED STATES,USA,46.094561666666664,-118.28803666666667,32237.0,0,2,0.1396558079823994,0
902,Billings,UNITED STATES,USA,45.8076625,-108.54286111111111,110263.0,0,13,0.3890931517707039,0
903,Bellingham,UNITED STATES,USA,48.79275,-122.53752777777777,85146.0,0,1,,0
904,Butte,UNITED STATES,USA,45.95479527777778,-112.49746,34190.0,0,3,0.5271199917041125,0
905,Bozeman,UNITED STATES,USA,45.77690138888889,-111.15300722222223,43405.0,0,5,0.7676796176843513,0
906,Port Angeles,UNITED STATES,USA,48.12019444444445,-123.49969444444446,19448.0,0,1,,0
907,Wenatchee,UNITED STATES,USA,47.39886111111111,-120.20683333333332,33636.0,0,2,0.07431081126883755,0
908,Fairbanks,UNITED STATES,USA,64.8136775,-147.85966944444445,32325.0,0,29,0.5359580031171228,0
909,Kalispell,UNITED STATES,USA,48.31140472222222,-114.25506944444444,22052.0,0,7,0.27057426010179586,0
910,Great Falls,UNITED STATES,USA,47.48200194444444,-111.37068527777778,15427.0,0,8,0.3753955531181431,0
911,Helena,UNITED STATES,USA,46.60681805555556,-111.98275027777778,18264.0,0,6,0.2824728624908972,0
912,Juneau,UNITED STATES,USA,58.35496194444445,-134.57627638888889,32756.0,0,17,0.13060066141161014,0
913,Ketchikan,UNITED STATES,USA,55.35556861111111,-131.71374,10000.0,1,19,0.09997555572719906,0
914,Lewiston,UNITED STATES,USA,46.374498055555556,-117.01539444444444,36202.0,0,3,0.2839576826558185,0
915,Missoula,UNITED STATES,USA,46.91630555555556,-114.09055555555555,71022.0,0,7,0.4449144833650879,0
916,Moses Lake,UNITED STATES,USA,47.20770805555555,-119.32018972222221,22082.0,0,2,0.09662675537171642,0
917,Pullman,UNITED STATES,USA,46.74386111111111,-117.10958333333333,32816.0,0,2,0.1453955775407658,0
918,Roche Harbor,UNITED STATES,USA,48.6,-123.16666666666667,10000.0,1,1,,0
919,Sun Valley,UNITED STATES,USA,43.50484138888889,-114.29659027777777,19299.0,0,2,0.51238089868318,0
920,Westsound,UNITED STATES,USA,48.666666666666664,-122.9,10000.0,1,1,,0
921,Yakima,UNITED STATES,USA,46.56816972222222,-120.54405944444444,93701.0,0,1,,0
922,Kelowna,CANADA,CANADA,49.95611111111111,-119.37777777777778,142146.0,0,7,0.23321621935251324,0
923,Crescent City,UNITED STATES,USA,41.78015722222222,-124.23653333333334,10000.0,1,2,0.1065344236758048,0
924,Chico,UNITED STATES,USA,39.795382777777775,-121.85842305555555,121345.0,0,1,,0
925,Modesto,UNITED STATES,USA,37.62581722222222,-120.95442138888889,211266.0,0,1,,0
926,Cape Girardeau,UNITED STATES,USA,37.225316944444444,-89.57075166666667,39462.0,0,1,,0
927,Decatur,UNITED STATES,USA,39.8345625,-88.86568916666667,55437.0,0,1,,0
928,Marion,UNITED STATES,USA,37.75313527777777,-89.01159694444445,17803.0,0,1,,0
929,Paducah,UNITED STATES,USA,37.060833333333335,-88.77375,24864.0,0,4,0.2844051901388965,0
930,Sioux City,UNITED STATES,USA,42.40260333333333,-96.38436694444445,82821.0,0,2,0.5104860693385205,0
931,Fort Leonard Wood,UNITED STATES,USA,37.74163111111111,-92.14073611111112,15061.0,0,1,,0
932,Mountain Home,CANADA,CANADA,52.3,-55.833333333333336,10000.0,1,2,4.175239692960498,0
933,Fort Mcmurray,CANADA,CANADA,56.65277777777778,-111.22166666666666,10000.0,1,4,0.5176246046910352,0
934,High Level,CANADA,CANADA,58.62138888888889,-117.16472222222222,10000.0,1,3,0.2620827413241409,0
935,Peace River,CANADA,CANADA,56.22694444444444,-117.44722222222222,10000.0,1,2,0.5191118899723114,0
936,Regina,CANADA,CANADA,50.43194444444445,-104.66583333333334,176183.0,0,8,0.4961543805956595,0
937,Grande Prairie,CANADA,CANADA,55.179722222222225,-118.885,41462.0,0,3,0.5425435862400935,0
938,Fort Smith,CANADA,CANADA,60.022222222222226,-111.96027777777778,88194.0,0,4,0.35236902002118237,0
939,Saskatoon,CANADA,CANADA,52.170833333333334,-106.69972222222222,198958.0,0,10,0.44446093385465135,0
940,Yellowknife,CANADA,CANADA,62.46277777777778,-114.44027777777778,20340.0,0,17,1.4772798578354893,0
941,Hay River,CANADA,CANADA,60.83888888888889,-115.77666666666667,10000.0,1,3,0.2351105756767854,0
942,Rainbow Lake,CANADA,CANADA,58.49055555555555,-119.40305555555555,10000.0,1,2,0.59799181144645,0
943,Abbotsford,CANADA,CANADA,49.02527777777778,-122.36333333333333,141397.0,0,3,0.6139971677940754,0
944,Cienfuegos,CUBA,CUBA,22.15,-80.41666666666667,186644.0,0,2,0.6676182784359185,0
945,Porto,PORTUGAL,PORTUGAL,41.23555555555556,-8.677777777777777,249633.0,0,26,1.0243788806964738,0
946,St Kitts,SAINT KITTS AND NEVIS,SAINT_KITTS_AND_NEVIS#ST_KITTS_AND_NEVIS,17.316666666666666,-62.71666666666667,10000.0,1,8,0.12361268658119588,0
947,St Lucia,SAINT LUCIA,SAINT_LUCIA#ST_LUCIA,14.016666666666667,-61.0,10000.0,1,16,0.26178213673736367,0
948,Sault Ste Marie,CANADA,CANADA,46.485,-84.50944444444444,10000.0,1,3,0.24577770413053632,0
949,Fredericton,CANADA,CANADA,45.86944444444445,-66.53166666666667,63116.0,0,6,0.21777257286478105,0
950,Kingston,CANADA,CANADA,44.22527777777778,-76.59694444444445,114195.0,0,2,0.297605288499736,0
951,Windsor,CANADA,CANADA,42.27472222222222,-82.95833333333333,278013.0,0,4,0.2701944251246931,0
952,Moncton,CANADA,CANADA,46.11222222222222,-64.6825,108620.0,0,7,0.37904042782601177,0
953,Thunder Bay,CANADA,CANADA,48.371944444444445,-89.32388888888889,107909.0,0,13,0.4461162093869675,0
954,Gander,CANADA,CANADA,48.94,-54.56861111111111,10000.0,1,3,0.11907330758128756,0
955,Sudbury,CANADA,CANADA,46.625,-80.79888888888888,22213.0,0,6,0.15475059925399387,0
956,St John,CANADA,CANADA,45.31611111111111,-65.89027777777778,10000.0,1,4,0.2584605522754385,0
957,Pembroke,CANADA,CANADA,45.864399999999996,-77.25139999999999,10000.0,1,1,,0
958,Timmins,CANADA,CANADA,48.569722222222225,-81.37666666666667,41788.0,0,4,0.1480416128407846,0
959,London,CANADA,CANADA,43.035555555555554,-81.15388888888889,346765.0,0,6,0.2512095821248534,0
960,North Bay,CANADA,CANADA,46.36361111111111,-79.42277777777778,50396.0,0,3,0.12990529991291141,0
961,Charlottetown,CANADA,CANADA,46.288333333333334,-63.12916666666667,38809.0,0,2,0.42963663446045963,0
962,St Johns,CANADA,CANADA,47.618611111111115,-52.75194444444445,10000.0,1,10,0.38687595166364863,0
963,Sarnia,CANADA,CANADA,42.99944444444444,-82.30888888888889,72125.0,0,1,,0
964,Qualicum,CANADA,CANADA,49.35,-124.5,10000.0,1,2,0.0383093348393116,0
965,Anahim Lake,AUSTRALIA,AUSTRALIA,-21.533333333333335,115.86666666666666,10000.0,1,1,,0
966,Tofino,CANADA,CANADA,49.08222222222222,-125.7725,10000.0,1,1,,0
967,Campbell River,CANADA,CANADA,49.950833333333335,-125.27083333333333,33430.0,0,2,0.060688838931403,0
968,Nanaimo,CANADA,CANADA,49.05222222222222,-123.87,90504.0,0,1,,0
969,Castlegar,CANADA,CANADA,49.29638888888889,-117.6325,10000.0,1,2,0.22854614869565779,0
970,Kamloops,CANADA,CANADA,50.702222222222225,-120.44194444444445,90280.0,0,4,0.2504697351882382,0
971,Prince Rupert,CANADA,CANADA,54.28611111111111,-130.44472222222223,10000.0,1,2,0.39113482071019084,0
972,Powell River,CANADA,CANADA,49.83416666666667,-124.5,10000.0,1,1,,0
973,Comox,CANADA,CANADA,49.70361111111111,-124.88666666666667,10000.0,1,2,0.05008946082409685,0
974,Quesnel,CANADA,CANADA,53.02611111111111,-122.51,10000.0,1,2,0.15146841962393914,0
975,Cranbrook,CANADA,CANADA,49.610277777777775,-115.7825,20047.0,0,3,0.1860989778794144,0
976,Fort St John,CANADA,CANADA,56.238055555555555,-120.74027777777778,10000.0,1,3,0.18541710276995577,0
977,Prince George,CANADA,CANADA,53.89083333333333,-122.67888888888889,74003.0,0,6,0.34119990325699295,0
978,Terrace,CANADA,CANADA,54.466388888888886,-128.5775,19443.0,0,1,,0
979,Whitehorse,CANADA,CANADA,60.70944444444444,-135.0688888888889,28201.0,0,4,0.6836835161295275,0
980,Smithers,CANADA,CANADA,54.82472222222222,-127.18277777777777,10000.0,1,2,0.3346219762296443,0
981,Penticton,CANADA,CANADA,49.463055555555556,-119.60166666666667,33761.0,0,3,0.1860989778794144,0
982,Sandspit,CANADA,CANADA,53.25388888888889,-131.81305555555556,10000.0,1,1,,0
983,Port Hardy,CANADA,CANADA,50.680277777777775,-127.36611111111111,10000.0,1,2,0.1478384052553352,0
984,Williams Lake,CANADA,CANADA,52.183055555555555,-122.05416666666666,10000.0,1,2,0.12649869824433244,0
985,Lloydminster,CANADA,CANADA,53.30916666666667,-110.0725,31582.0,0,1,,0
986,Lethbridge,CANADA,CANADA,49.63027777777778,-112.79972222222223,70617.0,0,1,,0
987,Medicine Hat,CANADA,CANADA,50.01888888888889,-110.72083333333333,63138.0,0,1,,0
988,Antofagasta,CHILE,CHILE,-23.433333333333334,-70.45,352638.0,0,5,0.3006518634807775,0
989,Concepcion,CHILE,CHILE,-36.766666666666666,-73.06666666666666,64402.0,0,8,0.46450453492156396,0
990,Copiapo,CHILE,CHILE,-27.3,-70.43333333333334,10000.0,1,4,0.23426945462367513,0
991,Iquique,CHILE,CHILE,-20.533333333333335,-70.18333333333334,191468.0,0,5,0.5542956884821373,0
992,La Serena,CHILE,CHILE,-29.916666666666668,-71.21666666666667,154521.0,0,3,0.2593141933259409,0
993,Puerto Montt,CHILE,CHILE,-41.43333333333333,-73.1,245902.0,0,7,0.5748946023019094,0
994,Calama,CHILE,CHILE,-22.5,-68.91666666666667,143084.0,0,2,0.41394100524132177,0
995,Los Angeles,CHILE,CHILE,-37.4,-72.41666666666667,3898747.0,0,2,0.17196224328909346,0
996,Tacna,PERU,PER&Uacute;#PERU,-18.05,-70.3,286240.0,0,3,0.5263701810746075,0
997,Temuco,CHILE,CHILE,-38.766666666666666,-72.06666666666666,238129.0,0,7,0.24704171620750187,0
998,Osorno,CHILE,CHILE,-40.6,-73.06666666666666,135773.0,0,3,0.30452896507813093,0
999,Alamogordo,UNITED STATES,USA,32.83994444444445,-105.99058333333333,30753.0,0,2,0.22904894069131107,0
1000,Clovis,UNITED STATES,USA,34.42513888888889,-103.07927777777779,104180.0,0,2,0.33235352662172957,0
1001,Gallup,UNITED STATES,USA,35.51105833333333,-108.78930944444444,23240.0,0,1,,0
1002,Los Alamos,UNITED STATES,USA,35.879801944444445,-106.26941527777778,10000.0,1,1,,0
1003,Las Cruces,UNITED STATES,USA,32.28941666666667,-106.92197222222221,101643.0,0,2,0.26490497478440017,0
1004,Silver City,UNITED STATES,USA,32.63654694444445,-108.15638527777779,10000.0,1,1,,0
1005,Abidjan,IVORY COAST,IVORY_COAST,5.25,-3.933333333333333,6321017.0,0,28,0.8726390218924741,0
1006,Abuja,NIGERIA,NIGERIA,9.25,7.0,1235880.0,0,3,0.22924294951053975,0
1007,Aberdeen,UNITED KINGDOM,UNITED_KINGDOM,57.204166666666666,-2.2,198590.0,0,20,0.3000846515679127,0
1008,Malaga,SPAIN,SPAIN,36.675,-4.498888888888889,10000.0,1,45,1.2583746598709507,0
1009,Al Hoceima,MOROCCO,MOROCCO,35.18333333333333,-3.8330555555555557,10000.0,1,3,0.4298090870323275,0
1010,Alicante,SPAIN,SPAIN,38.282222222222224,-0.5577777777777778,334757.0,0,34,1.0938276595192702,0
1011,Aleppo,SYRIA,SYRIA,36.18333333333333,37.233333333333334,2098210.0,0,15,1.185491208631485,0
1012,Amman,JORDAN,JORDAN,31.666666666666668,35.96666666666667,1275857.0,0,49,1.1591663853667453,0
1013,Antwerp,BELGIUM,BELGIUM,51.18944444444445,4.460277777777778,10000.0,1,3,0.16384101099299886,0
1014,Antalya,TURKEY,TURKEY,36.90083333333333,30.794722222222223,1344000.0,0,27,1.4932258913632885,0
1015,Belgrade,SERBIA AND MONTENEGRO,SERBIA_AND_MONTENEGRO,44.81944444444444,20.3125,1273651.0,0,33,0.6088525669356494,0
1016,Berlin,GERMANY,GERMANY,52.37861111111111,13.520833333333334,3426354.0,0,87,0.7417705948760158,0
1017,Bergen,NORWAY,NORWAY,60.29361111111111,5.218055555555556,29974.0,0,18,0.23103264625705136,0
1018,Billund,DENMARK,DENMARK,55.74027777777778,9.151666666666667,10000.0,1,17,0.33179594199397633,0
1019,Bologna,ITALY,ITALY,44.53111111111111,11.292222222222222,394843.0,0,28,0.5208698159276977,0
1020,Bonaire,NETHERLANDS ANTILLES,NETHERLANDS_ANTILLES,12.133333333333333,-68.28333333333333,10000.0,1,6,0.8847972972367036,0
1021,Bremen,GERMANY,GERMANY,53.0475,8.786666666666667,546501.0,0,24,0.3700194268474523,0
1022,Berne,SWITZERLAND,SWITZERLAND,46.91222222222222,7.4991666666666665,10000.0,1,10,0.31730555107838343,0
1023,Bristol,UNITED KINGDOM,UNITED_KINGDOM,51.382777777777775,-2.718888888888889,465866.0,0,19,0.29678771418490435,0
1024,Bodrum,TURKEY,TURKEY,37.14083333333333,27.669444444444444,39317.0,0,4,1.1572235855417043,0
1025,Cambridge,UNITED STATES,USA,45.55958805555555,-93.2651225,129920.0,0,1,,0
1026,Clermont-Ferrand,FRANCE,FRANCE,45.785833333333336,3.1625,147865.0,0,25,0.3305118813894769,0
1027,Cologne,GERMANY,GERMANY,50.86611111111111,7.142777777777778,10000.0,1,48,0.5475329956939236,0
1028,Catania,ITALY,ITALY,37.46611111111111,15.063888888888888,311584.0,0,16,0.6717793497793705,0
1029,Curacao,NETHERLANDS ANTILLES,NETHERLANDS_ANTILLES,12.2,-68.96666666666667,10000.0,1,18,0.5492467226509599,0
1030,Cardiff,UNITED KINGDOM,UNITED_KINGDOM,51.39666666666667,-3.3430555555555554,447287.0,0,13,0.29579119072011734,0
1031,Damascus,SYRIA,SYRIA,33.416666666666664,36.516666666666666,1569394.0,0,46,1.0986599211175565,0
1032,Dalaman,TURKEY,TURKEY,36.71472222222222,28.79277777777778,19292.0,0,13,1.4045057942208612,0
1033,Dortmund,GERMANY,GERMANY,51.51833333333333,7.612222222222222,588462.0,0,20,0.2372123131864102,0
1034,Euroairport,SWITZERLAND,SWITZERLAND,47.583333333333336,7.533333333333333,10000.0,1,53,0.4925248560535322,0
1035,Edinburgh,UNITED KINGDOM,UNITED_KINGDOM,55.9525,-3.3625,506520.0,0,21,0.3018853919215848,0
1036,Eindhoven,THE NETHERLANDS,THE_NETHERLANDS,51.45027777777778,5.374444444444444,209620.0,0,6,0.20482576555855012,0
1037,Yerevan,ARMENIA,ARMENIA,40.15,44.4,1093485.0,0,38,0.8759233539597633,0
1038,Faro,PORTUGAL,PORTUGAL,37.01444444444444,-7.9655555555555555,41355.0,0,21,1.2667660357218713,0
1039,Florence,ITALY,ITALY,43.80861111111111,11.202777777777778,367150.0,0,20,0.46751491992075395,0
1040,Munster,GERMANY,GERMANY,52.13472222222222,7.684722222222222,17746.0,0,22,0.2926915761386876,0
1041,Funchal,PORTUGAL,PORTUGAL,32.69416666666667,-16.77777777777778,100847.0,0,17,1.7165076716812138,0
1042,Fuerteventura,SPAIN,SPAIN,28.45277777777778,-13.863333333333333,10000.0,1,26,2.087599995083109,0
1043,Guernsey,UNITED KINGDOM,UNITED_KINGDOM,49.435,-2.6016666666666666,10000.0,1,11,0.13257640003139612,0
1044,Gothenburg,SWEDEN,SWEDEN,57.66,12.290833333333333,10000.0,1,26,0.5964311764142902,0
1045,Hanover,GERMANY,GERMANY,52.460277777777776,9.68361111111111,38088.0,0,64,1.0218874468981718,0
1046,Hamburg,GERMANY,GERMANY,53.63027777777778,9.988333333333333,1845229.0,0,77,0.5790019523017932,0
1047,Heraklion,GREECE,GREECE,35.33555555555556,25.175833333333333,10000.0,1,19,1.3134356736935748,0
1048,Humberside,UNITED KINGDOM,UNITED_KINGDOM,53.57472222222222,-0.35055555555555556,10000.0,1,3,0.23071276935436255,0
1049,Innsbruck,AUSTRIA,AUSTRIA,47.26027777777778,11.34388888888889,132493.0,0,6,0.21883233869462043,0
1050,Kilimanjaro,TANZANIA,TANZANIA,-3.433333333333333,37.06666666666667,10000.0,1,10,0.18049511255761297,0
1051,Kano,NIGERIA,NIGERIA,12.05,8.516666666666667,4103000.0,0,11,0.748655673332273,0
1052,Leeds Bradford,UNITED KINGDOM,UNITED_KINGDOM,53.865833333333335,-1.6602777777777777,10000.0,1,12,0.1882521596320099,0
1053,Larnaca,CYPRUS,CYPRUS,34.88333333333333,33.63333333333333,72000.0,0,47,1.0431718179763476,0
1054,St Petersburg,RUSSIA,RUSSIA,59.96666666666667,30.3,10000.0,1,59,1.0936499614440145,0
1055,Ljubljana,SLOVENIA,SLOVENIA,46.22472222222222,14.460833333333333,272220.0,0,21,0.4622749282592432,0
1056,Linz,AUSTRIA,AUSTRIA,48.235277777777775,14.188055555555556,204846.0,0,11,0.2584153457495135,0
1057,Las Palmas,SPAIN,SPAIN,27.931944444444444,-15.386388888888888,10000.0,1,40,2.0821601445846776,0
1058,Liverpool,UNITED KINGDOM,UNITED_KINGDOM,53.33361111111111,-2.8497222222222223,27545.0,0,11,0.7153437188202971,0
1059,Luxembourg,LUXEMBOURG,LUXEMBOURG,49.623333333333335,6.204444444444444,76684.0,0,37,0.5108167793592426,0
1060,Malta,MALTA,MALTA,35.85861111111111,14.478055555555555,10000.0,1,45,1.18369103911375,0
1061,Malmo,SWEDEN,SWEDEN,55.583333333333336,13.016666666666667,10000.0,1,11,0.34825016359639793,0
1062,Teesside,UNITED KINGDOM,UNITED_KINGDOM,54.509166666666665,-1.4291666666666667,10000.0,1,5,0.17221594701217696,0
1063,Maastricht,THE NETHERLANDS,THE_NETHERLANDS,50.91583333333333,5.776944444444444,122378.0,0,4,0.2570128838872433,0
1064,Naples,ITALY,ITALY,40.88388888888889,14.28888888888889,909048.0,0,23,0.5861222659672783,0
1065,Nairobi,KENYA,KENYA,-1.3166666666666667,36.93333333333333,2750547.0,0,44,0.9633890114422959,0
1066,Newcastle,UNITED STATES,USA,36.92514722222222,-76.3043861111111,348539.0,0,21,3.4703234512957697,0
1067,Nador,MOROCCO,MOROCCO,35.15,-2.9163888888888887,129260.0,0,5,0.8808284481556274,0
1068,Nuremberg,GERMANY,GERMANY,49.49861111111111,11.078055555555556,10000.0,1,41,0.327146986134548,0
1069,Norwich,UNITED KINGDOM,UNITED_KINGDOM,52.67611111111111,1.2827777777777778,143135.0,0,4,0.22625041025378517,0
1070,Cork,IRELAND,IRELAND,51.84111111111111,-8.490833333333333,190384.0,0,9,0.2921376076194839,0
1071,Oujda,MOROCCO,MOROCCO,34.78888888888889,-1.9269444444444443,10000.0,1,5,1.000448524725177,0
1072,Paderborn,GERMANY,GERMANY,51.61388888888889,8.616111111111111,142161.0,0,19,0.8836919961193879,0
1073,Paramaribo,SURINAME,SURINAME,5.45,-55.2,223757.0,0,6,0.7203468394896456,0
1074,Palma Mallorca,SPAIN,SPAIN,39.55166666666667,2.738888888888889,10000.0,1,49,0.826656282687163,0
1075,Rhodes,GREECE,GREECE,36.403055555555554,28.085277777777776,10000.0,1,17,1.3409208124862546,0
1076,Sharjah,UNITED ARAB EMIRATES,UNITED_ARAB_EMIRATES,25.329958055555554,55.514583333333334,1274749.0,0,34,1.2369179675677293,0
1077,Thessaloniki,GREECE,GREECE,40.51694444444445,22.971944444444443,10000.0,1,30,0.715359765582381,0
1078,Skopje,MACEDONIA,MACEDONIA,41.961666666666666,21.621388888888887,474889.0,0,22,0.8034934255713811,0
1079,Southampton,UNITED KINGDOM,UNITED_KINGDOM,50.95027777777778,-1.3566666666666667,269781.0,0,15,0.2495356137586768,0
1080,Santa Cruz de la Palma,SPAIN,SPAIN,28.62638888888889,-17.755277777777778,15674.0,0,17,1.8365557873892144,0
1081,Stavanger,NORWAY,NORWAY,58.876666666666665,5.637777777777778,144877.0,0,12,0.28505434686649833,0
1082,Seville,SPAIN,SPAIN,37.41777777777778,-5.898611111111111,10000.0,1,15,0.8568632339517122,0
1083,Strasbourg,FRANCE,FRANCE,48.54055555555556,7.6322222222222225,274845.0,0,23,0.4485421052626933,0
1084,Salzburg,AUSTRIA,AUSTRIA,47.794444444444444,13.003333333333334,157245.0,0,17,0.33687580564263075,0
1085,Tbilisi,GEORGIA,GEORGIA,41.68333333333333,44.95,1049498.0,0,21,0.9231538039887922,0
1086,Tenerife,SPAIN,SPAIN,28.044444444444444,-16.572222222222223,10000.0,1,50,2.1318445830722794,0
1087,Toulouse,FRANCE,FRANCE,43.635,1.3677777777777778,493465.0,0,29,0.4801230577802611,0
1088,Tangier,MOROCCO,MOROCCO,35.723333333333336,-5.909166666666667,688356.0,0,7,0.9441692615794013,0
1089,Turin,ITALY,ITALY,45.20166666666667,7.649444444444445,847287.0,0,23,0.41716240309229535,0
1090,Tunis,TUNISIA,TUNISIA,36.85,10.233333333333333,693210.0,0,51,0.9860982738570471,0
1091,Vilnius,LITHUANIA,LITHUANIA,54.63333333333333,25.283333333333335,542366.0,0,14,0.5004150564775642,0
1092,Zagreb,CROATIA,CROATIA,45.74305555555556,16.06861111111111,663592.0,0,25,0.4294937532733456,0
1093,Constanta,ROMANIA,ROMANIA,44.36222222222222,28.488333333333333,10000.0,1,4,0.3599758916462479,0
1094,Dar Es Salaam,TANZANIA,TANZANIA,-6.883333333333334,39.2,10000.0,1,23,0.4164606647136388,0
1095,Holguin,CUBA,CUBA,20.783333333333335,-76.31666666666666,10000.0,1,9,4.209292584888894,0
1096,Izmir,TURKEY,TURKEY,38.29611111111111,27.159166666666668,10000.0,1,18,1.3259470463248033,0
1097,Lome,CAMEROON,CAMEROON,3.15,13.616666666666667,10000.0,1,13,0.879125314542405,0
1098,Paphos,CYPRUS,CYPRUS,34.71666666666667,32.483333333333334,35961.0,0,14,1.4911471270158778,0
1099,Kodiak,UNITED STATES,USA,57.749967777777776,-152.49385527777775,10000.0,1,1,,0
1100,King Salmon,UNITED STATES,USA,58.67680166666667,-156.6492175,10000.0,1,5,0.168049916485679,0
1101,Aniak,UNITED STATES,USA,61.58159694444444,-159.5430427777778,10000.0,1,8,0.21560148060768283,0
1102,Bethel,UNITED STATES,USA,60.77977638888889,-161.8379975,10000.0,1,24,0.404993676479679,0
1103,Cold Bay,UNITED STATES,USA,55.20559972222222,-162.7242627777778,10000.0,1,7,0.32483452968732934,0
1104,Cordova,UNITED STATES,USA,60.491833888888884,-145.4776502777778,29289.0,0,2,5.646783815230863,0
1105,Dillingham,UNITED STATES,USA,59.0454125,-158.5033388888889,10000.0,1,10,0.1602436800921127,0
1106,Dutch Harbor,UNITED STATES,USA,53.90013888888889,-166.5435,10000.0,1,5,0.32483452968732934,0
1107,Kenai,UNITED STATES,USA,60.57311111111112,-151.245,10000.0,1,1,,0
1108,Galena,UNITED STATES,USA,64.73617805555556,-156.93741555555556,10000.0,1,9,0.2715562648581909,0
1109,Homer,UNITED STATES,USA,59.64555555555555,-151.4765833333333,10000.0,1,3,0.04321920502386002,0
1110,Iliamna,UNITED STATES,USA,59.75380027777778,-154.9109597222222,10000.0,1,2,4.54592162793659,0
1111,Mcgrath,UNITED STATES,USA,62.95287361111111,-155.6057625,10000.0,1,5,0.28725815030775415,0
1112,Nome,UNITED STATES,USA,64.51220222222223,-165.44524583333333,10000.0,1,13,0.7185915603300478,0
1113,Kotzebue,UNITED STATES,USA,66.88467694444445,-162.59854972222223,10000.0,1,13,0.44743108682422167,0
1114,Petropavlovsk-Kamchats,RUSSIA,RUSSIA,52.96666666666667,158.75,10000.0,1,6,1.073868677844586,0
1115,Port Heiden,UNITED STATES,USA,56.95943333333333,-158.63182083333334,10000.0,1,5,0.24658491202469235,0
1116,Prudhoe Bay/Deadhorse,UNITED STATES,USA,70.19475583333333,-148.46516083333333,10000.0,1,4,1.572620388709662,0
1117,Sand Point,UNITED STATES,USA,55.31502777777778,-160.51769444444443,10000.0,1,3,0.3060778431213938,0
1118,St George Island,UNITED STATES,USA,56.6,-169.5,10000.0,1,2,0.7274994209059726,0
1119,Unalakleet,UNITED STATES,USA,63.88835916666667,-160.79895166666668,10000.0,1,8,0.4623872913743621,0
1120,Valdez,UNITED STATES,USA,61.133950277777785,-146.24836000000002,10000.0,1,1,,0
1121,Barrow,AUSTRALIA,AUSTRALIA,-29.975555555555555,146.8161111111111,10000.0,1,5,24.82271757851861,1
1122,St Marys,UNITED STATES,USA,62.0604863888889,-163.30211,10000.0,1,6,0.43356737813791185,0
1123,St Paul Island,UNITED STATES,USA,57.16733333333333,-170.22044444444444,10000.0,1,3,0.5773774583787447,0
1124,Anqing,CHINA,CHINA,30.516666666666666,117.03333333333333,804493.0,0,2,0.6349675654336493,0
1125,Baotou,CHINA,CHINA,40.67,109.98,2150000.0,0,4,0.7099135214531255,0
1126,Chaoyang,CHINA,CHINA,41.5442,120.42280000000001,75347.0,0,3,0.2487713757267665,0
1127,Chifeng,CHINA,CHINA,42.333333333333336,119.0,346654.0,0,4,0.4366097723649746,0
1128,Changzhi,CHINA,CHINA,36.18333333333333,113.13333333333334,1214940.0,0,3,0.3882471167589916,0
1129,Changzhou,CHINA,CHINA,31.783333333333335,119.95,3290918.0,0,10,0.9353606138429951,0
1130,Yan'an,CHINA,CHINA,36.6,109.5,10000.0,1,2,0.3663908049259279,0
1131,Pyongyang,NORTH KOREA,NORTH_KOREA,39.03333333333333,125.78333333333333,3222000.0,0,5,0.383663310379225,0
1132,Bishkek,KYRGYZSTAN,KYRGYZSTAN,42.85,74.58333333333333,900000.0,0,17,0.9986233885523192,0
1133,Hohhot,CHINA,CHINA,40.833333333333336,111.61666666666666,2350000.0,0,8,0.8183316502812765,0
1134,Hailar,CHINA,CHINA,49.205,119.825,211066.0,0,2,0.6835554833483847,0
1135,Huangyan,CHINA,CHINA,28.42,122.37,10000.0,1,4,0.9251895726416276,0
1136,Yinchuan,CONGO,"CONGO,_DEMOCRATIC_PEOPLES'S_REPUBLIC",-5.516666666666667,13.583333333333334,1487579.0,0,4,8.645618831747818,0
1137,Luoyang,CHINA,CHINA,34.68,112.47,1390581.0,0,6,0.6768946457071562,0
1138,Luzhou,CHINA,CHINA,28.851599999999998,105.4014,998900.0,0,4,0.845724788272173,0
1139,Mudanjiang,CHINA,CHINA,44.5097,129.69320000000002,665915.0,0,2,0.954991869183877,0
1140,Shenzhen,CHINA,CHINA,22.533333333333335,113.96666666666667,17494398.0,0,35,1.0604029321411876,0
1141,Tongliao,CHINA,CHINA,43.5,122.25,261110.0,0,2,0.2568996995688337,0
1142,Weihai,CANADA,CANADA,49.43333333333333,-108.98333333333333,844310.0,0,3,6.370746256477344,0
1143,Xiangfan,CHINA,CHINA,32.0,112.0,10000.0,1,6,0.7760536299465729,0
1144,Xilinhot,CHINA,CHINA,43.96666666666667,116.06666666666666,10000.0,1,2,0.34954865162100596,0
1145,Xining,CHINA,CHINA,36.55,101.75,1677177.0,0,6,1.0077842946607556,0
1146,Yibin,CANADA,CANADA,50.55,-111.9,836340.0,0,4,7.7570564105641955,0
1147,Yichang,CHINA,CHINA,30.7,111.18333333333334,1350150.0,0,7,0.781489048083493,0
1148,Yiwu,CHINA,CHINA,29.27,120.05,1481384.0,0,7,0.6393418111712669,0
1149,Zhuhai,CHINA,CHINA,22.016666666666666,113.33333333333333,2207090.0,0,12,0.7425458150331117,0
1150,Ciudad Juarez,MEXICO,M&Eacute;XICO#MEXICO,31.636111111111113,-106.42805555555556,10000.0,1,8,1.1152624776805393,0
1151,Idaho Falls,UNITED STATES,USA,43.51455555555555,-112.07016666666667,59184.0,0,2,0.37279262158466436,0
1152,Pocatello,UNITED STATES,USA,42.90979111111112,-112.59591083333333,54441.0,0,2,0.3179089137609389,0
1153,Augusta,UNITED STATES,USA,44.32064972222222,-69.79731805555555,30723.0,0,2,0.12473971637537641,0
1154,Bar Harbor,UNITED STATES,USA,44.44969444444444,-68.36149999999999,10000.0,1,2,0.16077652999776865,0
1155,Elmira/Corning,UNITED STATES,USA,42.159913611111115,-76.89144333333333,10000.0,1,6,0.4281908620319363,0
1156,Martha's Vineyard,UNITED STATES,USA,41.39302583333334,-70.61433249999999,10000.0,1,6,0.07111043075718206,0
1157,Ponta Delgada,PORTUGAL,PORTUGAL,37.74194444444444,-25.6975,20056.0,0,8,0.3956240502320018,0
1158,Presque Isle,UNITED STATES,USA,46.68896000000001,-68.04479972222222,10000.0,1,2,0.31918136409487313,0
1159,Provincetown,UNITED STATES,USA,42.07199833333334,-70.22137666666667,10000.0,1,1,,0
1160,Rockland,UNITED STATES,USA,44.06008333333333,-69.09925,17982.0,0,3,0.06046678278780486,0
1161,Rutland,UNITED STATES,USA,43.52990694444445,-72.949615,15824.0,0,1,,0
1162,Atlantic City,UNITED STATES,USA,39.36002777777778,-74.45608333333334,39260.0,0,9,1.0802801371924746,0
1163,Freeport,BAHAMAS,BAHAMAS,26.55,-78.7,26910.0,0,10,1.3353738118891494,0
1164,Salisbury-Ocean City,UNITED STATES,USA,38.34052611111111,-75.51028805555556,10000.0,1,3,0.1523852515418519,0
1165,Beihai,CHINA,CHINA,21.483333333333334,109.08333333333333,525329.0,0,7,0.6955239532596582,0
1166,Changde,CHINA,CHINA,29.033333333333335,111.68333333333334,1457419.0,0,2,0.6378650490154935,0
1167,Ganzhou,CHINA,CHINA,25.85,114.95,1977253.0,0,1,,0
1168,Liuzhou,CHINA,CHINA,24.2717,109.3717,1436599.0,0,1,,0
1169,Xuzhou,CHINA,CHINA,34.2741,117.166,1253991.0,0,8,0.9168262857544092,0
1170,Nanyang,CHINA,CHINA,33.0,112.41666666666667,1811812.0,0,3,0.20013098331841328,0
1171,Erie,UNITED STATES,USA,42.08202138888889,-80.17621555555556,99475.0,0,3,0.2669052115886167,0
1172,Athens,UNITED STATES,USA,33.948595277777784,-83.32634694444444,664046.0,0,1,,0
1173,New Bern,UNITED STATES,USA,35.07297222222222,-77.04294444444444,30070.0,0,2,0.37180562877026896,0
1174,Hickory,UNITED STATES,USA,35.741146388888886,-81.38954888888888,40374.0,0,1,,0
1175,Lewisburg,UNITED STATES,USA,37.85830555555555,-80.39947222222222,10000.0,1,3,0.4492874830268128,0
1176,Jacksonville,UNITED STATES,USA,34.829164444444444,-77.61213777777778,28643.0,0,2,0.3217560234032323,0
1177,Greenville,UNITED STATES,USA,35.635239444444444,-77.38532027777778,16434.0,0,2,0.2853235765487739,0
1178,Rocky Mount,UNITED STATES,USA,35.85498861111111,-77.8929561111111,55806.0,0,2,0.2545744718852291,0
1179,Southern Pines,UNITED STATES,USA,35.23735277777778,-79.39116944444444,10000.0,1,1,,0
1180,Los Mochis,MEXICO,M&Eacute;XICO#MEXICO,25.685277777777777,-109.08055555555555,256613.0,0,8,0.43900730091601403,0
1181,Campeche,MEXICO,M&Eacute;XICO#MEXICO,19.833333333333332,-90.55,220389.0,0,3,0.32829430310753976,0
1182,Chetumal,AUSTRALIA,AUSTRALIA,-34.62583333333333,148.03444444444443,169028.0,0,3,5.469182580314029,0
1183,Flores,GUATEMALA,GUATEMALA,16.916666666666668,-89.88333333333334,20464.0,0,4,0.017652518800946225,0
1184,Villahermosa,MEXICO,M&Eacute;XICO#MEXICO,17.995833333333334,-92.81888888888889,353577.0,0,6,0.20342639360603051,0
1185,Alliance,UNITED STATES,USA,42.053250000000006,-102.80372222222223,22055.0,0,2,0.17407593369351276,0
1186,Alamosa,UNITED STATES,USA,37.43491666666667,-105.86655555555555,10000.0,1,1,,0
1187,Scottsbluff,UNITED STATES,USA,41.874027777777776,-103.59563888888889,10000.0,1,1,,0
1188,Bismarck,UNITED STATES,USA,46.77273305555555,-100.74573805555556,71167.0,0,3,0.5559040558647315,0
1189,Chadron,UNITED STATES,USA,42.83755555555556,-103.09541666666667,10000.0,1,2,0.2044627807936918,0
1190,Cortez,UNITED STATES,USA,37.30302777777778,-108.62805555555556,10000.0,1,1,,0
1191,Cody,UNITED STATES,USA,44.52019444444445,-109.02379611111112,10000.0,1,2,0.5505639060712021,0
1192,Casper,UNITED STATES,USA,42.90835555555555,-106.46446611111111,60285.0,0,2,0.4386018279590301,0
1193,Cheyenne,UNITED STATES,USA,41.155722499999996,-104.81183805555557,63335.0,0,1,,0
1194,Dickinson,UNITED STATES,USA,46.79738888888889,-102.80195277777779,19895.0,0,2,0.43205142837833516,0
1195,Kearney,UNITED STATES,USA,40.72702777777778,-99.00677777777778,33021.0,0,4,0.16397516188419392,0
1196,Vail,UNITED STATES,USA,39.64256777777778,-106.91769527777777,10000.0,1,1,,0
1197,Gillette,UNITED STATES,USA,44.34889805555555,-105.53936138888889,32649.0,0,1,,0
1198,Garden City,UNITED STATES,USA,37.92751555555555,-100.72441472222222,26920.0,0,4,0.2416592300159512,0
1199,Grand Island,UNITED STATES,USA,40.96747222222222,-98.3086111111111,51440.0,0,5,0.2043869151026739,0
1200,Gunnison,UNITED STATES,USA,38.53394444444445,-106.93302777777778,10000.0,1,1,,0
1201,Hays,UNITED STATES,USA,38.84494166666667,-99.27403361111111,21092.0,0,4,0.2620478971187999,0
1202,Jackson,UNITED STATES,USA,43.607324166666665,-110.73773888888888,170674.0,0,2,0.4875155901356822,0
1203,Laramie,UNITED STATES,USA,41.31205,-105.67498638888888,32158.0,0,1,,0
1204,North Platte,UNITED STATES,USA,41.12621194444445,-100.68365416666667,24194.0,0,2,0.2723922476070313,0
1205,Liberal,UNITED STATES,USA,37.04420944444445,-100.95986111111111,20746.0,0,3,0.11512921298820186,0
1206,Mccook,UNITED STATES,USA,40.206624444444444,-100.59210722222223,10000.0,1,3,0.20466405422035086,0
1207,Pierre,UNITED STATES,USA,44.38267694444444,-100.28596499999999,10000.0,1,3,0.5039670499520273,0
1208,Pueblo,UNITED STATES,USA,38.28908722222222,-104.49657222222221,109412.0,0,1,,0
1209,Rapid City,UNITED STATES,USA,44.045321388888894,-103.05737083333332,73569.0,0,3,0.7618727963593491,0
1210,Riverton,UNITED STATES,USA,43.064235,-108.4598411111111,41900.0,0,2,0.2652885187026945,0
1211,Rock Springs,UNITED STATES,USA,41.594217500000006,-109.06519277777777,23962.0,0,1,,0
1212,Steamboat Springs,UNITED STATES,USA,40.51625944444445,-106.86630055555557,10000.0,1,1,,0
1213,Sheridan,UNITED STATES,USA,44.769195555555555,-106.98027944444445,17873.0,0,1,,0
1214,Telluride,UNITED STATES,USA,37.953758611111105,-107.90848,10000.0,1,1,,0
1215,Alpena,UNITED STATES,USA,45.0780675,-83.56028583333332,10000.0,1,1,,0
1216,Hancock,UNITED STATES,USA,47.168417222222224,-88.48906083333334,10000.0,1,2,0.6442537147837,0
1217,Pellston,UNITED STATES,USA,45.5709275,-84.796715,10000.0,1,3,0.24941010924481272,0
1218,Rockford,UNITED STATES,USA,42.19536388888889,-89.09721111111112,148278.0,0,1,,0
1219,State College,UNITED STATES,USA,40.766666666666666,-77.88333333333334,42161.0,0,5,0.3302372018978958,0
1220,Youngstown,UNITED STATES,USA,41.26073555555556,-80.67909666666667,64628.0,0,4,0.26319751946032277,0
1221,Blackpool,UNITED KINGDOM,UNITED_KINGDOM,53.77166666666667,-3.0283333333333333,145007.0,0,4,0.18753126579829635,0
1222,Bournemouth,UNITED KINGDOM,UNITED_KINGDOM,50.78,-1.8422222222222222,163600.0,0,1,,0
1223,Donegal,IRELAND,IRELAND,55.04416666666667,-8.340833333333334,10000.0,1,1,,0
1224,Exeter,UNITED KINGDOM,UNITED_KINGDOM,50.73444444444444,-3.413611111111111,130709.0,0,4,0.5466023385598908,0
1225,Galway,IRELAND,IRELAND,53.30027777777778,-8.94138888888889,83456.0,0,1,,0
1226,Isle of Man,UNITED KINGDOM,UNITED_KINGDOM,54.083333333333336,-4.623888888888889,10000.0,1,12,0.11735849629469765,0
1227,Kerry County,IRELAND,IRELAND,52.05,-9.5,10000.0,1,2,0.2598883933216741,0
1228,Londonderry,UNITED KINGDOM,UNITED_KINGDOM,55.04277777777778,-7.160833333333334,10000.0,1,4,0.17863059110801383,0
1229,Sligo,UNITED STATES,USA,38.23163888888889,-80.87080555555556,19199.0,0,1,,0
1230,Sheffield,HUNGARY,HUNGARY,46.24861111111111,20.090833333333332,556500.0,0,3,1.5915051363533932,0
1231,North Eleuthera,BAHAMAS,BAHAMAS,25.474833333333333,-76.68344333333333,10000.0,1,5,0.061688622925325655,0
1232,Key West,UNITED STATES,USA,24.55611111111111,-81.75955555555556,25755.0,0,6,0.14940279145961716,0
1233,George Town,BAHAMAS,BAHAMAS,23.483333333333334,-75.78333333333333,29370.0,0,3,0.3419579098916561,0
1234,Governors Harbour,BAHAMAS,BAHAMAS,25.284916944444443,-76.33113888888889,10000.0,1,4,0.16992504338908365,0
1235,Inagua,BAHAMAS,BAHAMAS,20.975,-73.66686111111112,10000.0,1,3,0.8185397232163495,0
1236,Marsh Harbour,BAHAMAS,BAHAMAS,26.511444444444443,-77.08347111111112,10000.0,1,5,0.19970699236316253,0
1237,The Bight,BAHAMAS,BAHAMAS,24.315171944444447,-75.45405305555556,10000.0,1,2,0.4500236621731791,0
1238,Treasure Cay,BAHAMAS,BAHAMAS,26.745277777777776,-77.38811111111112,10000.0,1,5,0.18986783627295606,0
1239,San Salvador,BAHAMAS,BAHAMAS,24.063778055555556,-74.5312811111111,525990.0,0,2,0.5697799168329347,0
1240,Lanzarote,SPAIN,SPAIN,28.945555555555554,-13.605,10000.0,1,38,2.0847894482575877,0
1241,Adana,TURKEY,TURKEY,36.98361111111111,35.280833333333334,1779463.0,0,7,1.0443720816340056,0
1242,Addis Ababa,ETHIOPIA,ETHIOPIA,8.983333333333333,38.8,2757729.0,0,37,0.6142199103652506,0
1243,Agadir,MOROCCO,MOROCCO,30.325,-9.412777777777778,698310.0,0,12,1.4677695504269217,0
1244,Algiers,ALGERIA,ALGERIA,36.7,3.216666666666667,1977663.0,0,56,0.7112210926994217,0
1245,Ankara,TURKEY,TURKEY,39.95,32.68666666666667,3517182.0,0,39,0.6271568551051093,0
1246,Aqaba,JORDAN,JORDAN,29.616666666666667,35.016666666666666,95048.0,0,5,1.523332235308159,0
1247,Ashgabat,TURKMENISTAN,TURKMENISTAN,37.983333333333334,58.36666666666667,727700.0,0,15,0.9840572739034991,0
1248,Baku,AZERBAIJAN,AZERBAIJAN,40.45,50.06666666666667,1116513.0,0,29,0.8707693321458558,0
1249,Bilbao,SPAIN,SPAIN,43.30111111111111,-2.9105555555555553,345821.0,0,23,0.457600586800585,0
1250,Bayreuth,GERMANY,GERMANY,49.98444444444444,11.63861111111111,75061.0,0,2,0.06389939091401704,0
1251,Bolzano,ITALY,ITALY,46.46111111111111,11.32638888888889,107436.0,0,2,0.21833081777888558,0
1252,Cluj,ROMANIA,ROMANIA,46.785,23.690277777777776,10000.0,1,7,0.3454032549342282,0
1253,Djerba,TUNISIA,TUNISIA,33.86666666666667,10.783333333333333,10000.0,1,20,1.2034339442745148,0
1254,Dnepropetrovsk,UKRAINE,UKRAINE,48.53333333333333,34.666666666666664,10000.0,1,7,0.6080549681605705,0
1255,Dresden,GERMANY,GERMANY,51.132222222222225,13.767222222222221,556227.0,0,23,0.2731852668578243,0
1256,Friedrichshafen,GERMANY,GERMANY,47.67027777777778,9.511666666666667,58403.0,0,12,0.33926754408922677,0
1257,Nizhniy Novgorod,RUSSIA,RUSSIA,56.33,44.0,1259013.0,0,7,0.7446832502386792,0
1258,Graz,AUSTRIA,AUSTRIA,46.99111111111111,15.439722222222223,295424.0,0,9,0.21622327232939553,0
1259,Hof,GERMANY,GERMANY,49.58777777777778,10.577777777777778,49239.0,0,2,0.049970133270613566,0
1260,Harare,ZIMBABWE,ZIMBABWE,-17.93138888888889,31.093888888888888,1542813.0,0,19,0.5975460885707773,0
1261,Hurghada,EGYPT,EGYPT,27.18411111111111,33.79838888888889,207132.0,0,19,1.9308300088154746,0
1262,Ibiza,SPAIN,SPAIN,38.87277777777778,1.3730555555555555,48684.0,0,11,0.9615440827224063,0
1263,Kiel,GERMANY,GERMANY,54.379444444444445,10.145277777777778,246601.0,0,3,0.24951071690643944,0
1264,Karaganda,KAZAKHSTAN,KAZAKHSTAN,49.833333333333336,73.16666666666667,10000.0,1,6,1.234607258402655,0
1265,Chisinau,MOLDOVA,MOLDOVA,47.016666666666666,28.866666666666667,635994.0,0,18,0.7196058375274201,0
1266,Klagenfurt,AUSTRIA,AUSTRIA,46.64277777777778,14.337222222222222,10000.0,1,4,0.21218282432338353,0
1267,Kostanay,LAOS,LAOS,20.416666666666668,104.06666666666666,210000.0,0,8,5.145775216783273,0
1268,Katowice,POLAND,POLAND,50.47416666666667,19.08,317316.0,0,4,0.4786475853317389,0
1269,Samara,RUSSIA,RUSSIA,53.2,50.15,1163399.0,0,21,0.7345460007032726,0
1270,Leipzig,GERMANY,GERMANY,51.415,12.226944444444445,504971.0,0,28,0.6389240507551832,0
1271,Lvov,UKRAINE,UKRAINE,49.81666666666667,23.95,10000.0,1,9,0.5754079097702133,0
1272,Monastir,TUNISIA,TUNISIA,35.666666666666664,10.75,71546.0,0,20,1.065054713687742,0
1273,Murcia,SPAIN,SPAIN,37.9525,-1.2308333333333332,460349.0,0,5,0.3039935966322517,0
1274,Minsk,BELARUS,BELARUS,53.86666666666667,27.55,1742124.0,0,22,0.8700695439683476,0
1275,Omsk,RUSSIA,RUSSIA,54.96666666666667,73.3,1172070.0,0,10,1.2185874713456564,0
1276,Riga,LATVIA,LATVIA,56.88333333333333,24.233333333333334,742572.0,0,14,0.5013077621916415,0
1277,Sarajevo,BOSNIA-HERZEGOVINA,BOSNIA-HERZEGOVINA,43.82472222222222,18.331666666666667,696731.0,0,12,0.625131823851098,0
1278,Sofia,BULGARIA,BULGARIA,42.695,23.408333333333335,1152556.0,0,35,0.777807272145148,0
1279,Split,CROATIA,CROATIA,43.53888888888889,16.298055555555557,149830.0,0,6,0.19789183955704406,0
1280,Ekaterinburg,RUSSIA,RUSSIA,56.983333333333334,60.916666666666664,10000.0,1,20,1.0306905857318422,0
1281,Tobago,TRINIDAD AND TOBAGO,TRINIDAD_AND_TOBAGO,11.15,-60.85,10000.0,1,5,0.34313373855864704,0
1282,Tabarka,TUNISIA,TUNISIA,36.95,8.75,10000.0,1,2,0.755807618205772,0
1283,Tirana,ALBANIA,ALBANIA,41.452222222222225,19.716944444444444,418495.0,0,15,0.4452988865714886,0
1284,Tripoli,UNITED STATES,USA,40.29355555555555,-88.14236111111111,229398.0,0,29,5.075986451056287,0
1285,Tallinn,ESTONIA,ESTONIA,59.38333333333333,24.583333333333332,394024.0,0,15,0.5399154563460483,0
1286,Tozeur,TUNISIA,TUNISIA,33.93333333333333,8.1,34943.0,0,6,0.5466547264387364,0
1287,Astana,KAZAKHSTAN,KAZAKHSTAN,51.2,71.45,345604.0,0,12,1.6384907374960531,0
1288,Valencia,SPAIN,SPAIN,39.489444444444445,-0.48138888888888887,789744.0,0,16,0.5575417162498915,0
1289,Verona,ITALY,ITALY,45.39611111111111,10.887222222222222,258031.0,0,17,0.45547233021118705,0
1290,Windhoek,NAMIBIA,NAMIBIA,-22.480833333333333,17.4725,268132.0,0,14,0.3441915632014813,0
1291,Wroclaw,POLAND,POLAND,51.102777777777774,16.885833333333334,10000.0,1,5,0.3504180262246495,0
1292,Zaragoza,SPAIN,SPAIN,41.66722222222222,-1.0430555555555556,24067.0,0,5,0.25077982546538174,0
1293,Ciudad Obregon,MEXICO,M&Eacute;XICO#MEXICO,27.392777777777777,-109.83472222222223,10000.0,1,7,0.4445402306798566,0
1294,Nuevo Laredo,MEXICO,M&Eacute;XICO#MEXICO,27.442777777777778,-99.56972222222223,373725.0,0,2,0.7600547327409575,0
1295,Oaxaca,MEXICO,M&Eacute;XICO#MEXICO,16.99861111111111,-96.72638888888889,255029.0,0,6,0.4895622120983949,0
1296,Rio Dulce,UNITED KINGDOM,UNITED_KINGDOM,53.71666666666667,-0.5666666666666667,10000.0,1,2,7.397438597613474,0
1297,Puerto Barrios,GUATEMALA,GUATEMALA,15.733333333333333,-88.58333333333333,100593.0,0,3,0.16113725108328844,0
1298,Guerrero Negro,MEXICO,M&Eacute;XICO#MEXICO,28.025222222222222,-114.02316694444445,10000.0,1,1,,0
1299,Ely,UNITED STATES,USA,39.29969444444444,-114.84188888888889,19090.0,0,2,0.15832494749754755,0
1300,Grand Canyon,UNITED STATES,USA,35.95235388888889,-112.14696472222222,10000.0,1,2,0.6087207369598294,0
1301,Arequipa,PERU,PER&Uacute;#PERU,-16.333333333333332,-71.56666666666666,1008290.0,0,4,0.16795251782188428,0
1302,Ayacucho,PERU,PER&Uacute;#PERU,-13.133333333333333,-74.2,140033.0,0,2,0.14432041337735227,0
1303,Chiclayo,PERU,PER&Uacute;#PERU,-6.783333333333333,-79.83333333333333,552508.0,0,3,0.2067106971583631,0
1304,Cuzco,PERU,PER&Uacute;#PERU,-13.533333333333333,-71.96666666666667,10000.0,1,4,0.36959546780708114,0
1305,Huanuco,PERU,PER&Uacute;#PERU,-9.9,-75.75,10000.0,1,1,,0
1306,Iquitos,PERU,PER&Uacute;#PERU,-3.75,-73.25,377609.0,0,4,0.5045287884108867,0
1307,Cajamarca,PERU,PER&Uacute;#PERU,-7.133333333333334,-78.46666666666667,201329.0,0,2,0.20961543846491795,0
1308,Jauja,PERU,PER&Uacute;#PERU,-11.783333333333333,-75.46666666666667,21057.0,0,2,0.1020121659867343,0
1309,La Paz,BOLIVIA,BOLIVIA,-16.516666666666666,-68.18333333333334,24716.0,0,9,0.34960166927101544,0
1310,Pucallpa,PERU,PER&Uacute;#PERU,-8.416666666666666,-74.58333333333333,326040.0,0,2,0.31418189549936776,0
1311,Piura,PERU,PER&Uacute;#PERU,-5.183333333333334,-80.6,484475.0,0,3,0.27554306870473283,0
1312,Tarapoto,PERU,PER&Uacute;#PERU,-6.45,-76.36666666666666,10000.0,1,2,0.3311161077383433,0
1313,Trujillo,PERU,PER&Uacute;#PERU,-8.083333333333334,-79.03333333333333,919899.0,0,4,0.34456838435108234,0
1314,Aarhus,DENMARK,DENMARK,56.3,10.619166666666667,10000.0,1,6,0.25612852863885943,0
1315,Alghero,ITALY,ITALY,40.63111111111111,8.288611111111111,34261.0,0,9,0.42503339157830144,0
1316,Ancona,ITALY,ITALY,43.615833333333335,13.362222222222222,89994.0,0,4,0.278865328659282,0
1317,Belfast,UNITED KINGDOM,UNITED_KINGDOM,54.6575,-6.215277777777778,345418.0,0,17,0.22507368688828253,0
1318,Biarritz,FRANCE,FRANCE,43.468333333333334,-1.5308333333333333,33188.0,0,4,0.4348448088989281,0
1319,Bordeaux,FRANCE,FRANCE,44.82861111111111,-0.715,260958.0,0,25,0.44159840237247827,0
1320,Carcassonne,FRANCE,FRANCE,43.215833333333336,2.308611111111111,49600.0,0,4,0.22326457545524062,0
1321,Douala,CAMEROON,CAMEROON,4.016666666666667,9.716666666666667,1338082.0,0,17,0.6017423832521113,0
1322,Dundee,UNITED KINGDOM,UNITED_KINGDOM,56.4525,-3.0255555555555556,148210.0,0,1,,0
1323,Dinard,FRANCE,FRANCE,48.58777777777778,-2.0797222222222222,10000.0,1,3,0.1440666367042594,0
1324,Entebbe/Kampala,UGANDA,UGANDA,0.05,32.45,10000.0,1,14,0.2460431339023407,0
1325,St Etienne,FRANCE,FRANCE,45.534166666666664,4.2972222222222225,10000.0,1,2,0.31193102094099723,0
1326,Nimes,FRANCE,FRANCE,43.7575,4.416388888888889,10000.0,1,2,0.4157711568454468,0
1327,Gdansk,POLAND,POLAND,54.3775,18.46638888888889,10000.0,1,5,0.39894252517276396,0
1328,Gibraltar,UNITED KINGDOM,UNITED_KINGDOM,36.14416666666666,-5.3758333333333335,26544.0,0,1,,0
1329,Genoa,ITALY,ITALY,44.41388888888889,8.8375,580097.0,0,12,0.3576898451818173,0
1330,Inverness,UNITED KINGDOM,UNITED_KINGDOM,57.54,-4.049722222222222,47790.0,0,5,0.111841262083166,0
1331,Jersey,AUSTRALIA,AUSTRALIA,-35.373333333333335,145.7225,10000.0,1,18,10.364353014016636,0
1332,Kristianstad,SWEDEN,SWEDEN,55.92055555555555,14.085277777777778,39762.0,0,5,0.3032952565732899,0
1333,Libreville,GABON,GABON,0.4666666666666667,9.416666666666666,578156.0,0,25,0.4413608774890864,0
1334,Le Havre,FRANCE,FRANCE,49.53388888888889,0.08805555555555555,185972.0,0,3,0.13042410228820964,0
1335,Luxor,EGYPT,EGYPT,25.670833333333334,32.70638888888889,422407.0,0,17,1.808250643614037,0
1336,Menorca,SPAIN,SPAIN,39.8625,4.2186111111111115,10000.0,1,7,0.7907908785043701,0
1337,Montpellier,FRANCE,FRANCE,43.583333333333336,3.961388888888889,248252.0,0,15,0.6000498740686601,0
1338,Marseille,FRANCE,FRANCE,43.43666666666667,5.215,870731.0,0,47,0.5543417605690985,0
1339,Knock,IRELAND,IRELAND,53.91027777777778,-8.818055555555556,10000.0,1,2,0.29764986756315903,0
1340,Newquay,UNITED KINGDOM,UNITED_KINGDOM,50.440555555555555,-4.995277777777778,20189.0,0,2,0.10194824210791198,0
1341,Nantes,FRANCE,FRANCE,47.15694444444444,-1.6075,318808.0,0,20,0.49954105711987007,0
1342,Asturias,SPAIN,SPAIN,43.56361111111111,-6.0344444444444445,10000.0,1,6,0.5431427684927699,0
1343,Perpignan,FRANCE,FRANCE,42.740833333333335,2.8697222222222223,110706.0,0,2,0.4616154711322812,0
1344,Plymouth,UNITED KINGDOM,UNITED_KINGDOM,50.422777777777775,-4.105833333333333,260203.0,0,5,0.14605119915476933,0
1345,Rimini,ITALY,ITALY,44.02166666666667,12.611944444444445,148688.0,0,3,1.0190126852969543,0
1346,Rotterdam,THE NETHERLANDS,THE_NETHERLANDS,51.956944444444446,4.437222222222222,598199.0,0,8,0.2477392003349815,0
1347,Santiago de Compostela,SPAIN,SPAIN,42.896388888888886,-8.415,97849.0,0,10,0.7429317807024319,0
1348,Lamezia Terme,ITALY,ITALY,38.906666666666666,16.240833333333335,70501.0,0,3,0.5123933270045784,0
1349,Ovda,ISRAEL,ISRAEL,30.0,34.833333333333336,10000.0,1,5,1.9477343736256079,0
1350,Waterford,IRELAND,IRELAND,52.187222222222225,-7.086666666666667,53504.0,0,1,,0
1351,Negril,JAMAICA,JAMAICA,18.31,-78.33,10000.0,1,2,0.08619642758164259,0
1352,Ocho Rios,JAMAICA,JAMAICA,18.4042,-76.9691,10000.0,1,2,0.04967070232241876,0
1353,Port Antonio,JAMAICA,JAMAICA,18.19880611111111,-76.53452805555557,10000.0,1,2,0.0657583717236949,0
1354,Greenville,UNITED STATES,USA,33.482881111111105,-90.98561388888889,16434.0,0,2,0.295004129330964,0
1355,Laurel,UNITED STATES,USA,31.672551388888888,-89.17222416666667,26215.0,0,2,0.38033209674516844,0
1356,Jackson,UNITED STATES,USA,35.59987944444444,-88.9156161111111,170674.0,0,2,0.20552069856134514,0
1357,Owensboro,UNITED STATES,USA,37.74011111111111,-87.16683333333333,59042.0,0,3,0.2723547685627328,0
1358,Tupelo,UNITED STATES,USA,34.26810833333333,-88.76989499999999,35680.0,0,2,0.19296803239992083,0
1359,Colima,MEXICO,M&Eacute;XICO#MEXICO,19.273333333333333,-103.57666666666667,15875.0,0,2,0.8736827433274709,0
1360,Ciudad del Carmen,MEXICO,M&Eacute;XICO#MEXICO,18.65222222222222,-91.80111111111111,169466.0,0,5,0.3146639631294961,0
1361,Ciudad Victoria,MEXICO,M&Eacute;XICO#MEXICO,23.709444444444443,-98.962,332100.0,0,2,0.31423933251376773,0
1362,Huatulco,MEXICO,M&Eacute;XICO#MEXICO,15.774166666666666,-96.26083333333334,10000.0,1,3,0.1288767396158963,0
1363,Ixtepec,MEXICO,M&Eacute;XICO#MEXICO,16.466666666666665,-95.1,25381.0,0,1,,0
1364,Lazaro Cardenas,MEXICO,M&Eacute;XICO#MEXICO,18.001361111111112,-102.2213888888889,10000.0,1,1,,0
1365,Matamoros,MEXICO,M&Eacute;XICO#MEXICO,25.770555555555557,-97.525,52233.0,0,3,0.23562218361595422,0
1366,Manaus,BRAZIL,BRAZIL,-3.033333333333333,-60.05,2219580.0,0,17,0.8302657150893872,0
1367,Minatitlan,MEXICO,M&Eacute;XICO#MEXICO,18.103055555555557,-94.58027777777778,10000.0,1,2,0.30035417392582975,0
1368,Poza Rica,MEXICO,M&Eacute;XICO#MEXICO,20.516666666666666,-97.46666666666667,10000.0,1,3,0.19687034241948612,0
1369,Puerto Escondido,MEXICO,M&Eacute;XICO#MEXICO,15.876138888888889,-97.0903888888889,25902.0,0,3,0.11623500226135325,0
1370,Reynosa,MEXICO,M&Eacute;XICO#MEXICO,26.016666666666666,-98.22833333333334,589466.0,0,4,0.3414691293155673,0
1371,San Cristobal de Las Casas,PHILIPPINES,PHILIPPINES,12.816666666666666,120.88333333333334,10000.0,1,1,,0
1372,Tapachula,MEXICO,M&Eacute;XICO#MEXICO,14.793055555555556,-92.37,202672.0,0,1,,0
1373,Tepic,MEXICO,M&Eacute;XICO#MEXICO,21.410833333333333,-104.84138888888889,332863.0,0,2,0.8384635809483335,0
1374,Naples,UNITED STATES,USA,26.152768611111107,-81.77512694444444,909048.0,0,4,0.1270788649790553,0
1375,Barranquilla,COLOMBIA,COLOMBIA,10.9,-74.78333333333333,1206319.0,0,12,0.4411233761115067,0
1376,Belem,BRAZIL,BRAZIL,-1.3833333333333333,-48.483333333333334,10000.0,1,16,0.5181206273578656,0
1377,Bimini,BAHAMAS,BAHAMAS,25.7,-79.26666666666667,10000.0,1,2,0.09124749454559175,0
1378,Cali,COLOMBIA,COLOMBIA,3.55,-76.38333333333334,2392877.0,0,17,0.2715664303663364,0
1379,Cartagena,COLOMBIA,COLOMBIA,10.45,-75.51666666666667,16875.0,0,13,0.43988697282706263,0
1380,La Romana,DOMINICAN REPUBLIC,DOMINICAN_REPUBLIC,18.416666666666668,-68.95,208437.0,0,2,0.4884066244306311,0
1381,Maracaibo,VENEZUELA,VENEZUELA,10.566666666666666,-71.73333333333333,2225000.0,0,12,0.28393969673179276,0
1382,Medellin,COLOMBIA,COLOMBIA,6.216666666666667,-75.6,10000.0,1,23,0.2966507098968808,0
1383,Recife,BRAZIL,BRAZIL,-8.133333333333333,-34.93333333333333,1653461.0,0,17,0.42060105392294556,0
1384,St Croix Island,US VIRGIN ISLANDS,US_VIRGIN_ISLANDS,17.701888888888888,-64.79855555555555,10000.0,1,9,0.13418759393073262,0
1385,Valencia,VENEZUELA,VENEZUELA,10.15,-67.93333333333334,789744.0,0,8,0.29030907854873067,0
1386,Brindisi,ITALY,ITALY,40.658611111111114,17.946666666666665,87141.0,0,2,0.41591145695309106,0
1387,Bari,ITALY,ITALY,41.13805555555555,16.765,316491.0,0,5,0.5905355664201248,0
1388,Cagliari,AUSTRALIA,AUSTRALIA,-32.265,125.49333333333334,149257.0,0,11,16.373765546156335,0
1389,Cuneo,ITALY,ITALY,44.545833333333334,7.621666666666667,55980.0,0,3,0.13703309411650608,0
1390,Foggia,ITALY,ITALY,41.43277777777778,15.535277777777777,137032.0,0,3,0.29979809092477827,0
1391,Lampedusa,ITALY,ITALY,35.49638888888889,12.610833333333334,10000.0,1,4,0.6559828704881253,0
1392,Fortaleza,BRAZIL,BRAZIL,-3.783333333333333,-38.53333333333333,2400000.0,0,16,0.7898086378839618,0
1393,Olbia,ITALY,ITALY,40.89861111111111,9.517777777777777,60345.0,0,5,0.34441653674117206,0
1394,Perugia,ITALY,ITALY,43.09777777777778,12.511111111111111,120137.0,0,1,,0
1395,Parma,ITALY,ITALY,44.82138888888889,10.294722222222223,198292.0,0,4,0.34070717559551283,0
1396,Palermo,ITALY,ITALY,38.18194444444445,13.099166666666667,648260.0,0,16,0.6680264667120368,0
1397,Pescara,ITALY,ITALY,42.437222222222225,14.187222222222223,119554.0,0,2,0.5245205587456234,0
1398,Reggio Calabria,ITALY,ITALY,38.07194444444445,15.653611111111111,182455.0,0,2,0.45342049798619555,0
1399,Santiago,CUBA,CUBA,19.966666666666665,-75.83333333333333,46611.0,0,7,4.526093342434972,0
1400,Salvador,BRAZIL,BRAZIL,-12.9,-38.333333333333336,2711840.0,0,18,0.6397430041824014,0
1401,Sharm el Sheikh,EGYPT,EGYPT,27.85,34.3,10000.0,1,12,0.8263065773539026,0
1402,Trieste,ITALY,ITALY,45.65,13.75,204338.0,0,6,0.32399608364049426,0
1403,Dodge City,UNITED STATES,USA,37.76312194444444,-99.96542388888889,27912.0,0,3,0.1386280575233075,0
1404,Great Bend,UNITED STATES,USA,38.34441861111111,-98.85917027777778,15717.0,0,2,0.25714080900883046,0
1405,Kirksville,UNITED STATES,USA,40.09364444444444,-92.54496916666666,17520.0,0,1,,0
1406,Manhattan,UNITED STATES,USA,39.14096722222222,-96.67083222222223,56308.0,0,2,0.14275525510193351,0
1407,Salina,UNITED STATES,USA,38.7914825,-97.65060333333334,47813.0,0,3,0.16324977195199636,0
1408,Topeka,UNITED STATES,USA,39.06865749999999,-95.62248361111111,127265.0,0,1,,0
1409,Escanaba,UNITED STATES,USA,45.72266972222222,-87.0937313888889,10000.0,1,4,0.3602569733440018,0
1410,Uruapan,MEXICO,M&Eacute;XICO#MEXICO,19.395833333333332,-102.03888888888889,356786.0,0,1,,0
1411,Anapa,RUSSIA,RUSSIA,44.9,37.31666666666667,53600.0,0,9,0.9696060818332902,0
1412,Adler/Sochi,RUSSIA,RUSSIA,43.45,39.9,10000.0,1,12,0.7946923891077775,0
1413,Arkhangelsk,RUSSIA,RUSSIA,64.53333333333333,40.46666666666667,10000.0,1,3,0.3531986874179987,0
1414,Andizhan,UZBEKHISTAN,UZBEKHISTAN,40.75,72.36666666666666,10000.0,1,3,0.7248832709348264,0
1415,Barnaul,RUSSIA,RUSSIA,53.4,83.7,632372.0,0,4,1.1882952836165719,0
1416,Bukhara,UZBEKHISTAN,UZBEKHISTAN,39.766666666666666,64.48333333333333,280187.0,0,2,0.7108559350525675,0
1417,Bourgas,BULGARIA,BULGARIA,42.56666666666667,27.516666666666666,10000.0,1,3,0.17589791835341168,0
1418,Bratsk,RUSSIA,RUSSIA,56.3708,101.6986,256600.0,0,5,1.8787278538467176,0
1419,Bratislava,SLOVAKIA,SLOVAKIA,48.17,17.212777777777777,423737.0,0,8,0.6335160834857757,0
1420,Batumi,GEORGIA,GEORGIA,41.61666666666667,41.6,172100.0,0,1,,0
1421,Chelyabinsk,RUSSIA,RUSSIA,55.166666666666664,61.4,1202371.0,0,5,0.9127173768053478,0
1422,Chernovtsy,UKRAINE,UKRAINE,48.3,25.933333333333334,10000.0,1,1,,0
1423,Donetsk,UKRAINE,UKRAINE,48.083333333333336,37.75,50850.0,0,11,0.6360183264195672,0
1424,Anadyr,RUSSIA,RUSSIA,64.78333333333333,177.56666666666666,15604.0,0,2,2.340679231949159,0
1425,Belgorod,RUSSIA,RUSSIA,50.63333333333333,36.583333333333336,345289.0,0,1,,0
1426,Elista,RUSSIA,RUSSIA,46.37,44.33,106971.0,0,1,,0
1427,Elat,ISRAEL,ISRAEL,29.566666666666666,34.96666666666667,10000.0,1,4,0.1392983735421662,0
1428,Magadan,RUSSIA,RUSSIA,59.583333333333336,150.78333333333333,92782.0,0,4,1.3908512423006698,0
1429,Kharkov,UKRAINE,UKRAINE,49.86666666666667,36.13333333333333,10000.0,1,3,0.39213753549441915,0
1430,Irkutsk,RUSSIA,RUSSIA,52.25,104.35,623869.0,0,13,1.1525581315862818,0
1431,Kemerovo,RUSSIA,RUSSIA,55.33,86.08,558973.0,0,2,1.4992914974625986,0
1432,Kaliningrad,RUSSIA,RUSSIA,54.72,20.5,475056.0,0,4,0.5441277422657461,0
1433,Kherson,UKRAINE,UKRAINE,46.68333333333333,32.63333333333333,283649.0,0,1,,0
1434,Karlovy Vary,CZECH REPUBLIC,CZECH_REPUBLIC,50.20305555555556,12.915,45500.0,0,1,,0
1435,Kurgan,RUSSIA,RUSSIA,55.43,65.3,309285.0,0,1,,0
1436,Krasnodar,RUSSIA,RUSSIA,45.06666666666667,38.916666666666664,899541.0,0,18,0.8501345229500459,0
1437,Gyandzha,AZERBAIJAN,AZERBAIJAN,40.73,46.32,10000.0,1,3,0.8938350220512136,0
1438,Krivoy Rog,UKRAINE,UKRAINE,48.05,33.22,10000.0,1,2,0.4562149445875863,0
1439,Kazan,RUSSIA,RUSSIA,55.78333333333333,49.2,1243500.0,0,14,0.8080524776281236,0
1440,Gyoumri,ARMENIA,ARMENIA,40.72,43.83,10000.0,1,2,0.5462711360077257,0
1441,Makhachkala,RUSSIA,RUSSIA,42.97,47.5,596356.0,0,1,,0
1442,Mirnyj,RUSSIA,RUSSIA,62.53,114.03,10000.0,1,1,,0
1443,Murmansk,RUSSIA,RUSSIA,68.96666666666667,33.05,295374.0,0,5,0.5100706146146136,0
1444,Chita,RUSSIA,RUSSIA,52.03333333333333,113.33333333333333,83891.0,0,2,1.5493876623443807,0
1445,Magnitogorsk,RUSSIA,RUSSIA,53.45,59.07,413351.0,0,4,0.8054361310874176,0
1446,Mineralnye Vody,RUSSIA,RUSSIA,44.21666666666667,43.083333333333336,76280.0,0,17,0.7754620474138374,0
1447,Nalchik,RUSSIA,RUSSIA,43.53,43.7,239300.0,0,1,,0
1448,Naberevnye Chelny,RUSSIA,RUSSIA,55.57,52.1,10000.0,1,6,0.7456875664777504,0
1449,Nukus,UZBEKHISTAN,UZBEKHISTAN,42.48,59.63,332500.0,0,3,0.4980827066173294,0
1450,Neryungri,RUSSIA,RUSSIA,56.65,124.6,66320.0,0,5,0.5332085739692062,0
1451,Nizhnevartovsk,RUSSIA,RUSSIA,60.95,76.48,244937.0,0,6,1.152021547827429,0
1452,Nikolaev,UKRAINE,UKRAINE,47.05,31.92,10000.0,1,2,0.4551410699212473,0
1453,Novokuznetsk,RUSSIA,RUSSIA,53.733333333333334,87.18333333333334,539616.0,0,2,1.574961931094377,0
1454,Norilsk,RUSSIA,RUSSIA,69.32,87.32,140800.0,0,11,1.2530430182717258,0
1455,Novy Urengoy,RUSSIA,RUSSIA,66.08,76.52,10000.0,1,5,0.9572767261374378,0
1456,Nadym,RUSSIA,RUSSIA,65.48,72.72,46339.0,0,3,1.0396571033079176,0
1457,Odessa,UKRAINE,UKRAINE,46.483333333333334,30.65,118968.0,0,15,0.6305682403780293,0
1458,Osh,KYRGYZSTAN,KYRGYZSTAN,40.55,72.8,322164.0,0,3,0.8108995419662565,0
1459,Orsk,RUSSIA,RUSSIA,51.23,58.58,246836.0,0,1,,0
1460,Zaporozhye,UKRAINE,UKRAINE,47.86666666666667,35.31666666666667,10000.0,1,3,0.4898851685531485,0
1461,Perm,RUSSIA,RUSSIA,58.0,56.25,982419.0,0,8,0.862845560501834,0
1462,Orenburg,RUSSIA,RUSSIA,51.78,55.12,564773.0,0,4,0.7514763858963399,0
1463,Rostov,RUSSIA,RUSSIA,47.25,39.81666666666667,31039.0,0,16,0.8600251322034266,0
1464,Saratov,RUSSIA,RUSSIA,51.57,46.07,844858.0,0,4,0.5559952638342358,0
1465,Syktyvkar,RUSSIA,RUSSIA,61.71666666666667,50.833333333333336,245083.0,0,2,0.5169906162025695,0
1466,Surgut,RUSSIA,RUSSIA,61.25,73.5,300367.0,0,9,1.2072812825880246,0
1467,Simferopol,UKRAINE,UKRAINE,45.016666666666666,33.983333333333334,336460.0,0,10,0.5727060063856254,0
1468,Samarkand,UZBEKHISTAN,UZBEKHISTAN,39.7,67.0,513572.0,0,2,0.7029920365666933,0
1469,Salehard,GUINEA BISSAU,GUINEA_BISSAU,12.4,-16.2,10000.0,1,6,4.148649137106225,0
1470,Stavropol,RUSSIA,RUSSIA,45.333333333333336,42.0,10000.0,1,2,0.43640840898420885,0
1471,Tyumen,RUSSIA,RUSSIA,57.15,65.53,768358.0,0,11,0.9340605364628651,0
1472,Tomsk,RUSSIA,RUSSIA,56.5,84.97,574002.0,0,1,,0
1473,Ukhta,RUSSIA,RUSSIA,63.57,53.8,102187.0,0,1,,0
1474,Uzhgorod,UKRAINE,UKRAINE,48.63333333333333,21.266666666666666,115449.0,0,2,0.5322698110221602,0
1475,Ufa,RUSSIA,RUSSIA,54.73,55.93,1120547.0,0,19,0.8144004873666801,0
1476,Urgench,UZBEKHISTAN,UZBEKHISTAN,41.583333333333336,60.65,10000.0,1,3,0.42099524029813706,0
1477,Ust-Kamenogorsk,KAZAKHSTAN,KAZAKHSTAN,50.03,82.5,319067.0,0,3,0.36226838249467314,0
1478,Ulan-Ude,RUSSIA,RUSSIA,51.8,107.43333333333334,360278.0,0,1,,0
1479,Varna,BULGARIA,BULGARIA,43.233333333333334,27.825,312770.0,0,4,0.21695918171602196,0
1480,Volgodonsk,RUSSIA,RUSSIA,47.68,42.08,167731.0,0,1,,0
1481,Volgograd,RUSSIA,RUSSIA,48.68333333333333,44.35,1013533.0,0,7,0.5236364844733012,0
1482,Yakutsk,RUSSIA,RUSSIA,62.083333333333336,129.76666666666668,235600.0,0,8,0.8504548001862514,0
1483,Aberdeen,UNITED STATES,USA,45.44905555555556,-98.42183333333332,198590.0,0,3,0.16796526809262285,0
1484,Bemidji,UNITED STATES,USA,47.50942416666667,-94.93372333333333,10000.0,1,3,0.14561127652388506,0
1485,Brookings,UNITED STATES,USA,44.304833333333335,-96.81694444444445,23657.0,0,2,0.17652102031886294,0
1486,Brainerd,UNITED STATES,USA,46.39785805555555,-94.1372275,10000.0,1,3,0.16246162467858036,0
1487,Eau Claire,UNITED STATES,USA,44.865257222222226,-91.48507194444443,67778.0,0,2,0.14244470276175725,0
1488,Grand Forks,UNITED STATES,USA,47.949255,-97.17611111111111,57011.0,0,2,0.23560613401285324,0
1489,Ironwood,UNITED STATES,USA,46.52747472222222,-90.13139666666666,10000.0,1,1,,0
1490,Jamestown,UNITED STATES,USA,46.929719444444444,-98.67819527777777,637.0,0,2,0.26725186486269714,0
1491,Mason City,UNITED STATES,USA,43.157792500000006,-93.33126055555555,27366.0,0,2,0.12609399466833987,0
1492,Minot,UNITED STATES,USA,48.25937777777778,-101.2803338888889,49450.0,0,1,,0
1493,St Cloud,UNITED STATES,USA,45.54532416666666,-94.05833666666668,10000.0,1,2,0.12603418418309406,0
1494,Portsmouth,UNITED STATES,USA,43.07795888888889,-70.82327333333333,208100.0,0,3,1.0672989613907258,0
1495,Annaba,ALGERIA,ALGERIA,36.81666666666667,7.816666666666666,206570.0,0,6,0.7484510091991049,0
1496,Agen,FRANCE,FRANCE,44.17472222222222,0.5905555555555555,34367.0,0,2,0.1884490152523152,0
1497,Ajaccio,FRANCE,FRANCE,41.92388888888889,8.8025,54364.0,0,5,0.478750363203099,0
1498,Aosta,ITALY,ITALY,45.739444444444445,7.361944444444444,35261.0,0,4,0.3808852191739576,0
1499,Aswan,UNITED STATES,USA,41.2747,-85.84005555555557,379774.0,0,4,5.272015645597411,0
1500,Aurillac,FRANCE,FRANCE,44.8975,2.4166666666666665,34724.0,0,1,,0
1501,Avignon,FRANCE,FRANCE,43.906666666666666,4.901944444444444,89769.0,0,1,,0
1502,Brest,FRANCE,FRANCE,48.44722222222222,-4.421388888888889,362641.0,0,4,0.4838371770311781,0
1503,Bastia,FRANCE,FRANCE,42.55,9.484722222222222,41001.0,0,5,0.5077210484960984,0
1504,Bejaia,ALGERIA,ALGERIA,36.71666666666667,5.066666666666666,10000.0,1,5,0.7225971408436007,0
1505,Bamako,MALI,MALI,12.533333333333333,-7.95,1297281.0,0,19,0.6050739773782511,0
1506,Batna,ALGERIA,ALGERIA,35.55,6.166666666666667,280798.0,0,3,0.7040350881448547,0
1507,Biskra,ALGERIA,ALGERIA,34.8,5.733333333333333,307987.0,0,3,1.0041787346197208,0
1508,Brive-La-Gaillarde,FRANCE,FRANCE,45.14972222222222,1.4744444444444444,10000.0,1,1,,0
1509,Beziers,FRANCE,FRANCE,43.32333333333333,3.3533333333333335,10000.0,1,1,,0
1510,Cayenne,FRENCH GUIANA,FRENCH_GUIANA,4.816666666666666,-52.36666666666667,61550.0,0,8,0.47483320279330354,0
1511,Cherbourg,FRANCE,FRANCE,49.65083333333333,-1.475,10000.0,1,1,,0
1512,Calvi,FRANCE,FRANCE,42.52027777777778,8.793055555555556,10000.0,1,4,0.3974981010425217,0
1513,Chambery,FRANCE,FRANCE,45.63916666666667,5.88,10000.0,1,1,,0
1514,Cotonou,BENIN,BENIN,6.35,2.3833333333333333,780000.0,0,16,0.7150095964920031,0
1515,Constantine,UNITED STATES,USA,34.45678277777778,-84.93949888888889,450097.0,0,9,7.5733937840352645,0
1516,Castres,FRANCE,FRANCE,43.555,2.2905555555555557,47275.0,0,2,0.21303668537575612,0
1517,Bergerac,FRANCE,FRANCE,44.824444444444445,0.5205555555555555,28317.0,0,2,0.16725789944892663,0
1518,Epinal,FRANCE,FRANCE,48.325,6.066666666666666,10000.0,1,1,,0
1519,Metz/Nancy,FRANCE,FRANCE,48.97833333333333,6.246666666666667,10000.0,1,8,0.7158193050302333,0
1520,Fort de France,MARTINIQUE,MARTINIQUE,14.583333333333334,-61.0,10000.0,1,14,0.34409751065854893,0
1521,Fez,MOROCCO,MOROCCO,33.93333333333333,-4.966388888888889,10000.0,1,2,3.7033303472216885,0
1522,Figari,FRANCE,FRANCE,41.50222222222222,9.096666666666666,10000.0,1,3,0.36147424145893164,0
1523,Grenoble,FRANCE,FRANCE,45.363055555555555,5.332777777777777,158552.0,0,1,,0
1524,Khartoum,SUDAN,SUDAN,15.6,32.55,1974647.0,0,29,0.9716032303463638,0
1525,Luanda,ANGOLA,ANGOLA,-8.85,13.233333333333333,2776168.0,0,13,2.508254943410704,0
1526,Lannion,FRANCE,FRANCE,48.755,-3.4741666666666666,21473.0,0,1,,0
1527,Lourdes/Tarbes,FRANCE,FRANCE,43.18555555555555,-0.0025,10000.0,1,1,,0
1528,Limoges,FRANCE,FRANCE,45.86083333333333,1.1802777777777778,141176.0,0,2,0.2499646388228495,0
1529,Le Puy,FRANCE,FRANCE,45.07972222222222,3.763333333333333,10000.0,1,1,,0
1530,La Rochelle,FRANCE,FRANCE,46.17916666666667,-1.195,76810.0,0,3,0.2369930722265295,0
1531,Lorient,FRANCE,FRANCE,47.760555555555555,-3.439722222222222,58112.0,0,2,0.43841127058269963,0
1532,Montlucon,MOZAMBIQUE,MOZAMBIQUE,-16.85,36.96666666666667,10000.0,1,1,,0
1533,Annecy,FRANCE,FRANCE,45.93083333333333,6.106388888888889,49232.0,0,1,,0
1534,Ndjamena,CHAD,CHAD,12.116666666666667,15.033333333333333,10000.0,1,10,1.051167768944026,0
1535,Niamey,NIGER,NIGER,13.483333333333333,2.1666666666666665,774235.0,0,13,0.8978894900235915,0
1536,Nouakchott,MAURITANIA,MAURITANIA,18.1,-15.95,661400.0,0,10,0.5598311313714869,0
1537,Oran,ALGERIA,ALGERIA,35.63333333333333,-0.6166666666666667,645984.0,0,17,0.7933444020668668,0
1538,Ouagadougou,BURKINA FASO,BURKINA_FASO,12.35,-1.5166666666666666,1086505.0,0,12,0.5061959647252088,0
1539,Ouarzazate,MOROCCO,MOROCCO,30.933333333333334,-6.8997222222222225,10000.0,1,2,3.813952244346107,0
1540,Conakry,GUINEA,GUINEA,9.566666666666666,-13.616666666666667,1767200.0,0,11,0.5323427635748651,0
1541,Perigueux,FRANCE,FRANCE,45.1975,0.8152777777777778,10000.0,1,1,,0
1542,Port Harcourt,NIGERIA,NIGERIA,4.85,7.016666666666667,1865000.0,0,2,1.565116308692708,0
1543,Pointe-a-Pitre,GUADELOUPE,GUADELOUPE,16.266666666666666,-61.516666666666666,10000.0,1,18,0.24463182377150805,0
1544,Pau,FRANCE,FRANCE,43.38,-0.41833333333333333,82697.0,0,5,0.5067415195066827,0
1545,Rabat,MOROCCO,MOROCCO,34.05,-6.756666666666667,1655753.0,0,1,,0
1546,Rodez,FRANCE,FRANCE,44.4075,2.4833333333333334,28337.0,0,4,0.15756364200414844,0
1547,Roanne,FRANCE,FRANCE,46.016666666666666,4.016666666666667,39840.0,0,1,,0
1548,Rennes,FRANCE,FRANCE,48.07194444444445,-1.7319444444444445,220488.0,0,11,0.6996194469723769,0
1549,Sanaa,YEMEN,YEMEN,15.383333333333333,44.21666666666667,1937451.0,0,30,0.6614049475018028,0
1550,St Brieuc,FRANCE,FRANCE,48.5375,-2.856388888888889,10000.0,1,3,0.22176917472045649,0
1551,Sfax,TUNISIA,TUNISIA,34.71666666666667,10.683333333333334,277278.0,0,3,0.16031382040537795,0
1552,Tlemcen,ALGERIA,ALGERIA,35.016666666666666,-1.45,132341.0,0,4,0.6521374914263488,0
1553,Toulon,FRANCE,FRANCE,43.0825,5.933611111111111,168701.0,0,2,0.38736042205529153,0
1554,Antananarivo,MADAGASCAR,MADAGASCAR,-18.8,47.483333333333334,1391433.0,0,31,0.2425714648064793,0
1555,Quimper,FRANCE,FRANCE,47.975,-4.1675,63849.0,0,1,,0
1556,Valladolid,SPAIN,SPAIN,41.70611111111111,-4.851666666666667,299265.0,0,5,0.4743023161309819,0
1557,New London/Groton,UNITED STATES,USA,41.33005777777778,-72.04513555555556,10000.0,1,1,,0
1558,New Haven,UNITED STATES,USA,41.26389888888889,-72.8871,130322.0,0,2,0.3886477559894108,0
1559,Williamsport,UNITED STATES,USA,41.24183583333333,-76.92109555555554,29201.0,0,2,0.4053943475124952,0
1560,Reading,UNITED STATES,USA,40.3785,-75.96525000000001,318014.0,0,2,0.3614625152846449,0
1561,Altoona,UNITED STATES,USA,40.296372222222224,-78.32002305555555,16984.0,0,4,0.23601659678546325,0
1562,Watertown,UNITED STATES,USA,43.99192222222223,-76.0217386111111,31915.0,0,3,0.2712070795047366,0
1563,Bradford,UNITED STATES,USA,41.80306777777778,-78.64012083333333,366187.0,0,1,,0
1564,Cumberland,AUSTRALIA,AUSTRALIA,-19.483333333333334,140.93333333333334,20130.0,0,2,29.76273330374328,1
1565,Clarksburg,UNITED STATES,USA,39.296638888888886,-80.22808333333333,16152.0,0,2,0.17223436307083856,0
1566,Dubois,UNITED STATES,USA,41.178266111111114,-78.89869777777777,10000.0,1,2,0.2096678358587429,0
1567,Franklin,UNITED STATES,USA,41.37787361111111,-79.86036166666666,72639.0,0,2,0.1787183928202336,0
1568,Hagerstown,UNITED STATES,USA,39.70794444444444,-77.7295,40432.0,0,2,0.29993622276810716,0
1569,Jamestown,UNITED STATES,USA,42.153368611111105,-79.258035,637.0,0,1,,0
1570,Johnstown,UNITED STATES,USA,40.31611111111111,-78.83394444444444,19966.0,0,2,0.15706002225548635,0
1571,Latrobe,UNITED STATES,USA,40.27594,-79.40479722222223,10000.0,1,2,14.806628574574107,0
1572,Lancaster,UNITED STATES,USA,40.121715277777774,-76.29609777777777,47162.0,0,2,0.48867936623641606,0
1573,Morgantown,UNITED STATES,USA,39.6429075,-79.91631416666668,30708.0,0,3,0.1484502973653866,0
1574,Parkersburg/Marietta,UNITED STATES,USA,39.345103333333334,-81.43920194444443,10000.0,1,1,,0
1575,Staunton,UNITED STATES,USA,38.263843333333334,-78.89643805555555,24416.0,0,2,0.3426880271348566,0
1576,Hamilton,CANADA,CANADA,43.17194444444444,-79.93138888888889,902.0,0,5,1.9307734830894927,0
1577,Bocas del Toro,PANAMA,PANAMA,9.333333333333334,-82.25,10000.0,1,3,0.10481404366925005,0
1578,Changuinola,PANAMA,PANAMA,9.466666666666667,-82.51666666666667,17997.0,0,3,0.11774795070697897,0
1579,David,PANAMA,PANAMA,8.383333333333333,-82.43333333333334,81957.0,0,3,0.11774795070697897,0
1580,El Real,PANAMA,PANAMA,8.106916666666667,-77.72580555555557,10000.0,1,2,0.12715566161516492,0
1581,Jaque,PANAMA,PANAMA,7.518611111111111,-78.15555555555555,10000.0,1,1,,0
1582,San Miguel,PANAMA,PANAMA,8.45,-78.92,72992.0,0,2,0.07681660899638473,0
1583,Colon,PANAMA,PANAMA,9.366666666666667,-79.9,10000.0,1,1,,0
1584,Contadora,PANAMA,PANAMA,8.67,-79.58,10000.0,1,2,0.05936281011641709,0
1585,Garachine,PANAMA,PANAMA,8.066666666666666,-78.35,10000.0,1,2,0.08548449117897208,0
1586,La Palma,PANAMA,PANAMA,8.4,-78.13333333333334,15904.0,0,2,0.10082222175609719,0
1587,Santiago,PANAMA,PANAMA,8.086916666666667,-80.94472222222223,46611.0,0,1,,0
1588,Sambu,PANAMA,PANAMA,8.016666666666667,-78.16666666666667,10000.0,1,2,0.0944189154380335,0
1589,Elko,UNITED STATES,USA,40.82492611111111,-115.7916963888889,20279.0,0,3,0.36136195515319575,0
1590,Ciudad del Este,PARAGUAY,PARAGUAY,-25.516666666666666,-54.6,301815.0,0,2,0.4273325934069654,0
1591,Aracatuba,BRAZIL,BRAZIL,-21.15,-50.43333333333333,10000.0,1,3,0.46851421277229455,0
1592,Bauru,BRAZIL,BRAZIL,-22.35,-49.05,379297.0,0,4,0.2330901833150989,0
1593,Belo Horizonte,BRAZIL,BRAZIL,-19.75,-43.75,2721564.0,0,16,0.5680561548753111,0
1594,Porto Seguro,BRAZIL,BRAZIL,-16.466666666666665,-39.06666666666667,123173.0,0,5,0.6433346476004651,0
1595,Brasilia,BRAZIL,BRAZIL,-15.866666666666667,-47.916666666666664,10000.0,1,27,1.6032522229795527,0
1596,Criciuma,BRAZIL,BRAZIL,-28.7,-49.38333333333333,10000.0,1,3,0.2777078064688706,0
1597,Cuiaba,BRAZIL,BRAZIL,-15.65,-56.11666666666667,10000.0,1,11,1.022205991783707,0
1598,Campo Grande,BRAZIL,BRAZIL,-20.466666666666665,-54.666666666666664,906092.0,0,7,0.7130905020704181,0
1599,Campinas,BRAZIL,BRAZIL,-22.85,-47.1,1031554.0,0,13,0.5445623997254874,0
1600,Curitiba,BRAZIL,BRAZIL,-25.533333333333335,-49.18333333333333,1948626.0,0,10,0.4165398514174987,0
1601,Caxias do Sul,BRAZIL,BRAZIL,-29.166666666666668,-51.2,381270.0,0,3,0.410152994969541,0
1602,Franca,BRAZIL,BRAZIL,-20.583333333333332,-47.5,358539.0,0,2,0.2005400259593472,0
1603,Governador Valadares,BRAZIL,BRAZIL,-18.87,-41.82,250878.0,0,4,0.40882479976232633,0
1604,Goiania,BRAZIL,BRAZIL,-16.633333333333333,-49.21666666666667,10000.0,1,7,0.7707281776160705,0
1605,Iguassu Falls,BRAZIL,BRAZIL,-25.6,-54.483333333333334,10000.0,1,3,0.6346691815203473,0
1606,Ilheus,BRAZIL,BRAZIL,-14.833333333333334,-39.03333333333333,10000.0,1,3,0.8771715656757015,0
1607,Ipatinga,BRAZIL,BRAZIL,-19.5,-42.53,228746.0,0,2,0.4425485025950267,0
1608,Juiz de Fora,BRAZIL,BRAZIL,-21.766666666666666,-43.35,573285.0,0,1,,0
1609,Joinville,BRAZIL,BRAZIL,-26.23,-48.8,461304.0,0,5,0.3378511754333161,0
1610,Lages,BRAZIL,BRAZIL,-27.8,-50.32,164676.0,0,3,0.20058608865814237,0
1611,Londrina,BRAZIL,BRAZIL,-23.333333333333332,-51.13333333333333,588125.0,0,8,0.5426308909572539,0
1612,Maceio,BRAZIL,BRAZIL,-9.516666666666667,-35.8,10000.0,1,5,0.36213245744167355,0
1613,Maringa,BRAZIL,BRAZIL,-23.4,-51.93333333333333,10000.0,1,3,0.43654104746957645,0
1614,Marilia,BRAZIL,BRAZIL,-22.22,-49.93,10000.0,1,2,0.2034245879126895,0
1615,Natal,BRAZIL,BRAZIL,-5.9,-35.25,896708.0,0,10,0.8658075378074442,0
1616,Navegantes,BRAZIL,BRAZIL,-26.916666666666668,-48.583333333333336,47781.0,0,5,0.431624746410519,0
1617,President Prudente,BRAZIL,BRAZIL,-22.166666666666668,-51.45,10000.0,1,4,0.3842416271482955,0
1618,Porto Velho,BRAZIL,BRAZIL,-8.733333333333333,-63.9,548952.0,0,7,0.7046808677068402,0
1619,Ribeirao Preto,BRAZIL,BRAZIL,-21.133333333333333,-47.78333333333333,10000.0,1,6,0.3626907157523056,0
1620,Sao Jose Dos Campos,BRAZIL,BRAZIL,-23.233333333333334,-45.86666666666667,10000.0,1,3,0.21731090898336217,0
1621,Sao Jose do Rio Preto,BRAZIL,BRAZIL,-20.8,-49.38,10000.0,1,6,0.4547879139068175,0
1622,Sorocaba,BRAZIL,BRAZIL,-23.478416944444444,-47.48913888888889,687357.0,0,1,,0
1623,Toledo,BRAZIL,BRAZIL,-24.686944444444446,-53.6975,119313.0,0,1,,0
1624,Uberaba,BRAZIL,BRAZIL,-19.783333333333335,-47.96666666666667,260843.0,0,7,0.21261011867168325,0
1625,Uberlandia,BRAZIL,BRAZIL,-18.9,-48.233333333333334,10000.0,1,7,0.41179942900036226,0
1626,Varginha,BRAZIL,BRAZIL,-21.55,-45.43,116571.0,0,1,,0
1627,Vitoria,BRAZIL,BRAZIL,-20.266666666666666,-40.28333333333333,10000.0,1,5,0.4355261369178761,0
1628,Chapeco,BRAZIL,BRAZIL,-27.1,-52.61666666666667,10000.0,1,4,0.28762285014610334,0
1629,Anguilla,ANGUILLA,ANGUILLA,18.2,-63.06666666666667,10000.0,1,7,0.21041958522770696,0
1630,Dominica,DOMINICA,DOMINICA,15.55,-61.31666666666667,10000.0,1,8,0.36916631886288703,0
1631,Beef Island,BRITISH VIRGIN ISLANDS,BRITISH_VIRGIN_ISLANDS,18.45,-64.55,10000.0,1,7,0.26796777543909506,0
1632,Mayaguez,PUERTO RICO,PUERTO_RICO,18.255694444444444,-67.14847222222222,10000.0,1,2,0.1398913921486414,0
1633,Ponce,PUERTO RICO,PUERTO_RICO,18.008305555555555,-66.56302777777778,137491.0,0,1,,0
1634,St Barthelemy,GUADELOUPE,GUADELOUPE,17.9,-62.833333333333336,10000.0,1,6,0.1744990869294348,0
1635,Santiago,DOMINICAN REPUBLIC,DOMINICAN_REPUBLIC,19.466666666666665,-70.7,46611.0,0,1,,0
1636,St Vincent,SAINT VINCENT AND THE GRENADINES,SAINT_VINCENT_AND_THE_GRENADINES#ST_VINCENT_AND_THE_GRENADINES,13.15,-61.21666666666667,10000.0,1,7,0.22193211389289108,0
1637,Virgin Gorda,BRITISH VIRGIN ISLANDS,BRITISH_VIRGIN_ISLANDS,18.45,-64.41666666666667,10000.0,1,3,0.07656885076216707,0
1638,Vieques,PUERTO RICO,PUERTO_RICO,18.135518055555554,-65.49182583333334,10000.0,1,3,0.04713283348245303,0
1639,Cedar City,UNITED STATES,USA,37.70096638888889,-113.09884583333333,30184.0,0,1,,0
1640,Moab,UNITED STATES,USA,38.75495611111111,-109.75484388888889,10000.0,1,1,,0
1641,Twin Falls,UNITED STATES,USA,42.48180388888889,-114.48773555555556,47468.0,0,1,,0
1642,Vernal,UNITED STATES,USA,40.440916666666666,-109.50991666666667,10000.0,1,1,,0
1643,Helsingborg,SWEDEN,SWEDEN,56.291111111111114,12.855277777777777,104250.0,0,3,0.08542384796925773,0
1644,Arvidsjaur,UNITED STATES,USA,34.500819444444446,-83.55487000000001,10000.0,1,2,8.15685159774221,0
1645,Borlange,SWEDEN,SWEDEN,60.42194444444444,15.515,10000.0,1,3,0.3767249765447572,0
1646,Gallivare,UNITED STATES,USA,36.43243111111111,-81.41968472222221,10000.0,1,3,8.134106140347672,0
1647,Halmstad,UNITED STATES,USA,42.924409999999995,-106.30947,70480.0,0,1,,0
1648,Hagfors,UNITED STATES,USA,23.86405,-166.28463333333335,10000.0,1,2,11.719601280343428,0
1649,Hudiksvall,SWEDEN,SWEDEN,61.76833333333333,17.080555555555556,16081.0,0,1,,0
1650,Jonkoping,SWEDEN,SWEDEN,57.75833333333333,14.069166666666666,10000.0,1,4,0.3751865705987771,0
1651,Jyvaskyla,FINLAND,FINLAND,62.40083333333333,25.672777777777778,10000.0,1,2,0.39032041387905647,0
1652,Kalmar,SWEDEN,SWEDEN,56.68555555555555,16.2875,38408.0,0,3,0.2674609246783091,0
1653,Kramfors,SWEDEN,SWEDEN,63.048611111111114,17.76888888888889,10000.0,1,1,,0
1654,Kiruna,SWEDEN,SWEDEN,67.82111111111111,20.335555555555555,17037.0,0,4,0.7651111180017534,0
1655,Karlstad,SWEDEN,SWEDEN,59.35916666666667,13.466111111111111,61492.0,0,3,0.45090175192389376,0
1656,Skovde,SWEDEN,SWEDEN,58.45611111111111,13.972777777777777,10000.0,1,1,,0
1657,Lulea,SWEDEN,SWEDEN,65.54333333333334,22.12361111111111,10000.0,1,6,3.414391309590532,0
1658,Linkoping,SWEDEN,SWEDEN,58.40613888888889,15.6805,10000.0,1,5,0.2422086094009398,0
1659,Lycksele,SWEDEN,SWEDEN,64.5475,18.7175,10000.0,1,2,0.35946848813709825,0
1660,Mariehamn,FINLAND,FINLAND,60.121944444444445,19.89638888888889,10682.0,0,5,0.20755030578147177,0
1661,Mora,SWEDEN,SWEDEN,60.95861111111111,14.510833333333334,55216.0,0,1,,0
1662,Norrkoping,SWEDEN,SWEDEN,58.58583333333333,16.246111111111112,10000.0,1,4,0.1493677337617584,0
1663,Ornskoldsvik,SWEDEN,SWEDEN,63.408055555555556,18.9925,10000.0,1,1,,0
1664,Orebro,UNITED STATES,USA,48.01592194444444,-92.85605138888889,10000.0,1,3,7.501548716782168,0
1665,Ostersund,SWEDEN,SWEDEN,63.19444444444444,14.5,10000.0,1,2,0.42762134540678615,0
1666,Oskarshamn,SWEDEN,SWEDEN,57.35138888888889,16.498333333333335,18287.0,0,2,0.14906353772347716,0
1667,Oulu,FINLAND,FINLAND,64.92916666666666,25.355555555555554,209648.0,0,7,0.5696129657993432,0
1668,Pori,FINLAND,FINLAND,61.46138888888889,21.797777777777778,83491.0,0,4,0.21998832480756328,0
1669,Ronneby,SWEDEN,SWEDEN,56.26694444444445,15.265277777777778,10000.0,1,4,0.13694685623460284,0
1670,Sundsvall,UNITED STATES,USA,33.622875,-111.91053333333333,57606.0,0,3,10.087314769814805,0
1671,Skelleftea,SWEDEN,SWEDEN,64.62472222222222,21.076944444444443,10000.0,1,1,,0
1672,Soderhamn,SWEDEN,SWEDEN,61.26138888888889,17.098333333333333,10000.0,1,2,0.2008639938089973,0
1673,Storuman,SWEDEN,SWEDEN,64.96111111111111,17.701666666666668,10000.0,1,2,3.8416800184424127,0
1674,Hultsfred,SWEDEN,SWEDEN,57.52583333333333,15.823333333333334,10000.0,1,2,0.14787419846049035,0
1675,Trollhattan,MALAYSIA,MALAYSIA,6.083333333333333,102.08333333333333,10000.0,1,1,,0
1676,Turku,FINLAND,FINLAND,60.514722222222225,22.261666666666667,195301.0,0,7,0.3136512971091808,0
1677,Tampere,FINLAND,FINLAND,61.415277777777774,23.587777777777777,244315.0,0,4,0.35352302854907547,0
1678,Umea,SWEDEN,SWEDEN,63.793055555555554,20.28,10000.0,1,4,0.390251653747018,0
1679,Vaasa,FINLAND,FINLAND,63.04527777777778,21.764166666666668,67631.0,0,5,0.3167690403513136,0
1680,Visby,SWEDEN,SWEDEN,57.66277777777778,18.345833333333335,23402.0,0,2,0.19840230968301376,0
1681,Vilhelmina,SWEDEN,SWEDEN,64.57861111111112,16.83972222222222,10000.0,1,2,0.3611370136304627,0
1682,Vaxjo,SWEDEN,SWEDEN,56.930277777777775,14.72861111111111,10000.0,1,2,0.26906930852590105,0
1683,Beckley,UNITED STATES,USA,37.78732833333333,-81.12416416666667,17056.0,0,2,0.2465480524206089,0
1684,Bluefield,UNITED STATES,USA,37.29579944444444,-81.20769055555556,10000.0,1,2,0.2626268270800846,0
1685,Baie Comeau,CANADA,CANADA,49.2,-68.26666666666667,10000.0,1,4,0.33478549137126873,0
1686,Bagotville,CANADA,CANADA,48.330555555555556,-70.99638888888889,10000.0,1,2,0.13720262082756285,0
1687,La Grande,CANADA,CANADA,53.625277777777775,-77.70416666666667,10000.0,1,4,0.39536038692346054,0
1688,Kuujjuarapik,CANADA,CANADA,55.28138888888889,-77.75805555555556,10000.0,1,4,0.21081614059642426,0
1689,St Pierre,SAINT-PIERRE AND MIQUELON,SAINT-PIERRE_AND_MIQUELON#ST-PIERRE_AND_MIQUELON,46.77361111111111,-56.16361111111111,10000.0,1,5,0.6265519640149051,0
1690,Chibougamau,CANADA,CANADA,49.77166666666667,-74.5275,10000.0,1,4,0.3164541354901892,0
1691,Roberval,CANADA,CANADA,48.52,-72.26555555555555,10000.0,1,2,0.19054263690690795,0
1692,St Leonard,CANADA,CANADA,47.1575,-67.83472222222223,10000.0,1,2,0.21563228986915342,0
1693,Alma,CANADA,CANADA,48.508900000000004,-71.64189999999999,29526.0,0,2,0.13362087286400287,0
1694,Rouyn,CANADA,CANADA,48.20666666666666,-78.8338888888889,10000.0,1,3,0.5254482747811462,0
1695,Val D'Or,CANADA,CANADA,48.05388888888889,-77.7825,10000.0,1,5,0.48194913140491313,0
1696,Kuujjuaq,CANADA,CANADA,58.096111111111114,-68.42694444444444,10000.0,1,6,0.5074638109607358,0
1697,Bathurst,CANADA,CANADA,47.62972222222222,-65.7388888888889,33110.0,0,2,0.26916795767747953,0
1698,Mont Joli,CANADA,CANADA,48.60861111111111,-68.20805555555556,10000.0,1,4,0.3541677201606387,0
1699,Benghazi,LIBYA,LIBYA,32.1,20.266666666666666,807250.0,0,16,0.5875143576206431,0
1700,Banja Luka,BOSNIA-HERZEGOVINA,BOSNIA-HERZEGOVINA,44.94138888888889,17.3025,221106.0,0,3,0.28110752398733796,0
1701,Lugano,MALAYSIA,MALAYSIA,4.45,114.0,63000.0,0,5,8.931792776451744,0
1702,Ohrid,MACEDONIA,MACEDONIA,41.18,20.7425,42033.0,0,3,0.56024595611565,0
1703,Pristina,KOSOVO,KOSOVO,42.57388888888889,21.04111111111111,550000.0,0,5,0.5318948312663155,0
1704,Sion,SWITZERLAND,SWITZERLAND,46.219166666666666,7.326944444444444,10000.0,1,1,,0
1705,Malabo,EQUATORIAL GUINEA,EQUATORIAL_GUINEA,3.75,8.766666666666667,155963.0,0,6,0.6254917670830654,0
1706,Jilin,CHINA,CHINA,43.87,126.65,1895865.0,0,1,,0
1707,Jinzhou,CHINA,CHINA,41.0981,121.0558,215386.0,0,1,,0
1708,Qiqihar,CHINA,CHINA,47.52,122.13,882364.0,0,1,,0
1709,Qinhuangdao,CHINA,CHINA,45.02,119.75,759718.0,0,5,0.7753922327576844,0
1710,Belep Island,NEW CALEDONIA,NEW_CALEDONIA,-19.716666666666665,163.66666666666666,10000.0,1,1,,0
1711,Kikaiga Shima,JAPAN,JAPAN,28.316666666666666,129.93333333333334,10000.0,1,2,0.47806053622744005,0
1712,Okino Erabu,JAPAN,JAPAN,27.433333333333334,128.7,10000.0,1,3,0.34704813251157796,0
1713,Tokunoshima,JAPAN,JAPAN,27.833333333333332,128.88333333333333,10000.0,1,2,0.682603139228316,0
1714,Chiang Rai,THAILAND,THAILAND,19.933333333333334,99.85,78756.0,0,2,0.16204693861082986,0
1715,Khon Kaen,THAILAND,THAILAND,16.433333333333334,102.83333333333333,114459.0,0,1,,0
1716,Nakhon Phanom,THAILAND,THAILAND,17.416666666666668,104.78333333333333,34595.0,0,2,0.10128820137446565,0
1717,Mae Sot,THAILAND,THAILAND,16.683333333333334,98.53333333333333,44563.0,0,2,0.11967374207580003,0
1718,Nakhon Ratchasima,THAILAND,THAILAND,14.966666666666667,102.08333333333333,126391.0,0,1,,0
1719,Nakhon Si Thammarat,THAILAND,THAILAND,8.466666666666667,99.96666666666667,102152.0,0,1,,0
1720,Phitsanulok,THAILAND,THAILAND,16.783333333333335,100.28333333333333,62584.0,0,3,0.0585313109439501,0
1721,Phrae,THAILAND,THAILAND,18.166666666666668,100.18333333333334,38538.0,0,3,0.051212258992831175,0
1722,Roi Et,MARSHALL ISLANDS,MARSHALL_ISLANDS,9.4,167.46666666666667,39328.0,0,1,,0
1723,Sakon Nakhon,THAILAND,THAILAND,17.15,104.13333333333334,76237.0,0,2,0.09048944391515748,0
1724,Trang,THAILAND,THAILAND,7.5,99.61666666666666,66713.0,0,1,,0
1725,Ubon Ratchathani,THAILAND,THAILAND,15.25,104.86666666666666,122533.0,0,2,0.14221079637082468,0
1726,Ranong,THAILAND,THAILAND,9.983333333333333,98.61666666666666,24561.0,0,1,,0
1727,Surat Thani,THAILAND,THAILAND,9.116666666666667,99.35,132040.0,0,1,,0
1728,Udon Thani,THAILAND,THAILAND,17.383333333333333,102.8,130531.0,0,1,,0
1729,Vientiane,LAOS,LAOS,17.95,102.56666666666666,196731.0,0,10,0.2435584335869891,0
1730,Djibouti,DJIBOUTI,DJIBOUTI,11.55,43.166666666666664,623891.0,0,13,0.29496575650464885,0
1731,Aden,YEMEN,YEMEN,12.833333333333334,45.03333333333333,863000.0,0,14,0.4936391296379646,0
1732,Ahmedabad,INDIA,INDIA,23.066666666666666,72.63333333333334,6357693.0,0,9,0.5533556435789505,0
1733,Bhubaneswar,INDIA,INDIA,20.25,85.81666666666666,10000.0,1,6,0.499393715146815,0
1734,Vadodara,INDIA,INDIA,22.333333333333332,73.26666666666667,1822221.0,0,3,0.22233457221570582,0
1735,Bhuj,INDIA,INDIA,23.25,69.66666666666667,133459.0,0,2,0.20350031952576259,0
1736,Bhavnagar,INDIA,INDIA,21.75,72.18333333333334,605882.0,0,1,,0
1737,Bhopal,INDIA,INDIA,23.28638888888889,77.33805555555556,10000.0,1,4,0.2866706053368883,0
1738,Kozhikode,INDIA,INDIA,11.136800000000001,75.95110000000001,550440.0,0,13,1.1139323937284282,0
1739,Coimbatore,INDIA,INDIA,11.033333333333333,77.05,2136916.0,0,5,0.13127085248404316,0
1740,Cochin,INDIA,INDIA,9.95,76.26666666666667,604696.0,0,17,0.5261294376522698,0
1741,Goa,INDIA,INDIA,15.383333333333333,73.83333333333333,20936.0,0,8,0.36902382385206794,0
1742,Indore,INDIA,INDIA,22.716666666666665,75.8,1837041.0,0,3,0.31159829194589883,0
1743,Mangalore,INDIA,INDIA,12.916666666666666,74.88333333333334,417387.0,0,2,0.32211442031246373,0
1744,Madurai,INDIA,INDIA,9.833333333333334,78.08333333333333,1465625.0,0,2,0.46567769952483606,0
1745,Aurangabad,INDIA,INDIA,19.883333333333333,75.41666666666667,10000.0,1,1,,0
1746,Jaipur,INDIA,INDIA,26.816666666666666,75.8,2711758.0,0,6,0.29746937924265754,0
1747,Jamnagar,INDIA,INDIA,22.466666666666665,70.08333333333333,492056.0,0,2,0.1742698404447514,0
1748,Lucknow,INDIA,INDIA,26.766666666666666,80.88333333333334,2472011.0,0,5,0.25340600898479865,0
1749,Nagpur,INDIA,INDIA,21.083333333333332,79.05,2228018.0,0,5,0.5207592652301609,0
1750,Pune,INDIA,INDIA,18.583333333333332,73.91666666666667,3124458.0,0,4,0.34605610361232114,0
1751,Rajkot,INDIA,INDIA,22.316666666666666,70.78333333333333,10000.0,1,1,,0
1752,Raipur,INDIA,INDIA,21.233333333333334,81.65,17537.0,0,4,0.4359038767948549,0
1753,Udaipur,INDIA,INDIA,24.6175,73.89611111111111,30264.0,0,4,0.2302808218679578,0
1754,Porbandar,INDIA,INDIA,21.65,69.65,138872.0,0,1,,0
1755,Al Ain,UNITED ARAB EMIRATES,UNITED_ARAB_EMIRATES,24.261666666666667,55.60916666666667,10000.0,1,11,0.1852461034486719,0
1756,Asmara,ERITREA,ERITREA,15.3,38.916666666666664,563930.0,0,7,0.3539781865831881,0
1757,Assiut,EGYPT,EGYPT,27.045555555555556,31.011944444444445,10000.0,1,3,0.09383264282877003,0
1758,Hodeidah,YEMEN,YEMEN,14.75,42.983333333333334,10000.0,1,6,0.29641373150600114,0
1759,Latakia,SYRIA,SYRIA,35.53333333333333,35.766666666666666,709000.0,0,2,0.22692297611370837,0
1760,Madinah,SAUDI ARABIA,SAUDI_ARABIA,24.533333333333335,39.7,10000.0,1,17,0.4314314713517253,0
1761,Port Sudan,SUDAN,SUDAN,19.583333333333332,37.21666666666667,489725.0,0,4,0.32715463340740936,0
1762,Ras al Khaimah,UNITED ARAB EMIRATES,UNITED_ARAB_EMIRATES,25.61347222222222,55.938806111111106,10000.0,1,9,0.1349763705796656,0
1763,Sebha,LIBYA,LIBYA,27.016666666666666,14.45,10000.0,1,9,0.3156149019915499,0
1764,Taiz,YEMEN,YEMEN,13.683333333333334,44.13333333333333,615222.0,0,6,0.3704943148140768,0
1765,Kharga,EGYPT,EGYPT,25.475833333333334,30.590833333333332,10000.0,1,2,0.14763375515652902,0
1766,Taba,EGYPT,EGYPT,29.595555555555556,34.785833333333336,10000.0,1,2,0.10991039436648291,0
1767,Surigao,PHILIPPINES,PHILIPPINES,9.8,125.5,87832.0,0,1,,0
1768,Cheong Ju City,UNITED STATES,USA,43.36530138888889,-92.13308222222223,10000.0,1,1,,0
1769,Okushiri,JAPAN,JAPAN,42.06666666666667,139.45,10000.0,1,1,,0
1770,Hateruma,JAPAN,JAPAN,24.066666666666666,123.8,10000.0,1,1,,0
1771,Yonaguni Jima,JAPAN,JAPAN,24.466666666666665,122.98333333333333,10000.0,1,1,,0
1772,Taramajima,JAPAN,JAPAN,24.65,124.7,10000.0,1,2,0.05303086962637149,0
1773,Kayseri,TURKEY,TURKEY,38.71666666666667,35.5,1204641.0,0,1,,0
1774,Diyarbakir,TURKEY,TURKEY,37.89361111111111,40.201388888888886,10000.0,1,2,0.5487861876107124,0
1775,Denizli,TURKEY,TURKEY,37.78888888888889,29.705555555555556,313238.0,0,1,,0
1776,Ercan,CYPRUS,CYPRUS,35.15,33.5,10000.0,1,5,0.28905858163039183,0
1777,Erzurum,TURKEY,TURKEY,39.95611111111111,41.169444444444444,767848.0,0,2,0.564391971244232,0
1778,Elazig,TURKEY,TURKEY,38.60611111111111,39.29416666666667,10000.0,1,2,0.48397775107744073,0
1779,Gaziantep,TURKEY,TURKEY,36.94888888888889,37.479166666666664,1808948.0,0,2,0.4476366879679988,0
1780,Kars,TURKEY,TURKEY,40.55,43.09,91450.0,0,2,0.6642040716150136,0
1781,Konya,TURKEY,TURKEY,37.98,32.565,1390051.0,0,1,,0
1782,Malatya,TURKEY,TURKEY,38.43666666666667,38.09166666666667,806156.0,0,2,0.4255487104351759,0
1783,Nevsehir,BRAZIL,BRAZIL,-11.633333333333333,-47.8,10000.0,1,1,,0
1784,Samsun,TURKEY,TURKEY,41.278333333333336,36.30388888888889,394050.0,0,3,0.39963246303510735,0
1785,Trabzon,TURKEY,TURKEY,40.998333333333335,39.77972222222222,244083.0,0,3,0.5337026862567906,0
1786,Van,TURKEY,TURKEY,38.469722222222224,43.33083333333333,525016.0,0,2,0.7008514635834986,0
1787,Sivas,TURKEY,TURKEY,39.81527777777778,36.90277777777778,264022.0,0,1,,0
1788,Banjarmasin,INDONESIA,INDONESIA,-3.45,114.75,657663.0,0,8,0.5131144548075319,0
1789,Bengkulu,INDONESIA,INDONESIA,-3.8666666666666667,102.33333333333333,373591.0,0,1,,0
1790,Batam,INDONESIA,INDONESIA,1.1202777777777777,104.11888888888889,1164352.0,0,8,0.725885642503926,0
1791,Jambi,INDONESIA,INDONESIA,-1.6333333333333333,103.65,10000.0,1,2,0.484117833722259,0
1792,Pangkalpinang,INDONESIA,INDONESIA,-2.17,106.13,216893.0,0,4,0.33498738096036934,0
1793,Palangkaraya,INDONESIA,INDONESIA,-1.0,114.0,293500.0,0,1,,0
1794,Palembang,INDONESIA,INDONESIA,-2.9,104.7,1668848.0,0,5,0.4964345753347477,0
1795,Pontianak,INDONESIA,INDONESIA,-0.15,109.4,658685.0,0,7,0.4926210836306592,0
1796,Semarang,INDONESIA,INDONESIA,-6.983333333333333,110.38333333333334,1653524.0,0,2,0.28089304496938267,0
1797,Tanjung Pandan,INDONESIA,INDONESIA,-2.75,107.75,103062.0,0,2,0.26871163115200447,0
1798,Bandar Lampung,INDONESIA,INDONESIA,-5.233333333333333,105.18333333333334,1166066.0,0,1,,0
1799,Chi Mei,TAIWAN,TAIWAN,23.25,119.42,10000.0,1,2,0.17190579111535276,0
1800,Baoshan,CHINA,CHINA,25.0604,99.1639,935618.0,0,1,,0
1801,Simao,CHINA,CHINA,22.666666666666668,101.0,296565.0,0,1,,0
1802,Zhaotong,CHINA,CHINA,27.316666666666666,103.8,787845.0,0,1,,0
1803,Yakushima,JAPAN,JAPAN,30.383333333333333,130.66666666666666,10000.0,1,1,,0
1804,Yoronjima,JAPAN,JAPAN,27.05,128.4,10000.0,1,3,0.16484197848617002,0
1805,Aguni,JAPAN,JAPAN,26.6,127.23333333333333,10000.0,1,1,,0
1806,Kerama,JAPAN,JAPAN,26.08,127.33,10000.0,1,1,,0
1807,Kitadaito,GEORGIA,GEORGIA,42.0,42.5,10000.0,1,2,8.3890120690148,0
1808,Minami Daito,JAPAN,JAPAN,25.833333333333332,131.25,10000.0,1,2,4.156690499009901,0
1809,Kume Jima,JAPAN,JAPAN,26.333333333333332,126.8,10000.0,1,1,,0
1810,Won-ju,CANADA,CANADA,54.25,-133.05,10000.0,1,1,,0
1811,Ban Me Thuot,VIETNAM,"VI&Ecirc;T_NAM#VIET_NAM,VIETNAM",12.666666666666666,108.1,10000.0,1,2,0.35902763340962496,0
1812,Da Nang,VIETNAM,"VI&Ecirc;T_NAM#VIET_NAM,VIETNAM",16.05,108.2,988561.0,0,6,0.39088653543736446,0
1813,Dalat,VIETNAM,"VI&Ecirc;T_NAM#VIET_NAM,VIETNAM",11.75,108.38333333333334,10000.0,1,1,,0
1814,Haiphong,VIETNAM,"VI&Ecirc;T_NAM#VIET_NAM,VIETNAM",20.816666666666666,106.71666666666667,841520.0,0,1,,0
1815,Hue,VIETNAM,"VI&Ecirc;T_NAM#VIET_NAM,VIETNAM",16.4,107.7,10000.0,1,2,0.5313757570472957,0
1816,Nha-Trang,VIETNAM,"VI&Ecirc;T_NAM#VIET_NAM,VIETNAM",12.233333333333333,109.2,10000.0,1,3,0.44080807228084756,0
1817,Pakse,LAOS,LAOS,15.132078055555555,105.78157805555557,88332.0,0,4,0.5848830089771044,0
1818,Phuquoc,VIETNAM,"VI&Ecirc;T_NAM#VIET_NAM,VIETNAM",10.25,104.0,10000.0,1,2,0.189076504733021,0
1819,Pleiku,VIETNAM,"VI&Ecirc;T_NAM#VIET_NAM,VIETNAM",14.0,108.01666666666667,114225.0,0,2,0.34621927064977953,0
1820,Quinhon,VIETNAM,"VI&Ecirc;T_NAM#VIET_NAM,VIETNAM",13.766666666666667,109.23333333333333,10000.0,1,1,,0
1821,Choibalsan,UNITED STATES,USA,46.700168333333345,-92.5055286111111,10000.0,1,1,,0
1822,Dalanzadgad,AUSTRALIA,AUSTRALIA,-15.733333333333333,131.53333333333333,10000.0,1,1,,0
1823,Moron,MONGOLIA,MONGOLIA,49.66213333333333,100.09524722222223,10000.0,1,2,0.21666971088172304,0
1824,Bulgan,MONGOLIA,MONGOLIA,48.85316666666667,103.48333333333333,17348.0,0,2,0.14493911776390775,0
1825,Altenrhein,SWITZERLAND,SWITZERLAND,47.485,9.561944444444444,10000.0,1,1,,0
1826,Kosice,SLOVAKIA,SLOVAKIA,48.66305555555556,21.24111111111111,10000.0,1,3,0.33315393343455857,0
1827,Mostar,BOSNIA-HERZEGOVINA,BOSNIA-HERZEGOVINA,43.28333333333333,17.846666666666668,104518.0,0,2,0.4302811380450214,0
1828,Bintulu,MALAYSIA,MALAYSIA,3.2,113.03333333333333,151617.0,0,6,0.502564844573884,0
1829,Kudat,MALAYSIA,MALAYSIA,6.916666666666667,116.83333333333333,32393.0,0,2,0.4063902675746664,0
1830,Lahad Datu,MALAYSIA,MALAYSIA,5.05,118.32,105622.0,0,1,,0
1831,Limbang,MALAYSIA,MALAYSIA,4.67,115.0,26199.0,0,3,0.36520555690408246,0
1832,Lawas,MALAYSIA,MALAYSIA,4.85,115.4,38385.0,0,3,0.431514381369661,0
1833,Sandakan,MALAYSIA,MALAYSIA,5.9,118.06666666666666,439050.0,0,5,0.5414579257202217,0
1834,Semporna,MALAYSIA,MALAYSIA,4.45,118.6,62641.0,0,3,0.6246178679335485,0
1835,Tawau,MALAYSIA,MALAYSIA,4.266666666666667,117.88333333333334,372615.0,0,4,0.447301010348773,0
1836,Bujumbura,BURUNDI,BURUNDI,-3.316666666666667,29.316666666666666,1000000.0,0,6,0.2134827799549633,0
1837,Kinshasa,CONGO,"CONGO,_DEMOCRATIC_PEOPLES'S_REPUBLIC",-4.383333333333334,15.433333333333334,7785965.0,0,19,0.5779052579437538,0
1838,Kigali,RWANDA,RWANDA,-1.9666666666666666,30.133333333333333,1132686.0,0,8,0.2378855253717572,0
1839,Poznan,POLAND,POLAND,52.42111111111111,16.82638888888889,10000.0,1,7,0.3812900189750175,0
1840,Tiruchirapally,INDIA,INDIA,10.766666666666667,78.71666666666667,10000.0,1,4,0.11445981829609815,0
1841,Aalborg,DENMARK,DENMARK,57.092777777777776,9.849166666666667,142937.0,0,3,0.2686691909295855,0
1842,Faroe Islands,DENMARK,DENMARK,62.06666666666667,-7.266666666666667,10000.0,1,3,0.8769691993278402,0
1843,Karup,DENMARK,DENMARK,56.298611111111114,9.11111111111111,10000.0,1,1,,0
1844,Kristiansand,NORWAY,NORWAY,58.20388888888889,8.085,93205.0,0,4,0.32086543812273266,0
1845,Bornholm,DENMARK,DENMARK,55.06333333333333,14.759444444444444,10000.0,1,1,,0
1846,Kangerlussuaq,DENMARK,DENMARK,67.01805555555555,-50.69416666666667,10000.0,1,10,0.5849732892902305,0
1847,Sonderborg,DENMARK,DENMARK,54.965,9.790833333333333,10000.0,1,1,,0
1848,Szczecin,POLAND,POLAND,53.585,14.904166666666667,407811.0,0,2,0.36583543919295547,0
1849,Trondheim,NORWAY,NORWAY,63.45805555555555,10.925833333333333,147139.0,0,15,0.46395811991876895,0
1850,Narsarsuaq,DENMARK,DENMARK,61.160833333333336,-45.42583333333334,10000.0,1,7,0.15759307883925436,0
1851,Vasteras,SWEDEN,SWEDEN,59.589444444444446,16.63361111111111,10000.0,1,4,0.44418648080557765,0
1852,Agra,INDIA,INDIA,27.15,77.96666666666667,1430055.0,0,3,0.20147062241985234,0
1853,Amritsar,INDIA,INDIA,31.633333333333333,74.86666666666666,1092450.0,0,5,0.5737749539514453,0
1854,Guwahati,INDIA,INDIA,26.1,91.58333333333333,899094.0,0,6,0.2832773825854372,0
1855,Gwalior,INDIA,INDIA,26.233333333333334,78.23333333333333,882458.0,0,2,0.19378501228714834,0
1856,Bagdogra,INDIA,INDIA,26.633333333333333,88.31666666666666,17372.0,0,3,0.33773193063673945,0
1857,Chandigarh,INDIA,INDIA,30.733333333333334,76.88333333333334,10000.0,1,3,0.15081924510716957,0
1858,Jammu,INDIA,INDIA,32.68,74.83,465567.0,0,3,0.18953754971045544,0
1859,Leh,INDIA,INDIA,34.13333333333333,77.55,37475.0,0,4,0.22132520766628974,0
1860,Patna,INDIA,INDIA,25.6,85.1,1599920.0,0,5,0.341397796464034,0
1861,Srinagar,INDIA,INDIA,33.983333333333334,74.76666666666667,975857.0,0,3,0.16246659246119197,0
1862,Varanasi,INDIA,INDIA,25.45,82.86666666666666,1164404.0,0,6,0.24849189731857058,0
1863,Ivalo,FINLAND,FINLAND,68.61083333333333,27.413888888888888,10000.0,1,1,,0
1864,Joensuu,FINLAND,FINLAND,62.65888888888889,29.624444444444446,77266.0,0,2,0.27408285403438143,0
1865,Kajaani,FINLAND,FINLAND,64.28416666666666,27.6875,36498.0,0,1,,0
1866,Kuusamo,FINLAND,FINLAND,65.99027777777778,29.231944444444444,17400.0,0,1,,0
1867,Kemi/Tornio,FINLAND,FINLAND,65.77916666666667,24.584722222222222,10000.0,1,3,0.5607731153765804,0
1868,Kokkola/Pietarsaari,FINLAND,FINLAND,63.72027777777778,23.139166666666668,10000.0,1,2,0.26453543215071806,0
1869,Kittila,FINLAND,FINLAND,67.6986111111111,24.848055555555554,10000.0,1,1,,0
1870,Kuopio,FINLAND,FINLAND,63.00861111111111,27.794444444444444,121557.0,0,1,,0
1871,Lappeenranta,FINLAND,FINLAND,61.045833333333334,28.148611111111112,72646.0,0,2,0.19121306250756873,0
1872,Mikkeli,FINLAND,FINLAND,61.68638888888889,27.2,52121.0,0,2,0.15450376670903265,0
1873,Petrozavodsk,RUSSIA,RUSSIA,61.88722222222222,34.157222222222224,279190.0,0,1,,0
1874,Rovaniemi,UNITED STATES,USA,36.45757916666667,-82.88503722222221,64194.0,0,5,8.938819637141787,0
1875,Seinajoki,FINLAND,FINLAND,62.69361111111111,22.831944444444446,10000.0,1,1,,0
1876,Savonlinna,FINLAND,FINLAND,61.94277777777778,28.945,27353.0,0,3,0.10221152007387976,0
1877,Tartu,ESTONIA,ESTONIA,58.3,26.733333333333334,91407.0,0,1,,0
1878,Varkaus,FINLAND,FINLAND,62.17111111111111,27.86861111111111,22365.0,0,2,0.17022127409277915,0
1879,Brazzaville,CONGO,"CONGO,_REPUBLIC_OF_THE",-4.25,15.25,1284609.0,0,10,0.6623377106594246,0
1880,Dubrovnik,CROATIA,CROATIA,42.56138888888889,18.268333333333334,26922.0,0,3,0.30574816534844823,0
1881,Trapani,ITALY,ITALY,37.91222222222222,12.48638888888889,67531.0,0,3,0.09617321068935715,0
1882,Vicenza,ITALY,ITALY,45.57361111111111,11.529444444444444,111980.0,0,2,0.371975548541506,0
1883,Ankang,CHINA,CHINA,32.516666666666666,109.31666666666666,870126.0,0,1,,0
1884,Dunhuang,CHINA,CHINA,40.2,94.68,186027.0,0,3,1.376704700959751,0
1885,Hanzhong,CHINA,CHINA,32.98,107.18,1006557.0,0,1,,0
1886,Yulin,CHINA,CHINA,38.333333333333336,109.48333333333333,1056743.0,0,2,0.34856528253532754,0
1887,Abadan,IRAN,IRAN,30.366666666666667,48.233333333333334,370180.0,0,4,0.26645966813326116,0
1888,Ardabil,UNITED STATES,USA,41.70137555555555,-94.92054166666667,10000.0,1,1,,0
1889,Ahwaz,IRAN,IRAN,31.35,48.666666666666664,10000.0,1,6,0.24822675645527054,0
1890,Yazd,IRAN,IRAN,31.9,54.4,477905.0,0,2,0.4927129746011187,0
1891,Bandar Abbas,IRAN,IRAN,27.216666666666665,56.38333333333333,352173.0,0,9,0.2328173634500492,0
1892,Bushehr,IRAN,IRAN,28.95,50.81666666666667,165377.0,0,3,0.2694165109602997,0
1893,Isfahan,IRAN,IRAN,32.61666666666667,51.666666666666664,1547164.0,0,9,0.4900974229343489,0
1894,Kerman,IRAN,IRAN,30.25,56.95,577514.0,0,3,0.5178477186096345,0
1895,Kish Island,IRAN,IRAN,26.48,53.95,10000.0,1,4,0.8027558431193541,0
1896,Kermanshah,IRAN,IRAN,34.266666666666666,47.11666666666667,621100.0,0,1,,0
1897,Mashad,IRAN,IRAN,36.233333333333334,59.63333333333333,10000.0,1,17,0.46689628186938503,0
1898,Urmieh,IRAN,IRAN,37.63,45.08,10000.0,1,1,,0
1899,Rasht,IRAN,IRAN,37.25,49.6,594590.0,0,2,0.4708125078356392,0
1900,Ramsar,IRAN,IRAN,36.916666666666664,50.68333333333333,10000.0,1,1,,0
1901,Sanandaj,BRAZIL,BRAZIL,-13.383333333333333,-46.43333333333333,349176.0,0,1,,0
1902,Sary,IRAN,IRAN,36.62,53.18,10000.0,1,2,0.3208522721583455,0
1903,Shiraz,IRAN,IRAN,29.55,52.583333333333336,1249942.0,0,13,0.22131349559162042,0
1904,Tabriz,IRAN,IRAN,38.083333333333336,46.28333333333333,1424641.0,0,2,0.7304006612072688,0
1905,Tabas,IRAN,IRAN,33.6,56.916666666666664,49993.0,0,1,,0
1906,Birjand,IRAN,IRAN,32.86666666666667,59.2,10000.0,1,2,0.4822737237984422,0
1907,Zahedan,IRAN,IRAN,29.45,60.9,551980.0,0,5,0.5545359399428791,0
1908,Chah-Bahar,IRAN,IRAN,25.416666666666668,60.75,10000.0,1,3,0.4539539347602459,0
1909,Narathiwat,THAILAND,THAILAND,6.42,101.8,47771.0,0,1,,0
1910,Rebun,JAPAN,JAPAN,45.45,141.03333333333333,10000.0,1,1,,0
1911,Rishiri,JAPAN,JAPAN,45.25,141.18333333333334,10000.0,1,1,,0
1912,Asau,SAMOA,SAMOA,-13.516666666666667,-172.65,10000.0,1,1,,0
1913,Broken Hill,AUSTRALIA,AUSTRALIA,-38.6,142.96666666666667,18027.0,0,2,1.2125739431743232,0
1914,Ceduna,AUSTRALIA,AUSTRALIA,-32.132222222222225,133.71083333333334,10000.0,1,1,,0
1915,Coober Pedy,AUSTRALIA,AUSTRALIA,-29.041666666666668,134.71666666666667,10000.0,1,2,0.52103488701692,0
1916,Cleve,AUSTRALIA,AUSTRALIA,-33.71083333333333,136.6538888888889,10000.0,1,2,0.17514237716797856,0
1917,Kingscote,AUSTRALIA,AUSTRALIA,-34.715833333333336,137.52138888888888,10000.0,1,1,,0
1918,Olympic Dam,AUSTRALIA,AUSTRALIA,-30.486944444444443,136.86888888888888,10000.0,1,2,0.40312388458748494,0
1919,Port Lincoln,AUSTRALIA,AUSTRALIA,-34.6,135.88333333333333,10000.0,1,1,,0
1920,Whyalla,AUSTRALIA,AUSTRALIA,-33.060833333333335,137.51555555555555,10000.0,1,1,,0
1921,Glen Innes,AUSTRALIA,AUSTRALIA,-29.676666666666666,151.69166666666666,10000.0,1,3,0.699301336951548,0
1922,Inverell,AUSTRALIA,AUSTRALIA,-29.889444444444443,151.14694444444444,10000.0,1,3,0.47824751223833334,0
1923,Quilpie,AUSTRALIA,AUSTRALIA,-26.606944444444444,144.25611111111112,10000.0,1,2,0.2962737278085424,0
1924,Bathurst Island,AUSTRALIA,AUSTRALIA,-11.768333333333333,130.62,10000.0,1,1,,0
1925,Croker Island,AUSTRALIA,AUSTRALIA,-11.166666666666666,132.48333333333332,10000.0,1,1,,0
1926,Garden Point,AUSTRALIA,AUSTRALIA,-11.403888888888888,130.42055555555555,10000.0,1,2,0.06721391464568888,0
1927,Katherine,AUSTRALIA,AUSTRALIA,-14.5225,132.37666666666667,10000.0,1,5,0.3687989747534562,0
1928,Mcarthur River,AUSTRALIA,AUSTRALIA,-16.466666666666665,136.08333333333334,10000.0,1,1,,0
1929,Maningrida,AUSTRALIA,AUSTRALIA,-36.89,145.18305555555557,10000.0,1,4,4.621064429536465,0
1930,Snake Bay,AUSTRALIA,AUSTRALIA,-11.416666666666666,130.65,10000.0,1,2,0.06305907604031352,0
1931,Auki,SOLOMON ISLANDS,SOLOMON_ISLANDS,-8.666666666666666,160.66666666666666,10000.0,1,1,,0
1932,Bellona,UNITED STATES,USA,40.88333333333333,-121.66666666666667,10000.0,1,2,33.36722658196177,1
1933,Sege,SOLOMON ISLANDS,SOLOMON_ISLANDS,-8.57,157.87,10000.0,1,3,0.4289478999978872,0
1934,Fera Island,SOLOMON ISLANDS,SOLOMON_ISLANDS,-8.1,159.58,10000.0,1,1,,0
1935,Gizo,SOLOMON ISLANDS,SOLOMON_ISLANDS,-8.1,156.86666666666667,10000.0,1,6,0.5948308322879874,0
1936,Kirakira,SOLOMON ISLANDS,SOLOMON_ISLANDS,-10.5,161.83,10000.0,1,4,1.4967961643603087,0
1937,Munda,SOLOMON ISLANDS,SOLOMON_ISLANDS,-8.333333333333334,157.25,10000.0,1,3,0.2945169972169892,0
1938,Parasi,SOLOMON ISLANDS,SOLOMON_ISLANDS,-9.72,161.4,10000.0,1,1,,0
1939,Arona,PAPUA NEW GUINEA,PAPUA_NEW_GUINEA,-9.05,146.88333333333333,78614.0,0,2,5.260476601462462,0
1940,Santa Cruz Island,MEXICO,M&Eacute;XICO#MEXICO,16.166666666666668,-95.2,10000.0,1,2,40.096640179101314,1
1941,Suavanao,SOLOMON ISLANDS,SOLOMON_ISLANDS,-7.57,154.67,10000.0,1,1,,0
1942,Yandina,SOLOMON ISLANDS,SOLOMON_ISLANDS,-9.083333333333334,159.21666666666667,10000.0,1,1,,0
1943,Rennell,SOLOMON ISLANDS,SOLOMON_ISLANDS,-11.566666666666666,160.08333333333334,10000.0,1,2,10.066494394429123,0
1944,Brampton Island,AUSTRALIA,AUSTRALIA,-20.783333333333335,149.23333333333332,10000.0,1,2,0.07564925839890425,0
1945,Boulia,AUSTRALIA,AUSTRALIA,-22.97,139.97,10000.0,1,2,0.27124336001834143,0
1946,Doomadgee Mission,AUSTRALIA,AUSTRALIA,-17.933333333333334,138.81666666666666,10000.0,1,3,0.5579605145388056,0
1947,Winton,AUSTRALIA,AUSTRALIA,-22.366666666666667,143.08305555555555,10000.0,1,2,1.0725068543956016,0
1948,Wanigela,PAPUA NEW GUINEA,PAPUA_NEW_GUINEA,-9.333333333333334,149.15,10000.0,1,3,0.19910179783752213,0
1949,Amazon Bay,PAPUA NEW GUINEA,PAPUA_NEW_GUINEA,-10.3,149.33333333333334,10000.0,1,2,0.362425224959019,0
1950,Buka,PAPUA NEW GUINEA,PAPUA_NEW_GUINEA,-5.416666666666667,154.68333333333334,10000.0,1,3,0.6907901584578476,0
1951,Bulolo,PAPUA NEW GUINEA,PAPUA_NEW_GUINEA,-7.183333333333334,146.65,16042.0,0,4,0.22148590384736522,0
1952,Kundiawa,PAPUA NEW GUINEA,PAPUA_NEW_GUINEA,-5.983333333333333,144.98333333333332,10000.0,1,1,,0
1953,Daru,PAPUA NEW GUINEA,PAPUA_NEW_GUINEA,-9.083333333333334,143.2,15214.0,0,3,0.7494520434252054,0
1954,Goroka,PAPUA NEW GUINEA,PAPUA_NEW_GUINEA,-6.06,145.39,18503.0,0,4,0.36731996168828757,0
1955,Alotau,PAPUA NEW GUINEA,PAPUA_NEW_GUINEA,-10.316666666666666,150.33333333333334,10000.0,1,9,0.23926067477398796,0
1956,Mount Hagen,PAPUA NEW GUINEA,PAPUA_NEW_GUINEA,-5.833333333333333,144.21666666666667,33623.0,0,8,0.7510540383886735,0
1957,Hoskins,PAPUA NEW GUINEA,PAPUA_NEW_GUINEA,-5.466666666666667,150.41666666666666,10000.0,1,9,0.516576478809699,0
1958,Kokoda,PAPUA NEW GUINEA,PAPUA_NEW_GUINEA,-8.883333333333333,147.73333333333332,10000.0,1,2,0.12738233284971034,0
1959,Kerema,PAPUA NEW GUINEA,PAPUA_NEW_GUINEA,-7.966666666666667,145.76666666666668,10000.0,1,5,0.26309623853702635,0
1960,Kavieng,PAPUA NEW GUINEA,PAPUA_NEW_GUINEA,-2.57,150.82,10000.0,1,8,0.6755236881062956,0
1961,Lae,PAPUA NEW GUINEA,PAPUA_NEW_GUINEA,-6.733333333333333,147.0,76255.0,0,11,0.47670120674109195,0
1962,Lihir Island,PAPUA NEW GUINEA,PAPUA_NEW_GUINEA,-3.07,152.62,10000.0,1,6,0.3971639791619205,0
1963,Losuia,PAPUA NEW GUINEA,PAPUA_NEW_GUINEA,-8.5,151.08333333333334,10000.0,1,4,0.4025513299092787,0
1964,Madang,PAPUA NEW GUINEA,PAPUA_NEW_GUINEA,-5.216666666666667,145.78333333333333,27419.0,0,6,0.45427920573003633,0
1965,Manus Island,PAPUA NEW GUINEA,PAPUA_NEW_GUINEA,-2.05,147.41666666666666,10000.0,1,3,1.2590795721697563,0
1966,Mendi,PAPUA NEW GUINEA,PAPUA_NEW_GUINEA,-6.166666666666667,143.65,26252.0,0,4,0.223400161704433,0
1967,Balimo,PAPUA NEW GUINEA,PAPUA_NEW_GUINEA,-8.033333333333333,142.93333333333334,10000.0,1,3,0.5357397894046564,0
1968,Popondetta,UNITED STATES,USA,57.58038055555556,-157.56744444444445,28198.0,0,5,17.945982679919673,0
1969,Rabaul,PAPUA NEW GUINEA,PAPUA_NEW_GUINEA,-4.216666666666667,152.2,10000.0,1,12,0.47877676549429904,0
1970,Tabubil,PAPUA NEW GUINEA,PAPUA_NEW_GUINEA,-6.15,141.05,10000.0,1,5,0.4467762833208334,0
1971,Tetabedi,PAPUA NEW GUINEA,PAPUA_NEW_GUINEA,-9.2,148.08,10000.0,1,3,0.16540293463205652,0
1972,Tufi,PAPUA NEW GUINEA,PAPUA_NEW_GUINEA,-9.083333333333334,149.31666666666666,10000.0,1,3,0.4133356246028197,0
1973,Tari,PAPUA NEW GUINEA,PAPUA_NEW_GUINEA,-5.833333333333333,142.95,10000.0,1,4,0.3557284031275737,0
1974,Kiunga,PAPUA NEW GUINEA,PAPUA_NEW_GUINEA,-6.133333333333334,141.28333333333333,10000.0,1,5,0.6838710828497495,0
1975,Wapenamanda,PAPUA NEW GUINEA,PAPUA_NEW_GUINEA,-5.616666666666666,143.91666666666666,10000.0,1,2,0.594410653405183,0
1976,Wau,PAPUA NEW GUINEA,PAPUA_NEW_GUINEA,-7.333333333333333,146.71666666666667,127384.0,0,5,0.213142955385467,0
1977,Wewak,CANADA,CANADA,49.016666666666666,-122.78333333333333,18230.0,0,5,24.22818720025616,1
1978,Kempsey,AUSTRALIA,AUSTRALIA,-31.075,152.76666666666668,10000.0,1,1,,0
1979,Hughenden,AUSTRALIA,AUSTRALIA,-20.83,144.2,10000.0,1,2,1.8232401618752692,0
1980,St George,AUSTRALIA,AUSTRALIA,-28.05,148.6,10000.0,1,2,1.7524927362964562,0
1981,Barcelona,VENEZUELA,VENEZUELA,10.107222222222223,-64.68916666666667,1620343.0,0,10,0.8499390604253951,0
1982,Barquisimeto,VENEZUELA,VENEZUELA,10.05,-69.31666666666666,1240714.0,0,7,0.42347707120707834,0
1983,Las Piedras,VENEZUELA,VENEZUELA,11.716666666666667,-70.18333333333334,69682.0,0,4,0.43587849869202394,0
1984,San Andres Island,COLOMBIA,COLOMBIA,12.583333333333334,-81.7,10000.0,1,6,1.8582355054880961,0
1985,Arauca,COLOMBIA,COLOMBIA,7.066666666666666,-70.73333333333333,85585.0,0,1,,0
1986,Armenia,COLOMBIA,COLOMBIA,4.45,-75.76666666666667,304314.0,0,2,0.3128370476973849,0
1987,Bucaramanga,COLOMBIA,COLOMBIA,7.1,-73.13333333333334,581130.0,0,6,0.7020235738270487,0
1988,Cucuta,COLOMBIA,COLOMBIA,7.933333333333334,-72.51666666666667,10000.0,1,3,0.7465412044313626,0
1989,Barrancabermeja,COLOMBIA,COLOMBIA,7.016666666666667,-73.76666666666667,191403.0,0,1,,0
1990,El Yopal,COLOMBIA,COLOMBIA,5.316666666666666,-72.35,10000.0,1,1,,0
1991,Ibague,COLOMBIA,COLOMBIA,4.416666666666667,-75.13333333333334,10000.0,1,6,0.388263737380193,0
1992,Leticia,COLOMBIA,COLOMBIA,-4.183333333333334,-69.93333333333334,48144.0,0,1,,0
1993,Monteria,COLOMBIA,COLOMBIA,8.816666666666666,-75.85,10000.0,1,5,0.49373071888857994,0
1994,Manizales,COLOMBIA,COLOMBIA,5.033333333333333,-75.46666666666667,434403.0,0,3,0.2950474860388289,0
1995,Neiva,COLOMBIA,COLOMBIA,2.95,-75.3,357392.0,0,5,0.24319533658272433,0
1996,Pereira,COLOMBIA,COLOMBIA,4.816666666666666,-75.75,467269.0,0,4,0.3334039543872592,0
1997,Popayan,COLOMBIA,COLOMBIA,2.45,-76.61666666666666,10000.0,1,2,0.34554674503148375,0
1998,Pasto,COLOMBIA,COLOMBIA,1.4666666666666666,-77.25,392930.0,0,2,0.5216399231825973,0
1999,Riohacha,COLOMBIA,COLOMBIA,11.533333333333333,-72.91666666666667,188014.0,0,4,0.24390194297983786,0
2000,Santa Marta,COLOMBIA,COLOMBIA,11.116666666666667,-74.23333333333333,499192.0,0,6,0.6597503845253226,0
2001,Quibdo,COLOMBIA,COLOMBIA,5.7,-76.63333333333334,10000.0,1,3,0.21135645069362743,0
2002,Villavicencio,COLOMBIA,COLOMBIA,4.166666666666667,-73.61666666666666,321717.0,0,1,,0
2003,Valledupar,COLOMBIA,COLOMBIA,10.433333333333334,-73.25,490075.0,0,4,0.21510100149521807,0
2004,El Bolson,ARGENTINA,ARGENTINA,-41.96666666666667,-71.53333333333333,10000.0,1,2,0.23014668783823447,0
2005,Bloemfontein,SOUTH AFRICA,SOUTH_AFRICA,-29.093055555555555,26.304444444444446,556000.0,0,4,0.08615156609468722,0
2006,Durban,SOUTH AFRICA,SOUTH_AFRICA,-29.770555555555557,31.060277777777777,3120282.0,0,11,0.057249869643809424,0
2007,East London,SOUTH AFRICA,SOUTH_AFRICA,-33.034444444444446,27.822222222222223,478676.0,0,4,0.0790096953691195,0
2008,George,SOUTH AFRICA,SOUTH_AFRICA,-34.006388888888885,22.37472222222222,157394.0,0,4,0.0764420200577116,0
2009,Kimberley,SOUTH AFRICA,SOUTH_AFRICA,-28.801111111111112,24.76388888888889,142089.0,0,2,0.52823620892577,0
2010,Sun City,SOUTH AFRICA,SOUTH_AFRICA,-25.333055555555557,27.17361111111111,37499.0,0,3,0.14478740462041326,0
2011,Oranjemund,NAMIBIA,NAMIBIA,-28.583055555555557,16.45,10000.0,1,2,0.3453233790962889,0
2012,Port Elizabeth,SOUTH AFRICA,SOUTH_AFRICA,-33.98916666666667,25.611944444444443,967677.0,0,6,0.07093473586404836,0
2013,Springbok,UNITED STATES,USA,43.59534388888889,-94.09284833333332,10000.0,1,2,11.094606706001505,0
2014,Upington,SOUTH AFRICA,SOUTH_AFRICA,-28.400277777777777,21.260277777777777,71373.0,0,2,0.5427409653742378,0
2015,Walvis Bay,NAMIBIA,NAMIBIA,-22.983055555555556,14.65,52058.0,0,4,0.10044789720909676,0
2016,Perito Moreno,ARGENTINA,ARGENTINA,-46.53333333333333,-70.98333333333333,10000.0,1,2,0.6572156283448891,0
2017,Puerto Deseado,ARGENTINA,ARGENTINA,-47.71666666666667,-65.93333333333334,10000.0,1,1,,0
2018,Rio Mayo,ARGENTINA,ARGENTINA,-45.78333333333333,-70.26666666666667,10000.0,1,2,0.3034619059990923,0
2019,Baracoa,CUBA,CUBA,20.35,-74.5,48362.0,0,2,0.2079412632266181,0
2020,Bayamo,CUBA,CUBA,20.4,-76.61666666666666,192632.0,0,1,,0
2021,Guantanamo,CUBA,CUBA,20.083333333333332,-75.16666666666667,10000.0,1,1,,0
2022,Nueva Gerona,CUBA,CUBA,21.833333333333332,-82.76666666666667,20264.0,0,1,,0
2023,Manzanillo,CUBA,CUBA,20.333333333333332,-77.13333333333334,128188.0,0,1,,0
2024,Vitoria,SPAIN,SPAIN,42.882777777777775,-2.7241666666666666,10000.0,1,6,0.48178326564319635,0
2025,Beira,MOZAMBIQUE,MOZAMBIQUE,-19.794444444444444,34.899166666666666,533825.0,0,8,0.1112512750966587,0
2026,Blantyre,MALAWI,MALAWI,-15.678333333333333,34.968333333333334,17090.0,0,6,0.1285224316461741,0
2027,Bulawayo,ZIMBABWE,ZIMBABWE,-20.017222222222223,28.625,1200337.0,0,2,0.526738662867462,0
2028,Lubumbashi,CONGO,"CONGO,_DEMOCRATIC_PEOPLES'S_REPUBLIC",-11.666666666666666,27.483333333333334,1373770.0,0,6,0.13355680395718755,0
2029,Gaborone,BOTSWANA,BOTSWANA,-24.55,25.916666666666668,208411.0,0,4,0.08762472422789892,0
2030,Hoedspruit,SOUTH AFRICA,SOUTH_AFRICA,-24.351388888888888,30.949444444444445,10000.0,1,2,0.48162763017571886,0
2031,Lilongwe,MALAWI,MALAWI,-13.783333333333333,33.78333333333333,646750.0,0,9,0.16596480736902838,0
2032,Lusaka,ZAMBIA,ZAMBIA,-15.32638888888889,28.455833333333334,1267440.0,0,13,0.09431987810067075,0
2033,Mmabatho,SOUTH AFRICA,SOUTH_AFRICA,-25.804444444444446,25.545277777777777,76754.0,0,1,,0
2034,Margate,COLOMBIA,COLOMBIA,6.7,-72.73333333333333,60134.0,0,1,,0
2035,Maputo,MOZAMBIQUE,MOZAMBIQUE,-25.919722222222223,32.573055555555555,1191613.0,0,11,0.25967703729863056,0
2036,Maseru,LESOTHO,LESOTHO,-29.454166666666666,27.55527777777778,118355.0,0,1,,0
2037,Manzini,SWAZILAND,SWAZILAND,-26.528333333333332,31.307777777777776,110537.0,0,3,0.042691861935166754,0
2038,Maun,BOTSWANA,BOTSWANA,-19.97222222222222,23.428055555555556,49945.0,0,5,0.06649767610206063,0
2039,Ndola,ZAMBIA,ZAMBIA,-12.995277777777778,28.665555555555557,451246.0,0,7,0.03058876747195069,0
2040,Nelspruit,SOUTH AFRICA,SOUTH_AFRICA,-25.49972222222222,30.916666666666668,110159.0,0,2,0.49122625294809297,0
2041,Plettenberg Bay,UNITED STATES,USA,40.53333333333333,-80.21666666666667,19445.0,0,1,,0
2042,Phalaborwa,SOUTH AFRICA,SOUTH_AFRICA,-23.942222222222224,31.156944444444445,109468.0,0,1,,0
2043,Pietersburg,UNITED STATES,USA,36.74617166666666,-83.03702861111111,10000.0,1,1,,0
2044,Pietermaritzburg,SOUTH AFRICA,SOUTH_AFRICA,-29.649722222222223,30.4,750845.0,0,3,0.020444956798192193,0
2045,Richards Bay,SOUTH AFRICA,SOUTH_AFRICA,-28.7375,32.09166666666667,252968.0,0,1,,0
2046,Skukuza,SOUTH AFRICA,SOUTH_AFRICA,-24.96638888888889,31.6,10000.0,1,1,,0
2047,Umtata,SOUTH AFRICA,SOUTH_AFRICA,-31.545555555555556,28.67361111111111,10000.0,1,1,,0
2048,Victoria Falls,ZIMBABWE,ZIMBABWE,-18.092777777777776,25.84027777777778,35199.0,0,5,0.06699821173730773,0
2049,Moroni,COMOROS,COMOROS,-11.7,43.233333333333334,42872.0,0,9,0.4350023673645219,0
2050,Zanzibar,TANZANIA,TANZANIA,-6.216666666666667,39.21666666666667,403658.0,0,11,0.13225903840715905,0
2051,Badajoz,SPAIN,SPAIN,38.89138888888889,-6.821111111111111,148334.0,0,1,,0
2052,San Sebastian,SPAIN,SPAIN,43.35638888888889,-1.7902777777777779,10000.0,1,2,0.2925824705221462,0
2053,Gerona,MARIANA ISLANDS,MARIANA_ISLANDS,14.174307500000001,145.2425352777778,40914.0,0,1,,0
2054,Granada,SPAIN,SPAIN,37.18861111111111,-3.777222222222222,32365.0,0,3,0.49878978531965906,0
2055,La Coruna,SPAIN,SPAIN,43.30222222222222,-8.376944444444444,10000.0,1,4,0.5122643495153845,0
2056,Almeria,SPAIN,SPAIN,36.84388888888889,-2.3697222222222223,10000.0,1,4,0.44663229198859206,0
2057,Leon,MEXICO,M&Eacute;XICO#MEXICO,21.05,-101.55,10000.0,1,2,7.452893698352071,0
2058,Pamplona,SPAIN,SPAIN,42.77,-1.646111111111111,53587.0,0,2,0.2552658433235901,0
2059,Reus,SPAIN,SPAIN,41.1475,1.1672222222222222,107118.0,0,1,,0
2060,Santander,SPAIN,SPAIN,43.426944444444445,-3.819722222222222,172044.0,0,2,0.3413522808683446,0
2061,Vigo,SPAIN,SPAIN,42.229166666666664,-8.627222222222223,297332.0,0,4,0.41302783173126495,0
2062,Malargue,ARGENTINA,ARGENTINA,-35.5,-69.58333333333333,10000.0,1,1,,0
2063,San Antonio Oeste,ARGENTINA,ARGENTINA,-40.733333333333334,-64.95,16966.0,0,2,0.4463139924901944,0
2064,Santo Angelo,BRAZIL,BRAZIL,-28.25,-54.266666666666666,10000.0,1,2,0.571724932155739,0
2065,Pelotas,BRAZIL,BRAZIL,-31.866666666666667,-52.333333333333336,320674.0,0,2,0.26120057480229425,0
2066,Passo Fundo,BRAZIL,BRAZIL,-28.25,-52.333333333333336,179529.0,0,3,0.402584541792369,0
2067,Santa Maria,BRAZIL,BRAZIL,-29.716666666666665,-53.7,283677.0,0,2,0.532415566120488,0
2068,Rio Grande,BRAZIL,BRAZIL,-32.0839,-52.1628,187838.0,0,2,0.2759040618757706,0
2069,Goya,ARGENTINA,ARGENTINA,-29.1,-59.25,70245.0,0,2,0.6120283870997362,0
2070,President Roque Saenz Pena,ARGENTINA,ARGENTINA,-26.816666666666666,-60.45,10000.0,1,2,1.7725054391158392,0
2071,Reconquista,ARGENTINA,ARGENTINA,-29.183333333333334,-59.7,90184.0,0,2,0.534940461919997,0
2072,Lago Argentino,ARGENTINA,ARGENTINA,-50.333333333333336,-72.25,10000.0,1,3,0.8819044378647941,0
2073,Rio Turbio,ARGENTINA,ARGENTINA,-51.6,-72.21666666666667,10000.0,1,2,0.6462885279061801,0
2074,Santa Cruz,ARGENTINA,ARGENTINA,-50.03333333333333,-68.58333333333333,27775.0,0,2,0.6973899322640723,0
2075,Aracaju,BRAZIL,BRAZIL,-10.983333333333333,-37.06666666666667,664908.0,0,5,0.31742730053057466,0
2076,Campos,BRAZIL,BRAZIL,-21.75,-41.333333333333336,10000.0,1,1,,0
2077,Tarija,BOLIVIA,BOLIVIA,-21.566666666666666,-64.73333333333333,159269.0,0,5,0.414345034610034,0
2078,Yacuiba,BOLIVIA,BOLIVIA,-21.966666666666665,-63.7,82803.0,0,1,,0
2079,Puerto Suarez,BOLIVIA,BOLIVIA,-18.966666666666665,-57.8,10000.0,1,1,,0
2080,Sucre,BOLIVIA,BOLIVIA,-19.0,-65.35,224838.0,0,4,0.23241253496133477,0
2081,Trinidad,BOLIVIA,BOLIVIA,-14.816666666666666,-64.91666666666667,84259.0,0,6,0.25318845358899383,0
2082,Tres Arroyos,ARGENTINA,ARGENTINA,-38.38333333333333,-60.333333333333336,47136.0,0,1,,0
2083,El Maiten,ARGENTINA,ARGENTINA,-42.03333333333333,-71.16666666666667,10000.0,1,2,0.14952648968944213,0
2084,Tennant Creek,AUSTRALIA,AUSTRALIA,-19.636388888888888,134.18138888888888,10000.0,1,2,0.40598000183184857,0
2085,Elcho Island,AUSTRALIA,AUSTRALIA,-12.016666666666667,135.56666666666666,10000.0,1,5,0.0936428781580261,0
2086,Lake Evella,AUSTRALIA,AUSTRALIA,-12.499166666666667,135.8047222222222,10000.0,1,2,0.52163795925088,0
2087,Numbulwar,AUSTRALIA,AUSTRALIA,-14.27138888888889,135.71416666666667,10000.0,1,2,0.34822018881930966,0
2088,Mornington Island,AUSTRALIA,AUSTRALIA,-16.666666666666668,139.16666666666666,10000.0,1,3,1.8544657319446651,0
2089,Thursday Island,AUSTRALIA,AUSTRALIA,-10.583333333333334,142.3,10000.0,1,2,1.388725783990457,0
2090,Coconut Island,AUSTRALIA,AUSTRALIA,-10.05,143.07,10000.0,1,4,0.6234608909553827,0
2091,Warraber Island,AUSTRALIA,AUSTRALIA,-10.52,142.37,10000.0,1,3,0.7799649418306263,0
2092,Yam Island,AUSTRALIA,AUSTRALIA,-10.483333333333333,142.45,10000.0,1,4,1.1134406101729672,0
2093,Sumbawa,INDONESIA,INDONESIA,-8.433333333333334,117.41666666666667,10000.0,1,1,,0
2094,Derby,AUSTRALIA,AUSTRALIA,-17.3,123.61666666666666,270468.0,0,1,,0
2095,Fitzroy Crossing,AUSTRALIA,AUSTRALIA,-18.166666666666668,125.55,10000.0,1,2,0.32395336452986684,0
2096,Bandung,INDONESIA,INDONESIA,-6.9,107.58333333333333,2444160.0,0,2,0.9473302771366484,0
2097,Ambon,INDONESIA,INDONESIA,-3.7,128.08333333333334,347288.0,0,2,0.7163611752533948,0
2098,Biak,INDONESIA,INDONESIA,-1.2,136.11666666666667,10000.0,1,3,0.6463688076069628,0
2099,Kendari,INDONESIA,INDONESIA,-4.083333333333333,122.41666666666667,345107.0,0,2,0.71600936671883,0
2100,Palu,INDONESIA,INDONESIA,-0.6833333333333333,119.73333333333333,373218.0,0,3,0.5153140867912508,0
2101,Sorong,INDONESIA,INDONESIA,-0.9333333333333333,131.11666666666667,254294.0,0,5,0.7994149814060796,0
2102,Tembagapura,INDONESIA,INDONESIA,-4.533333333333333,136.9,10000.0,1,4,0.6980714184539949,0
2103,Lhasa,CHINA,CHINA,29.683333333333334,91.16666666666667,118721.0,0,4,1.0184423172028678,0
2104,Xichang,CHINA,CHINA,31.0,105.0,481796.0,0,1,,0
2105,Barisal,BANGLADESH,BANGLADESH,22.8,90.3,10000.0,1,1,,0
2106,Chittagong,BANGLADESH,BANGLADESH,22.25,91.81666666666666,10000.0,1,7,1.6154739533811873,0
2107,Cox's Bazar,BANGLADESH,BANGLADESH,21.45,91.96666666666667,10000.0,1,2,0.07508329401364772,0
2108,Jessore,BANGLADESH,BANGLADESH,23.183333333333334,89.16666666666667,243987.0,0,1,,0
2109,Paro,BHUTAN,BHUTAN,27.403333333333332,89.41833333333334,10000.0,1,3,0.29980815065216765,0
2110,Rajshahi,BANGLADESH,BANGLADESH,24.45,88.61666666666666,10000.0,1,2,0.07055236340516403,0
2111,Saidpur,BANGLADESH,BANGLADESH,25.766666666666666,88.76666666666667,199422.0,0,2,0.08644332067976276,0
2112,Sylhet,BANGLADESH,BANGLADESH,24.966666666666665,91.88333333333334,237000.0,0,2,0.6777609771980315,0
2113,Berbera,SOMALIA,SOMALIA,10.416666666666666,45.016666666666666,242344.0,0,6,0.5174318606749466,0
2114,Faisalabad,PAKISTAN,PAKISTAN,31.366666666666667,73.0,2506595.0,0,7,0.1546593208140494,0
2115,Multan,PAKISTAN,PAKISTAN,30.2,71.41666666666667,1437230.0,0,6,0.11606369651417316,0
2116,Peshawar,PAKISTAN,PAKISTAN,34.016666666666666,71.58333333333333,1218773.0,0,17,0.29591062531298495,0
2117,Riyan Mukalla,YEMEN,YEMEN,14.65,49.38333333333333,10000.0,1,7,0.2488178934688014,0
2118,Salalah,OMAN,OMAN,17.033333333333335,54.1,10000.0,1,2,0.3392019938353611,0
2119,Fuyang,CHINA,CHINA,32.8855,115.7698,1768947.0,0,1,,0
2120,Bharatpur,NEPAL,NEPAL,27.666666666666668,84.41666666666667,229384.0,0,1,,0
2121,Biratnagar,NEPAL,NEPAL,26.483333333333334,87.25,244750.0,0,1,,0
2122,Bhairawa,NEPAL,NEPAL,27.5,83.41666666666667,10000.0,1,1,,0
2123,Janakpur,NEPAL,NEPAL,26.7,85.91666666666667,93767.0,0,1,,0
2124,Nepalganj,NEPAL,NEPAL,28.1,81.65,10000.0,1,1,,0
2125,Lukla,NEPAL,NEPAL,27.683333333333334,86.71666666666667,10000.0,1,1,,0
2126,Pokhara,NEPAL,NEPAL,28.2,83.98333333333333,200000.0,0,2,0.07302096685358882,0
2127,Rodrigues Island,MAURITIUS,MAURITIUS,-19.683333333333334,63.416666666666664,10000.0,1,1,,0
2128,St Pierre de la Reunion,UNITED STATES,USA,47.28333333333333,-122.18333333333334,10000.0,1,4,9.258517646420984,0
2129,Battambang,CAMBODIA,CAMBODIA,13.1,103.2,119251.0,0,1,,0
2130,Stung Treng,CAMBODIA,CAMBODIA,13.516666666666667,105.96666666666667,25000.0,0,1,,0
2131,Utapao,THAILAND,THAILAND,12.633333333333333,101.35,10000.0,1,2,0.7254832226852965,0
2132,Sittwe,MYANMAR,MYANMAR,20.133333333333333,92.88333333333334,177743.0,0,3,0.45787851904035215,0
2133,Heho,MYANMAR,MYANMAR,20.74330611111111,96.79347222222222,10000.0,1,9,0.62079519328681,0
2134,Kawthaung,MYANMAR,MYANMAR,10.05,98.53333333333333,10000.0,1,3,0.8072206455091419,0
2135,Kyaukpyu,MYANMAR,MYANMAR,19.433333333333334,93.53333333333333,10000.0,1,3,0.2605014778371496,0
2136,Loikaw,MYANMAR,MYANMAR,19.683333333333334,97.21666666666667,17293.0,0,2,0.4589000917640564,0
2137,Mandalay,MYANMAR,MYANMAR,21.933333333333334,96.1,1208099.0,0,10,1.1055879678887364,0
2138,Myeik,MYANMAR,MYANMAR,12.45,98.61666666666666,173298.0,0,4,0.6848353611510243,0
2139,Maulmyine,MYANMAR,MYANMAR,16.45,97.66666666666667,10000.0,1,3,0.4757364267490638,0
2140,Nyaung-u,MYANMAR,MYANMAR,21.18111111111111,94.92916666666666,10000.0,1,4,0.5948680170542151,0
2141,Kengtung,MYANMAR,MYANMAR,21.3,99.61666666666666,10000.0,1,4,0.4575231196531557,0
2142,Kalemyo,MYANMAR,MYANMAR,23.18881111111111,94.05109388888889,10000.0,1,2,0.9955264424101995,0
2143,Lashio,MYANMAR,MYANMAR,22.966666666666665,97.75,131016.0,0,2,0.9761159071523143,0
2144,Thandwe,MYANMAR,MYANMAR,18.466666666666665,94.35,10000.0,1,6,0.652282267580417,0
2145,Tachilek,MYANMAR,MYANMAR,20.482111111111113,99.93269444444445,51553.0,0,4,0.8739882841697179,0
2146,Dawe,MYANMAR,MYANMAR,14.1,98.2,10000.0,1,4,0.5776016540914396,0
2147,Haifa,ISRAEL,ISRAEL,32.81666666666667,35.05,285316.0,0,5,0.04095714016486994,0
2148,Jerusalem,ISRAEL,ISRAEL,31.864722222222223,35.219166666666666,971800.0,0,3,0.04095714016486994,0
2149,Rosh Pina,ISRAEL,ISRAEL,32.98,35.57,10000.0,1,2,0.033565153376974806,0
2150,Altay,CHINA,CHINA,47.7406,88.0845,190064.0,0,1,,0
2151,Hotan,CHINA,CHINA,37.18333333333333,79.83333333333333,408894.0,0,1,,0
2152,Kashi,CHINA,CHINA,39.46666666666667,75.98333333333333,10000.0,1,1,,0
2153,Korla,CHINA,CHINA,41.73,86.15,549324.0,0,4,0.16491213878429528,0
2154,Karamay,CHINA,CHINA,45.833333333333336,84.91666666666667,261445.0,0,1,,0
2155,Yining,CHINA,CHINA,43.96666666666667,81.33333333333333,10000.0,1,1,,0
2156,Shashi,CHINA,CHINA,30.3244,112.2669,10000.0,1,1,,0
2157,Al-Fujairah,UNITED ARAB EMIRATES,UNITED_ARAB_EMIRATES,25.112225,56.32396388888888,10000.0,1,7,0.0861081841548633,0
2158,Seiyun,YEMEN,YEMEN,15.983333333333333,48.983333333333334,10000.0,1,5,0.2795555623458314,0
2159,Kos,GREECE,GREECE,36.793055555555554,27.09,19244.0,0,3,1.4023841456821375,0
2160,Mae Hong Son,THAILAND,THAILAND,19.3,97.83333333333333,10000.0,1,1,,0
2161,Luang Prabang,LAOS,LAOS,19.9,102.15,47378.0,0,3,0.4835107848655624,0
2162,Nan,THAILAND,THAILAND,18.766666666666666,100.78333333333333,24670.0,0,2,0.30242776142090505,0
2163,Al-Baha,SAUDI ARABIA,SAUDI_ARABIA,20.3,41.63333333333333,10000.0,1,2,0.3298310616646838,0
2164,Abha,SAUDI ARABIA,SAUDI_ARABIA,18.233333333333334,42.65,210886.0,0,7,0.39693958355707026,0
2165,Jouf,SAUDI ARABIA,SAUDI_ARABIA,29.783333333333335,40.1,10000.0,1,8,0.3838925757205492,0
2166,Qaisumah,SAUDI ARABIA,SAUDI_ARABIA,28.333333333333332,46.13333333333333,20685.0,0,4,0.49762925870681796,0
2167,Bisha,SAUDI ARABIA,SAUDI_ARABIA,19.983333333333334,42.61666666666667,10000.0,1,3,0.2765634939898768,0
2168,Dongola,SUDAN,SUDAN,19.183333333333334,30.483333333333334,10000.0,1,6,0.22536324109244535,0
2169,Nejran,SAUDI ARABIA,SAUDI_ARABIA,17.616666666666667,44.43333333333333,10000.0,1,5,0.44429827757553503,0
2170,Wedjh,SAUDI ARABIA,SAUDI_ARABIA,26.2,36.46666666666667,10000.0,1,3,0.2817121712410706,0
2171,Gassim,SAUDI ARABIA,SAUDI_ARABIA,26.3,43.766666666666666,10000.0,1,9,0.43738076422665767,0
2172,Gizan,SAUDI ARABIA,SAUDI_ARABIA,16.9,42.56666666666667,10000.0,1,8,0.4644981216065957,0
2173,Hail,SAUDI ARABIA,SAUDI_ARABIA,27.433333333333334,41.68333333333333,10000.0,1,10,0.40978039744691225,0
2174,Taif,SAUDI ARABIA,SAUDI_ARABIA,21.483333333333334,40.55,10000.0,1,7,0.41570232818068925,0
2175,Tabuk,SAUDI ARABIA,SAUDI_ARABIA,28.366666666666667,36.63333333333333,27048.0,0,11,0.5077170203255589,0
2176,Wadi Ad Dawasir,SAUDI ARABIA,SAUDI_ARABIA,20.5,45.17,10000.0,1,3,0.3527580172449452,0
2177,Yanbu,SAUDI ARABIA,SAUDI_ARABIA,24.15,38.06666666666667,200161.0,0,2,0.37594702972793304,0
2178,Mukah,MALAYSIA,MALAYSIA,2.9,112.07,49900.0,0,4,0.5305308249541606,0
2179,Bahawalpur,PAKISTAN,PAKISTAN,29.4,71.78333333333333,552607.0,0,3,0.19142811690932868,0
2180,Dera Ghazi Khan,SOUTH AFRICA,SOUTH_AFRICA,-30.69972222222222,24.033333333333335,236093.0,0,3,5.754775865226775,0
2181,Gwadar,PAKISTAN,PAKISTAN,25.23,62.34,51901.0,0,7,0.16272953354172023,0
2182,Jacobabad,PAKISTAN,PAKISTAN,28.3,68.46666666666667,170588.0,0,3,0.21018459936688358,0
2183,Jiwani,PAKISTAN,PAKISTAN,25.083333333333332,61.81666666666667,16322.0,0,4,0.2677207124894497,0
2184,Mohenjodaro,PAKISTAN,PAKISTAN,27.333333333333332,68.15,10000.0,1,4,0.1308584480244676,0
2185,Ormara,PAKISTAN,PAKISTAN,25.216666666666665,64.63333333333334,10000.0,1,3,0.17368577184010492,0
2186,Panjgur,PAKISTAN,PAKISTAN,26.95,64.1,10000.0,1,6,0.40024734021080266,0
2187,Pasni,PAKISTAN,PAKISTAN,25.266666666666666,63.483333333333334,33110.0,0,5,0.15296849801981532,0
2188,Rahim Yar Khan,PAKISTAN,PAKISTAN,28.4,70.28,788915.0,0,3,0.2654429127498788,0
2189,Sukkur,PAKISTAN,PAKISTAN,27.73,68.78,417767.0,0,7,0.10178282888535854,0
2190,Turbat,PAKISTAN,PAKISTAN,25.983333333333334,63.03333333333333,75694.0,0,8,0.14299438545964166,0
2191,Quetta,PAKISTAN,PAKISTAN,30.25,66.88333333333334,733675.0,0,10,0.3301914056907585,0
2192,Nawabshah,PAKISTAN,PAKISTAN,26.25,68.38333333333334,229504.0,0,4,0.17384727129531916,0
2193,Port Blair,INDIA,INDIA,11.666666666666666,92.73333333333333,112050.0,0,2,1.3290194369302253,0
2194,Tirupati,INDIA,INDIA,13.63,79.42,250821.0,0,2,0.24457434086472876,0
2195,Vishakhapatnam,INDIA,INDIA,17.72,83.22,10000.0,1,3,0.48661035731851043,0
2196,Banda Aceh,INDONESIA,INDONESIA,5.516666666666667,95.41666666666667,255029.0,0,1,,0
2197,Gan Island,MALDIVES,MALDIVES,-0.6833333333333333,73.15,10000.0,1,1,,0
2198,Kadhdhoo,SUDAN,SUDAN,11.0,29.733333333333334,10000.0,1,1,,0
2199,Bario,MALAYSIA,MALAYSIA,3.68,115.47,10000.0,1,2,10.041058824979691,0
2200,Marudi,AUSTRALIA,AUSTRALIA,-28.333333333333332,153.41666666666666,90100.0,0,2,30.417651307108788,1
2201,Mulu,MALAYSIA,MALAYSIA,4.03,114.8,10000.0,1,1,,0
2202,Malacca,MALAYSIA,MALAYSIA,2.2666666666666666,102.25,579000.0,0,1,,0
2203,Hafr Albatin,SAUDI ARABIA,SAUDI_ARABIA,28.333333333333332,46.11666666666667,10000.0,1,1,,0
2204,Hofuf,SAUDI ARABIA,SAUDI_ARABIA,25.283333333333335,49.483333333333334,10000.0,1,1,,0
2205,Arar,SAUDI ARABIA,SAUDI_ARABIA,30.9,41.13333333333333,148540.0,0,5,0.6692497369230003,0
2206,Rafha,SAUDI ARABIA,SAUDI_ARABIA,29.633333333333333,43.483333333333334,10000.0,1,5,0.4319137184872262,0
2207,Gurayat,SAUDI ARABIA,SAUDI_ARABIA,31.416666666666668,37.266666666666666,10000.0,1,5,0.43578543379373536,0
2208,Fergana,UZBEKHISTAN,UZBEKHISTAN,40.833333333333336,72.5,299200.0,0,2,0.31276953997073104,0
2209,Karshi,UZBEKHISTAN,UZBEKHISTAN,38.836400000000005,65.9275,10000.0,1,1,,0
2210,Namangan,UZBEKHISTAN,UZBEKHISTAN,40.9787,71.5677,1010000.0,0,2,0.25461979067989193,0
2211,Funafuti Atol,TUVALU,TUVALU,-8.533333333333333,179.2,10000.0,1,1,,0
2212,Cicia,FIJI,FIJI,-17.75,-179.31,10000.0,1,1,,0
2213,Koro Island,FIJI,FIJI,-17.32,179.38,10000.0,1,1,,0
2214,Bureta,FIJI,FIJI,-17.716666666666665,178.76666666666668,10000.0,1,1,,0
2215,Lakeba,FIJI,FIJI,-18.233333333333334,-178.8,10000.0,1,1,,0
2216,Moala,FIJI,FIJI,-18.57,179.9,10000.0,1,1,,0
2217,Ngau Island,FIJI,FIJI,-18.03,179.3,10000.0,1,1,,0
2218,Rotuma Island,FIJI,FIJI,-12.5,177.05,10000.0,1,1,,0
2219,Vanuabalavu,FIJI,FIJI,-16.67,179.05,10000.0,1,1,,0
2220,Laucala Island,AUSTRALIA,AUSTRALIA,-22.466666666666665,136.25,10000.0,1,1,,0
2221,Christmas Island,AUSTRALIA,AUSTRALIA,-10.45,105.68333333333334,10000.0,1,2,1.1739307918202053,0
2222,Kalbarri,AUSTRALIA,AUSTRALIA,-27.7725,114.15333333333334,10000.0,1,2,1.4133887325272574,0
2223,Balgo Hills,AUSTRALIA,AUSTRALIA,-20.155,127.97666666666667,10000.0,1,1,,0
2224,Inverway,AUSTRALIA,AUSTRALIA,-17.841666666666665,129.635,10000.0,1,2,0.3357121863780871,0
2225,Wyndham,AUSTRALIA,AUSTRALIA,-15.516666666666667,128.15,10000.0,1,1,,0
2226,Aktyubinsk,KAZAKHSTAN,KAZAKHSTAN,50.3,57.21666666666667,10000.0,1,1,,0
2227,Shimkent,KAZAKHSTAN,KAZAKHSTAN,42.3,69.6,10000.0,1,1,,0
2228,Atyrau,KAZAKHSTAN,KAZAKHSTAN,47.12,51.825,290700.0,0,3,0.7165141691857038,0
2229,Pavlodar,KAZAKHSTAN,KAZAKHSTAN,52.18,77.07,329002.0,0,3,0.16098145821775994,0
2230,Aktau,KAZAKHSTAN,KAZAKHSTAN,43.87,51.1,10000.0,1,3,0.3768976607765285,0
2231,Uralsk,KAZAKHSTAN,KAZAKHSTAN,51.25,51.4,10000.0,1,2,1.2523308312301549,0
2232,Blagoveschensk,RUSSIA,RUSSIA,50.42,127.4,10000.0,1,3,0.8435105554424926,0
2233,Komsomolsk Na Amure,RUSSIA,RUSSIA,50.4029,136.94559999999998,10000.0,1,1,,0
2234,Polyarnyj,RUSSIA,RUSSIA,66.42,112.05,10000.0,1,1,,0
2235,Ulyanovsk,RUSSIA,RUSSIA,54.35,48.38333333333333,626540.0,0,6,1.1283774477142783,0
2236,Karpathos,GREECE,GREECE,35.41416666666667,27.148333333333333,10000.0,1,3,0.10838382098517631,0
2237,Alexandroupolis,GREECE,GREECE,40.854166666666664,25.954722222222223,10000.0,1,1,,0
2238,Kerkyra,GREECE,GREECE,39.6,19.910833333333333,10000.0,1,3,0.3098569712065162,0
2239,Chania,GREECE,GREECE,35.52972222222222,24.15,10000.0,1,2,0.3476617591025875,0
2240,Kefallinia,GREECE,GREECE,38.11833333333333,20.499444444444446,10000.0,1,2,0.14900751936798115,0
2241,Ioannina,GREECE,GREECE,39.69555555555556,20.820833333333333,10000.0,1,3,0.1957143197094337,0
2242,Chios,GREECE,GREECE,38.343333333333334,26.140555555555554,23953.0,0,3,0.17457535350600772,0
2243,Mikonos,GREECE,GREECE,37.435833333333335,25.345833333333335,10000.0,1,1,,0
2244,Naxos Is,GREECE,GREECE,37.07972222222222,25.366944444444446,10000.0,1,2,0.10985606820645706,0
2245,Sitia,GREECE,GREECE,35.219722222222224,26.101111111111113,10000.0,1,1,,0
2246,Syros Island,GREECE,GREECE,37.42111111111111,24.948333333333334,10000.0,1,1,,0
2247,Thira,GREECE,GREECE,36.39861111111111,25.4775,10000.0,1,1,,0
2248,Kithira,GREECE,GREECE,36.28916666666667,23.023333333333333,10000.0,1,1,,0
2249,Kalamata,GREECE,GREECE,37.06722222222222,22.024166666666666,54100.0,0,1,,0
2250,Kavala,GREECE,GREECE,40.964166666666664,24.348333333333333,10000.0,1,5,1.0676410461135957,0
2251,Kozani,GREECE,GREECE,40.284166666666664,21.840833333333332,10000.0,1,2,0.15541077336225817,0
2252,Leros,GREECE,GREECE,37.18222222222222,26.8,10000.0,1,1,,0
2253,Lemnos,GREECE,GREECE,39.91555555555556,25.235,10000.0,1,3,0.1793135543962712,0
2254,Mytilene,GREECE,GREECE,39.05583333333333,26.598333333333333,28322.0,0,5,0.13668999599573772,0
2255,Milos,GREECE,GREECE,36.69361111111111,24.473333333333333,10000.0,1,1,,0
2256,Paros,GREECE,GREECE,37.01111111111111,25.125555555555554,10000.0,1,1,,0
2257,Preveza/Lefkas,GREECE,GREECE,38.923611111111114,20.765,10000.0,1,5,1.05520438245605,0
2258,Samos,GREECE,GREECE,37.687777777777775,26.91111111111111,10000.0,1,2,0.18599970973560123,0
2259,Zakinthos,GREECE,GREECE,37.74944444444444,20.883055555555554,10000.0,1,2,0.13513546390752512,0
2260,Kastoria,GREECE,GREECE,40.44777777777778,21.275555555555556,10000.0,1,2,0.17373591406222036,0
2261,Samarinda,INDONESIA,INDONESIA,-0.6166666666666667,117.15,831460.0,0,3,0.500183374457616,0
2262,Tanjung,INDONESIA,INDONESIA,-2.216556111111111,115.43633333333332,37291.0,0,2,0.33920745093660326,0
2263,Tarakan,INDONESIA,INDONESIA,3.33,117.57,242786.0,0,5,0.554741588655071,0
2264,Aizawl,INDIA,INDIA,23.75,92.81666666666666,265331.0,0,2,0.47883867605373365,0
2265,Dibrugarh,INDIA,INDIA,27.483333333333334,95.01666666666667,122155.0,0,2,0.9469760988822891,0
2266,Imphal,INDIA,INDIA,24.766666666666666,93.9,10000.0,1,5,0.3381811969484832,0
2267,Agartala,INDIA,INDIA,23.9,91.23333333333333,203264.0,0,2,0.40794538300066485,0
2268,Silchar,INDIA,INDIA,24.97,92.52,152393.0,0,2,0.4854004620028406,0
2269,Jorhat,INDIA,INDIA,26.72,94.17,10000.0,1,3,0.33845466294305016,0
2270,Tezpur,INDIA,INDIA,26.716666666666665,92.8,58851.0,0,2,0.5206558258306065,0
2271,Dimapur,INDIA,INDIA,25.883333333333333,93.76666666666667,10000.0,1,3,0.18217200294603828,0
2272,Deirezzor,SYRIA,SYRIA,35.333333333333336,40.15,10000.0,1,2,0.35105159003604436,0
2273,Dzaoudzi,COMOROS,COMOROS,-12.8,45.3,15339.0,0,6,0.8743748729411075,0
2274,Nossi-Be,MADAGASCAR,MADAGASCAR,-13.316666666666666,48.333333333333336,10000.0,1,7,0.7157286157868362,0
2275,Tamatave,MADAGASCAR,MADAGASCAR,-18.116666666666667,49.4,10000.0,1,11,0.6800643258225147,0
2276,Praslin Island,SEYCHELLES,SEYCHELLES,-4.316666666666666,55.7,10000.0,1,1,,0
2277,Gilgit,PAKISTAN,PAKISTAN,35.916666666666664,74.33333333333333,10000.0,1,1,,0
2278,Skardu,PAKISTAN,PAKISTAN,35.3,75.63,10000.0,1,1,,0
2279,Muzaffarabad,PAKISTAN,PAKISTAN,34.38,73.48,10000.0,1,1,,0
2280,Rawala Kot,PAKISTAN,PAKISTAN,33.87,73.77,10000.0,1,1,,0
2281,Saidu Sharif,PAKISTAN,PAKISTAN,34.733333333333334,72.35,10000.0,1,2,0.0647069702336696,0
2282,Brewarrina,AUSTRALIA,AUSTRALIA,-29.97,146.82,10000.0,1,2,1.165353619197779,0
2283,Cobar,AUSTRALIA,AUSTRALIA,-31.53,145.8,10000.0,1,3,1.1065812090301494,0
2284,Coonamble,AUSTRALIA,AUSTRALIA,-30.98,148.38,10000.0,1,2,0.45256125225683747,0
2285,Nyngan,AUSTRALIA,AUSTRALIA,-31.553055555555556,147.20305555555555,10000.0,1,2,0.5167800775795033,0
2286,Coonabarabran,AUSTRALIA,AUSTRALIA,-31.33,149.27,10000.0,1,1,,0
2287,Singleton,AUSTRALIA,AUSTRALIA,-32.63333333333333,151.18333333333334,10000.0,1,2,0.36833352244989975,0
2288,Green Island,UNITED STATES,USA,29.26272694444444,-89.96118249999999,10000.0,1,1,,0
2289,Orchid Island,TAIWAN,TAIWAN,22.033333333333335,121.55,10000.0,1,1,,0
2290,Valesdir,VANUATU,VANUATU,-16.8,168.2,10000.0,1,2,0.4643649598005614,0
2291,Aniwa,VANUATU,VANUATU,-19.283333333333335,169.58333333333334,10000.0,1,3,0.5977688139406665,0
2292,Sara,UNITED STATES,USA,58.166666666666664,-135.25,10000.0,1,2,116.0747724906041,1
2293,Maewo,VANUATU,VANUATU,-15.0,168.08,10000.0,1,2,0.9316706322640764,0
2294,Redcliffe,VANUATU,VANUATU,-15.48,167.83,10000.0,1,2,0.31486297094059157,0
2295,Walaha,VANUATU,VANUATU,-15.416666666666666,167.7,10000.0,1,3,0.31680597900573876,0
2296,Olpoi,VANUATU,VANUATU,-14.88,166.55,10000.0,1,2,1.2213273003443859,0
2297,Gaua,VANUATU,VANUATU,-14.83,167.67,10000.0,1,3,1.0925701671203158,0
2298,Aneityum,VANUATU,VANUATU,-20.25,169.76666666666668,10000.0,1,2,1.0914397091386132,0
2299,Futuna Island,VANUATU,VANUATU,-19.53,170.22,10000.0,1,3,1.1649612323317353,0
2300,Ulei,VANUATU,VANUATU,-16.33,168.29,10000.0,1,1,,0
2301,Saranac Lake,UNITED STATES,USA,44.385310000000004,-74.20618472222223,10000.0,1,3,0.39821469945059484,0
2302,Plattsburgh,UNITED STATES,USA,44.68751861111111,-73.52452305555555,19806.0,0,10,0.6875105940607791,0
2303,Barinas,VENEZUELA,VENEZUELA,8.616666666666667,-70.21666666666667,397279.0,0,1,,0
2304,Canaima,VENEZUELA,VENEZUELA,6.233055555555556,-62.85583333333334,10000.0,1,4,0.5996623119483107,0
2305,Ciudad Bolivar,VENEZUELA,VENEZUELA,8.133333333333333,-63.53333333333333,10000.0,1,2,0.39138642308753835,0
2306,Cumana,VENEZUELA,VENEZUELA,10.449166666666667,-64.13333333333334,10000.0,1,4,0.242409573922824,0
2307,Carupano,VENEZUELA,VENEZUELA,10.659166666666666,-63.261944444444445,10000.0,1,4,0.28649387959486083,0
2308,Coro,VENEZUELA,VENEZUELA,11.414722222222222,-69.68166666666667,246657.0,0,1,,0
2309,Los Roques,VENEZUELA,VENEZUELA,11.83,-66.75,10000.0,1,2,0.40277290977286756,0
2310,Merida,VENEZUELA,VENEZUELA,8.58388888888889,-71.16277777777778,10000.0,1,4,0.6310796753551445,0
2311,Maturin,VENEZUELA,VENEZUELA,9.75,-63.18333333333333,10000.0,1,3,0.3288144598655655,0
2312,Porlamar,VENEZUELA,VENEZUELA,10.966666666666667,-63.833333333333336,216234.0,0,13,0.47903512007145344,0
2313,Puerto Ayacucho,VENEZUELA,VENEZUELA,5.620555555555556,-67.6061111111111,125840.0,0,2,0.46137853089204356,0
2314,Puerto Ordaz,VENEZUELA,VENEZUELA,8.3,-62.733333333333334,10000.0,1,5,0.5737411490943545,0
2315,San Fernando de Apure,VENEZUELA,VENEZUELA,7.883333333333334,-67.43333333333334,229197.0,0,2,0.3179818372031972,0
2316,San Tome,VENEZUELA,VENEZUELA,8.95,-64.13333333333334,10000.0,1,2,0.5033128940509557,0
2317,San Antonio,VENEZUELA,VENEZUELA,7.85,-72.43333333333334,85651.0,0,4,0.8713665515393844,0
2318,El Vigia,VENEZUELA,VENEZUELA,8.624166666666667,-71.67277777777778,10000.0,1,2,0.6452441938399343,0
2319,Valera,VENEZUELA,VENEZUELA,9.344722222222222,-70.585,244708.0,0,1,,0
2320,Cayman Brac,CAYMAN ISLANDS,CAYMAN_ISLANDS,19.683333333333334,-79.88333333333334,10000.0,1,1,,0
2321,La Ceiba,HONDURAS,HONDURAS,15.766666666666667,-86.88333333333334,222055.0,0,11,0.3450671149049447,0
2322,Poughkeepsie,UNITED STATES,USA,41.62661111111111,-73.88411111111111,30371.0,0,2,0.357534231569089,0
2323,Palenque,MEXICO,M&Eacute;XICO#MEXICO,17.533333333333335,-91.98333333333333,42947.0,0,3,0.3317760362310217,0
2324,Monclova,MEXICO,M&Eacute;XICO#MEXICO,26.95,-101.45,215271.0,0,1,,0
2325,Piedras Negras,MEXICO,M&Eacute;XICO#MEXICO,28.628333333333334,-100.53611111111111,150178.0,0,1,,0
2326,Erfurt,GERMANY,GERMANY,50.98,10.958055555555555,213692.0,0,14,0.19053219911827918,0
2327,Sibiu,ROMANIA,ROMANIA,45.785833333333336,24.09111111111111,151894.0,0,2,0.4576483752046014,0
2328,Saarbrucken,GERMANY,GERMANY,49.79083333333333,7.6658333333333335,10000.0,1,10,0.5603682511946297,0
2329,Andros Town,BAHAMAS,BAHAMAS,24.7,-77.8,10000.0,1,2,0.15218361799382624,0
2330,Arthur's Town,BAHAMAS,BAHAMAS,24.629416944444444,-75.673775,10000.0,1,1,,0
2331,Spring Point,BAHAMAS,BAHAMAS,22.45,-73.97,10000.0,1,2,0.7781351639827678,0
2332,Crooked Island,BAHAMAS,BAHAMAS,22.75,-74.15,10000.0,1,2,0.7228221028996443,0
2333,Deadmans Cay,BAHAMAS,BAHAMAS,23.179028055555552,-75.0936138888889,10000.0,1,2,0.5754795655153758,0
2334,Mangrove Cay,BAHAMAS,BAHAMAS,24.3,-77.68333333333334,10000.0,1,1,,0
2335,Mayaguana,BAHAMAS,BAHAMAS,22.379528055555554,-73.0135,10000.0,1,2,1.1125449494990127,0
2336,Rock Sound,BAHAMAS,BAHAMAS,24.9,-76.16666666666667,10000.0,1,2,0.3356543972955507,0
2337,San Andros,BAHAMAS,BAHAMAS,25.053500000000003,-78.04891888888889,10000.0,1,2,0.16453385877800364,0
2338,Stella Maris,BAHAMAS,BAHAMAS,23.583333333333332,-75.26805805555554,10000.0,1,2,0.5082671484393309,0
2339,South Andros,BAHAMAS,BAHAMAS,24.166666666666668,-77.58333333333333,10000.0,1,1,,0
2340,Barra Colorado,COSTA RICA,COSTA_RICA,10.78,-83.58,10000.0,1,1,,0
2341,Golfito,COSTA RICA,COSTA_RICA,8.67,-83.08,10000.0,1,1,,0
2342,Liberia,COSTA RICA,COSTA_RICA,10.6,-85.55,45380.0,0,1,,0
2343,Playa Samara,COSTA RICA,COSTA_RICA,10.25,-85.42,10000.0,1,2,0.12178108798608966,0
2344,Palmar,COSTA RICA,COSTA_RICA,8.983333333333333,-83.46666666666667,10000.0,1,1,,0
2345,Nosara Beach,COSTA RICA,COSTA_RICA,9.8,-85.53,10000.0,1,2,0.12894575041752862,0
2346,Tambor,COSTA RICA,COSTA_RICA,9.74,-85.02,10000.0,1,1,,0
2347,Tamarindo,COSTA RICA,COSTA_RICA,10.93,-85.47,10000.0,1,1,,0
2348,Tortuquero,COSTA RICA,COSTA_RICA,10.57,-83.52,10000.0,1,1,,0
2349,Quepos,COSTA RICA,COSTA_RICA,9.45,-84.15,10000.0,1,1,,0
2350,Arad,ROMANIA,ROMANIA,46.17666666666667,21.261944444444445,27967.0,0,2,0.5415042103076281,0
2351,Fajardo,PUERTO RICO,PUERTO_RICO,18.308009722222224,-65.66182805555556,32124.0,0,3,0.006822443434059879,0
2352,Tortola,BRITISH VIRGIN ISLANDS,BRITISH_VIRGIN_ISLANDS,18.483333333333334,-64.66666666666667,10000.0,1,1,,0
2353,Utica,UNITED STATES,USA,43.14511944444444,-75.38385888888888,61100.0,0,1,,0
2354,Boa Vista,CAPE VERDE,CAPE_VERDE,16.083333333333332,-22.833333333333332,419652.0,0,2,0.05242379539254603,0
2355,Bissau,GUINEA BISSAU,GUINEA_BISSAU,11.88,-15.65,388028.0,0,7,0.4889077342086962,0
2356,Praia,CAPE VERDE,CAPE_VERDE,14.916666666666666,-23.5,113364.0,0,6,0.11236255946667853,0
2357,Sao Tome Island,SAO TOME AND PRINCIPE,SAO_TOME_AND_PRINCIPE,0.38333333333333336,6.716666666666667,10000.0,1,3,0.29496776031087696,0
2358,Sao Vicente,CAPE VERDE,CAPE_VERDE,16.833333333333332,-25.066666666666666,10000.0,1,3,0.15386919026874707,0
2359,Spencer,UNITED STATES,USA,43.165527777777775,-95.20280555555554,10000.0,1,2,1.0106377740667167,0
2360,Ottumwa,UNITED STATES,USA,41.10659611111111,-92.44793972222222,24624.0,0,1,,0
2361,Westerland,GERMANY,GERMANY,54.91166666666667,8.3425,10000.0,1,3,0.30819556844192353,0
2362,Mattoon,UNITED STATES,USA,39.477937222222224,-88.27923833333334,18113.0,0,1,,0
2363,Manistee,UNITED STATES,USA,44.272419444444445,-86.24692,10000.0,1,1,,0
2364,Bydgoszcz,POLAND,POLAND,53.09722222222222,17.97972222222222,366452.0,0,1,,0
2365,Rzeszow,POLAND,POLAND,50.11,22.01888888888889,10000.0,1,3,0.22347801369329803,0
2366,Iqaluit,CANADA,CANADA,63.756388888888885,-68.55583333333334,10000.0,1,13,0.651349390283336,0
2367,Kitchener,CANADA,CANADA,43.458888888888886,-80.38416666666667,256885.0,0,1,,0
2368,Brandon,CANADA,CANADA,49.90972222222222,-99.95055555555555,48859.0,0,4,0.42917976403185226,0
2369,Berens River,CANADA,CANADA,52.35888888888889,-97.01833333333333,10000.0,1,1,,0
2370,Dauphin,CANADA,CANADA,51.100833333333334,-100.0525,10000.0,1,3,0.22926798902993312,0
2371,Flin Flon,CANADA,CANADA,54.67805555555555,-101.68166666666667,10000.0,1,2,0.548059091006532,0
2372,Gods Narrows,CANADA,CANADA,54.56027777777778,-94.49361111111111,10000.0,1,4,0.30586305780524736,0
2373,Dryden,CANADA,CANADA,49.83166666666666,-92.74416666666667,10000.0,1,5,0.26398162927957597,0
2374,Island Lake/Garden Hill,CANADA,CANADA,53.85666666666667,-94.6525,10000.0,1,4,0.3582030547963505,0
2375,Norway House,CANADA,CANADA,53.958333333333336,-97.84388888888888,10000.0,1,2,0.4059677406187699,0
2376,Oxford House,CANADA,CANADA,54.933055555555555,-95.2786111111111,10000.0,1,3,0.36294435660518254,0
2377,Pikangikum,CANADA,CANADA,51.82,-93.97444444444444,10000.0,1,4,0.29892220750941445,0
2378,The Pas,CANADA,CANADA,53.971944444444446,-101.09194444444445,10000.0,1,2,0.4797272415653967,0
2379,Red Lake,CANADA,CANADA,51.066944444444445,-93.79305555555555,10000.0,1,4,0.329833560333172,0
2380,Rankin Inlet,CANADA,CANADA,62.81138888888889,-92.11583333333333,10000.0,1,10,0.7760634350223294,0
2381,Ste Therese Point,CANADA,CANADA,53.8,-94.86666666666666,10000.0,1,3,0.5621947240085547,0
2382,Thompson,CANADA,CANADA,55.80111111111111,-97.86416666666666,10000.0,1,17,0.632001774936364,0
2383,Gillam,CANADA,CANADA,56.3575,-94.71055555555556,10000.0,1,3,0.41200928758574085,0
2384,Sioux Lookout,CANADA,CANADA,50.11527777777778,-91.90555555555555,10000.0,1,14,0.652291285006746,0
2385,Churchill,CANADA,CANADA,58.73722222222222,-94.05722222222222,10000.0,1,5,0.8624335844451677,0
2386,Gods River,CANADA,CANADA,54.83972222222222,-94.08083333333333,10000.0,1,4,0.4566455491097099,0
2387,Caye Caulker,BELIZE,BELIZE,17.77,-88.0,10000.0,1,2,3.326082806482712,0
2388,Dangriga,PAPUA NEW GUINEA,PAPUA_NEW_GUINEA,-3.4,143.31666666666666,10000.0,1,1,,0
2389,San Pedro,CHAD,CHAD,9.09,18.41,47452.0,0,3,26.26859763547137,1
2390,Jonesboro,UNITED STATES,USA,35.83186111111111,-90.64616666666667,73907.0,0,1,,0
2391,Harrison,UNITED STATES,USA,36.261520555555556,-93.15472888888888,15474.0,0,2,1.046964275146499,0
2392,Lake Tahoe,UNITED STATES,USA,38.89388166666667,-119.99533472222222,10000.0,1,1,,0
2393,Kosrae,MICRONESIA,MICRONESIA,5.333333333333333,163.03333333333333,10000.0,1,2,2.498635254657861,0
2394,Bikini Atoll,MARSHALL ISLANDS,MARSHALL_ISLANDS,11.583333333333334,165.38333333333333,10000.0,1,1,,0
2395,Likiep Island,MARSHALL ISLANDS,MARSHALL_ISLANDS,9.82,169.32,10000.0,1,2,0.6243520483437001,0
2396,Majkin,MARSHALL ISLANDS,MARSHALL_ISLANDS,7.83,168.17,10000.0,1,2,0.35096354430757715,0
2397,Ujae Island,MARSHALL ISLANDS,MARSHALL_ISLANDS,8.916666666666666,165.75,10000.0,1,3,0.606889757867125,0
2398,Wotho Island,MARSHALL ISLANDS,MARSHALL_ISLANDS,10.17,166.03,10000.0,1,2,0.8895434513146222,0
2399,Lae Island,MARSHALL ISLANDS,MARSHALL_ISLANDS,8.92,166.25,10000.0,1,2,0.500945919914563,0
2400,Basco,PHILIPPINES,PHILIPPINES,20.433333333333334,121.98333333333333,10000.0,1,2,0.255575071583225,0
2401,Khasab,OMAN,OMAN,26.216666666666665,56.233333333333334,17904.0,0,1,,0
2402,Sur,OMAN,OMAN,22.533333333333335,59.483333333333334,71152.0,0,2,0.10641191060108654,0
2403,Freetown,SIERRA LEONE,SIERRA_LEONE,8.616666666666667,-13.2,802639.0,0,5,0.5401880800469968,0
2404,New Bedford,UNITED STATES,USA,41.676141666666666,-70.95694166666667,101079.0,0,2,0.6889317474515629,0
2405,Nevis,SAINT KITTS AND NEVIS,SAINT_KITTS_AND_NEVIS#ST_KITTS_AND_NEVIS,17.2,-62.6,10000.0,1,5,0.19598375896840955,0
2406,Astrakhan,RUSSIA,RUSSIA,46.35,48.05,533925.0,0,1,,0
2407,Baia Mare,ROMANIA,ROMANIA,47.658055555555556,23.46611111111111,136553.0,0,3,0.11942449665706491,0
2408,Iasi,ROMANIA,ROMANIA,47.17861111111111,27.62,10000.0,1,2,0.15663027608325408,0
2409,Oradea,ROMANIA,ROMANIA,47.02527777777778,21.9025,206614.0,0,3,0.10887750155848205,0
2410,Satu Mare,ROMANIA,ROMANIA,47.70333333333333,22.885555555555555,112490.0,0,4,0.18983563549620214,0
2411,Tirgu Mures,ROMANIA,ROMANIA,46.467777777777776,24.4125,10000.0,1,4,0.1409571376313208,0
2412,Suceava,ROMANIA,ROMANIA,47.6875,26.35388888888889,105796.0,0,2,0.16911533171604767,0
2413,Essaouira,MOROCCO,MOROCCO,31.4,-9.683055555555555,70634.0,0,1,,0
2414,Laayoune,MOROCCO,MOROCCO,27.166666666666668,-13.216388888888888,196331.0,0,4,0.07355890627178183,0
2415,Tetuan,MOROCCO,MOROCCO,35.6,-5.316388888888889,10000.0,1,2,0.5397357431704732,0
2416,Cap Skirring,SENEGAL,SENEGAL,12.4,-16.75,10000.0,1,2,0.07693295487595403,0
2417,Ziguinchor,SENEGAL,SENEGAL,12.55,-16.283333333333335,159778.0,0,2,0.07790250260522898,0
2418,Benbecula,UNITED KINGDOM,UNITED_KINGDOM,57.4775,-7.3661111111111115,10000.0,1,3,0.20170166155272506,0
2419,Barra,UNITED KINGDOM,UNITED_KINGDOM,57.026944444444446,-7.437222222222222,20894.0,0,2,0.2664016773587474,0
2420,Campbeltown,UNITED KINGDOM,UNITED_KINGDOM,55.43638888888889,-5.679722222222222,10000.0,1,1,,0
2421,Islay,UNITED KINGDOM,UNITED_KINGDOM,55.68194444444445,-6.256388888888889,10000.0,1,1,,0
2422,Stornoway,UNITED KINGDOM,UNITED_KINGDOM,58.21361111111111,-6.328611111111111,10000.0,1,4,0.43152471683967586,0
2423,Tiree,UNITED KINGDOM,UNITED_KINGDOM,56.49888888888889,-6.869722222222222,10000.0,1,1,,0
2424,Ivano-Frankovsk,UKRAINE,UKRAINE,48.88,24.68,10000.0,1,1,,0
2425,Mariupol,UKRAINE,UKRAINE,47.1,37.55,431859.0,0,1,,0
2426,Tivat,SERBIA AND MONTENEGRO,SERBIA_AND_MONTENEGRO,42.40416666666667,18.728055555555557,10000.0,1,2,0.6338857460280976,0
2427,Horta,PORTUGAL,PORTUGAL,38.52,-28.71611111111111,26676.0,0,5,0.16271565933267843,0
2428,Porto Santo,PORTUGAL,PORTUGAL,33.07083333333333,-16.349722222222223,10000.0,1,2,0.25929202330018675,0
2429,Terceira,PORTUGAL,PORTUGAL,38.76166666666666,-27.095,10000.0,1,7,0.08375099188423614,0
2430,Jos,NIGERIA,NIGERIA,9.866666666666667,8.9,816824.0,0,3,0.07579823709659878,0
2431,Sokoto,NIGERIA,NIGERIA,13.016666666666667,5.25,563861.0,0,2,0.22053712966573544,0
2432,Maiduguri,NIGERIA,NIGERIA,11.85,13.083333333333334,758700.0,0,2,0.3106496780221724,0
2433,Yola,NIGERIA,NIGERIA,9.233333333333333,12.466666666666667,96006.0,0,2,0.2755834589747663,0
2434,Caen,FRANCE,FRANCE,49.17333333333333,-0.44972222222222225,110624.0,0,2,9.571862430706192,0
2435,Lille,FRANCE,FRANCE,50.56333333333333,3.0869444444444443,15466.0,0,14,0.9152906282676398,0
2436,Poitiers,FRANCE,FRANCE,46.5875,0.30666666666666664,85960.0,0,3,0.4685356662951084,0
2437,Rouen,FRANCE,FRANCE,49.388888888888886,1.181111111111111,234475.0,0,1,,0
2438,Monte Carlo,MONACO,MONACO,43.72694444444444,7.419722222222222,10000.0,1,1,,0
2439,Aalesund,NORWAY,NORWAY,62.5625,6.1194444444444445,10000.0,1,4,0.50180649118983,0
2440,Bardufoss,NORWAY,NORWAY,69.05583333333334,18.541666666666668,10000.0,1,4,0.3553190531276485,0
2441,Bodo,NORWAY,NORWAY,67.26944444444445,14.366944444444444,10000.0,1,15,0.46205320950704754,0
2442,Harstad-Narvik,NORWAY,NORWAY,68.49166666666666,16.679444444444446,10000.0,1,5,0.3960922004371769,0
2443,Forde,NORWAY,NORWAY,61.3925,5.764166666666667,10000.0,1,2,0.28970064464165013,0
2444,Floro,NORWAY,NORWAY,61.58416666666667,5.026944444444444,10000.0,1,2,0.3305343129867109,0
2445,Haugesund,NORWAY,NORWAY,59.343333333333334,5.2125,40321.0,0,6,0.38322206087758337,0
2446,Orsta-Volda,NORWAY,NORWAY,62.18,6.074166666666667,10000.0,1,3,0.3350968677723302,0
2447,Kristiansund,NORWAY,NORWAY,63.1125,7.8277777777777775,24013.0,0,5,0.3142089991124163,0
2448,Molde,NORWAY,NORWAY,62.74638888888889,7.273055555555556,31967.0,0,4,0.47741969963411474,0
2449,Palanga,LITHUANIA,LITHUANIA,55.92,21.05,18207.0,0,5,0.9199610246848066,0
2450,Roros,NORWAY,NORWAY,62.579166666666666,11.345833333333333,10000.0,1,1,,0
2451,Sandane,CONGO,"CONGO,_DEMOCRATIC_PEOPLES'S_REPUBLIC",-9.633333333333333,22.85,10000.0,1,4,13.217440744894796,0
2452,Sogndal,NORWAY,NORWAY,61.15694444444444,7.1402777777777775,10000.0,1,4,0.2264336857779518,0
2453,Stord,NORWAY,NORWAY,59.79277777777778,5.339722222222222,10000.0,1,2,0.21119225273724038,0
2454,Tromso,NORWAY,NORWAY,69.68138888888889,18.919444444444444,10000.0,1,16,0.7797268728027312,0
2455,Fagernes,NORWAY,NORWAY,61.00805555555556,9.299166666666666,10000.0,1,1,,0
2456,Cap Haitien,HAITI,HA&Iuml;TI#HAITI,19.733333333333334,-72.2,10000.0,1,4,0.368435477516579,0
2457,Jeremie,HAITI,HA&Iuml;TI#HAITI,18.666666666666668,-74.16666666666667,10000.0,1,1,,0
2458,Port de Paix,HAITI,HA&Iuml;TI#HAITI,19.933333333333334,-72.83333333333333,10000.0,1,2,0.18068137438667264,0
2459,Grand Turk,TURKS AND CAICOS,TURKS_AND_CAICOS,21.433333333333334,-71.13333333333334,10000.0,1,4,0.3164431340946438,0
2460,North Caicos,TURKS AND CAICOS,TURKS_AND_CAICOS,21.866666666666667,-71.95,10000.0,1,2,0.05289150550917451,0
2461,South Caicos,TURKS AND CAICOS,TURKS_AND_CAICOS,21.516666666666666,-71.53333333333333,10000.0,1,3,0.15346049928901895,0
2462,Brno,CZECH REPUBLIC,CZECH_REPUBLIC,49.15138888888889,16.69388888888889,379466.0,0,1,,0
2463,Ostrava,CZECH REPUBLIC,CZECH_REPUBLIC,49.69611111111111,18.110833333333332,279791.0,0,1,,0
2464,Akureyri,ICELAND,ICELAND,65.68333333333334,-18.083333333333332,19219.0,0,6,0.1546587054023271,0
2465,Bildudalur,ICELAND,ICELAND,65.64222222222222,-23.544722222222223,10000.0,1,1,,0
2466,Egilsstadir,ICELAND,ICELAND,65.28333333333333,-14.4,10000.0,1,3,0.2283486971207689,0
2467,Hornafjordur,ICELAND,ICELAND,64.25,-15.183333333333334,10000.0,1,1,,0
2468,Isafjordur,ICELAND,ICELAND,66.06,-23.14,10000.0,1,2,0.17143581484180334,0
2469,Kulusuk Island,DENMARK,DENMARK,65.5736111111111,-37.12361111111111,10000.0,1,2,0.5122548580712698,0
2470,Saudarkrokur,ICELAND,ICELAND,65.75,-19.65,10000.0,1,2,0.06806548804517139,0
2471,Vestmannaeyjar,ICELAND,ICELAND,63.43333333333333,-20.283333333333335,10000.0,1,1,,0
2472,St Eustatius,NETHERLANDS ANTILLES,NETHERLANDS_ANTILLES,17.483333333333334,-62.983333333333334,10000.0,1,2,0.09027224327354,0
2473,Saba,NETHERLANDS ANTILLES,NETHERLANDS_ANTILLES,17.65,-63.21666666666667,10000.0,1,2,0.0724477584341507,0
2474,Bacau,ROMANIA,ROMANIA,46.52194444444444,26.91027777777778,10000.0,1,1,,0
2475,Deer Lake,CANADA,CANADA,49.21083333333333,-57.39138888888889,10000.0,1,4,0.7997308000218428,0
2476,Iles de la Madeleine,CANADA,CANADA,47.42472222222222,-61.778055555555554,10000.0,1,3,0.5268491799825865,0
2477,Stephenville,CANADA,CANADA,48.54416666666667,-58.55,20120.0,0,4,0.9834812151768141,0
2478,Yarmouth,CANADA,CANADA,43.82694444444444,-66.08805555555556,25243.0,0,1,,0
2479,Sydney,CANADA,CANADA,46.16138888888889,-60.047777777777775,5231147.0,0,3,0.4680238149795439,0
2480,Miramichi,CANADA,CANADA,47.00611111111111,-65.45694444444445,17537.0,0,2,0.5492857763709464,0
2481,Charlo,CANADA,CANADA,47.89055555555556,-66.3313888888889,10000.0,1,2,0.49994381439792557,0
2482,Rimouski,CANADA,CANADA,48.477799999999995,-68.4969,42240.0,0,2,0.49723573204872107,0
2483,Sept-Iles,CANADA,CANADA,50.22416666666667,-66.26611111111112,10000.0,1,7,1.0204783407292553,0
2484,Kingman,UNITED STATES,USA,35.25947222222222,-113.93805555555555,28912.0,0,1,,0
2485,Glasgow,UNITED STATES,USA,48.21246416666667,-106.61482305555555,626410.0,0,2,0.48738820445933684,0
2486,Lewistown,UNITED STATES,USA,47.04913944444444,-109.46660055555557,10000.0,1,2,0.38603405645471467,0
2487,Miles City,UNITED STATES,USA,46.42795972222222,-105.88623972222221,10000.0,1,2,0.42005395300837806,0
2488,Wolf Point,UNITED STATES,USA,48.094517777777774,-105.5750536111111,10000.0,1,2,0.5318515977199232,0
2489,Sidney,UNITED STATES,USA,47.70685777777778,-104.19255444444444,20858.0,0,3,0.63226443196559,0
2490,Anaktuvuk Pass,UNITED STATES,USA,68.13432250000001,-151.74167999999997,10000.0,1,2,0.8551689356238992,0
2491,Barter Island,UNITED STATES,USA,70.13390277777778,-143.57704444444445,10000.0,1,2,0.9860741237608545,0
2492,Bettles,UNITED STATES,USA,66.91528666666667,-151.52805555555557,10000.0,1,2,0.5191267583251113,0
2493,Circle Hot Springs,UNITED STATES,USA,65.48547222222223,-144.61078361111112,10000.0,1,2,0.27897977545847524,0
2494,Eagle,UNITED STATES,USA,64.77639305555556,-141.15092055555556,23612.0,0,1,,0
2495,Fort Yukon,UNITED STATES,USA,66.57149027777777,-145.25041694444445,10000.0,1,5,0.3866620668707786,0
2496,Huslia,UNITED STATES,USA,65.70055555555555,-156.3875,10000.0,1,5,0.40806887378810897,0
2497,Hughes,UNITED STATES,USA,66.04112166666667,-154.26319027777777,10000.0,1,2,0.6950732611921566,0
2498,Circle,UNITED STATES,USA,65.83333333333333,-144.08333333333334,10000.0,1,2,0.3864332711005906,0
2499,Lake Minchumina,UNITED STATES,USA,63.9,-152.3,10000.0,1,2,0.6710633521430773,0
2500,Manley Hot Springs,UNITED STATES,USA,64.99756472222222,-150.64412972222226,10000.0,1,1,,0
2501,Rampart,UNITED STATES,USA,65.50786222222222,-150.14280472222225,10000.0,1,2,0.3623144218760351,0
2502,Shungnak,UNITED STATES,USA,66.88916555555556,-157.15051194444445,10000.0,1,3,0.8603522493190385,0
2503,Stevens Village,UNITED STATES,USA,66.00900527777777,-149.09591527777778,10000.0,1,3,0.5041476176180315,0
2504,Tanana,UNITED STATES,USA,65.17439527777778,-152.10938777777778,10000.0,1,6,0.866418379032083,0
2505,Beaver,UNITED STATES,USA,66.36155055555555,-147.40121861111112,10000.0,1,5,0.3866620668707786,0
2506,Dawson City,CANADA,CANADA,64.04305555555555,-139.12777777777777,10000.0,1,4,1.1829532683193216,0
2507,Kaltag,UNITED STATES,USA,64.32571916666666,-158.7441475,10000.0,1,6,0.5891533097766127,0
2508,Nulato,UNITED STATES,USA,64.72981944444444,-158.0731888888889,10000.0,1,5,0.22501511253570874,0
2509,Kobuk,UNITED STATES,USA,66.90917055555555,-156.86105750000002,10000.0,1,3,0.9057121545579387,0
2510,Tok,UNITED STATES,USA,63.29548333333333,-143.00611722222223,10000.0,1,6,0.36939186407299984,0
2511,Utopia Creek,UNITED STATES,USA,65.992795,-153.70428944444444,10000.0,1,1,,0
2512,Venetie,UNITED STATES,USA,67.02269444444445,-146.41377527777777,10000.0,1,6,0.5477931829220716,0
2513,Old Crow,CANADA,CANADA,67.56944444444444,-139.83944444444444,10000.0,1,3,0.9644721149761725,0
2514,Angoon,UNITED STATES,USA,57.50355555555555,-134.58509388888888,10000.0,1,2,0.5510703530054937,0
2515,Elfin Cove,UNITED STATES,USA,58.195184166666664,-136.34739277777777,10000.0,1,1,,0
2516,Excursion Inlet,UNITED STATES,USA,58.420498611111114,-135.44903277777777,10000.0,1,1,,0
2517,Gustavus,UNITED STATES,USA,58.4243813888889,-135.70738138888888,10000.0,1,1,,0
2518,Hoonah,UNITED STATES,USA,58.09609138888888,-135.4096975,10000.0,1,1,,0
2519,Haines,UNITED STATES,USA,59.245228055555565,-135.52210861111112,10000.0,1,2,0.5368635425156252,0
2520,Kake,UNITED STATES,USA,56.97299638888888,-133.94561472222222,10000.0,1,2,0.9129971865543964,0
2521,Pelican,UNITED STATES,USA,57.955172222222224,-136.23627333333332,10000.0,1,1,,0
2522,Petersburg,UNITED STATES,USA,56.80165194444444,-132.9452777777778,32477.0,0,3,0.4861008291463318,0
2523,Skagway,UNITED STATES,USA,59.46006194444444,-135.3156636111111,10000.0,1,2,0.6930035397782978,0
2524,Sitka,UNITED STATES,USA,57.04713805555555,-135.36159833333332,10000.0,1,2,2.0083984122645506,0
2525,Tenakee,UNITED STATES,USA,57.77965833333333,-135.21844333333334,10000.0,1,2,0.47266604457481654,0
2526,Yakutat,AUSTRALIA,AUSTRALIA,-16.733333333333334,145.33333333333334,10000.0,1,2,82.9157671082386,1
2527,Hollis,UNITED STATES,USA,55.481588333333335,-132.64609416666667,20269.0,0,1,,0
2528,Coffman Cove,UNITED STATES,USA,56.00324444444444,-132.84196888888889,10000.0,1,2,0.5007808058254793,0
2529,Thorne Bay,UNITED STATES,USA,55.687961944444446,-132.53667583333333,10000.0,1,1,,0
2530,Craig,UNITED STATES,USA,55.47883138888889,-133.1478011111111,10000.0,1,1,,0
2531,Dolomi,UNITED STATES,USA,35.745580555555556,-119.23650388888889,10000.0,1,2,23.52052657232462,1
2532,Edna Bay,AUSTRALIA,AUSTRALIA,-28.716666666666665,138.63333333333333,10000.0,1,2,114.75281326720044,1
2533,Point Baker,UNITED STATES,USA,56.35185972222222,-133.6225863888889,10000.0,1,1,,0
2534,Waterfall,UNITED STATES,USA,55.296322777777775,-133.24333583333333,10000.0,1,1,,0
2535,Metlakatla,UNITED STATES,USA,55.13104527777778,-131.57806749999997,10000.0,1,1,,0
2536,Smith Cove,UNITED STATES,USA,55.43333333333333,-132.3,10000.0,1,2,0.2339043270824371,0
2537,Wrangell,UNITED STATES,USA,56.48432583333334,-132.36982416666666,10000.0,1,2,0.8649394832594544,0
2538,Kasaan,UNITED STATES,USA,55.53741388888889,-132.39751444444445,10000.0,1,2,0.27787371657290727,0
2539,Long Island,UNITED STATES,USA,54.9,-132.8,10000.0,1,2,10.065816449178325,0
2540,Naukiti,UNITED STATES,USA,55.86666666666667,-133.2,10000.0,1,2,51.71152040390924,1
2541,Whale Pass,UNITED STATES,USA,56.11666666666667,-133.11666666666667,10000.0,1,2,0.7091852782975587,0
2542,Fort Chipewyan,CANADA,CANADA,58.76722222222222,-111.11722222222222,10000.0,1,1,,0
2543,Prince Albert,CANADA,CANADA,53.214166666666664,-105.67277777777778,35102.0,0,2,0.37613203683129,0
2544,La Ronge,CANADA,CANADA,55.15138888888889,-105.26194444444444,10000.0,1,6,1.4769487280818068,0
2545,Cambridge Bay,CANADA,CANADA,69.10805555555555,-105.13833333333334,10000.0,1,5,0.8965212033677685,0
2546,Kugluktuk Coppermine,CANADA,CANADA,67.81666666666666,-115.14333333333333,10000.0,1,3,0.6445047702874644,0
2547,Inuvik,CANADA,CANADA,68.30416666666666,-133.48277777777778,10000.0,1,8,0.9341731643247082,0
2548,Snare Lake,CANADA,CANADA,46.412200000000006,-74.7792,10000.0,1,1,,0
2549,Fort Simpson,CANADA,CANADA,61.76027777777778,-121.23666666666666,10000.0,1,2,0.8158777179512922,0
2550,Wha Ti  Lac la Martre,CANADA,CANADA,63.15,-117.26666666666667,10000.0,1,1,,0
2551,Rae Lakes,CANADA,CANADA,64.11666666666666,-117.36666666666666,10000.0,1,1,,0
2552,Resolute,CANADA,CANADA,74.71694444444445,-94.96944444444445,10000.0,1,5,0.5638016220545048,0
2553,Norman Wells,CANADA,CANADA,65.2825,-126.80027777777778,10000.0,1,4,0.5436810228948136,0
2554,Deline,CANADA,CANADA,65.1925,-123.42888888888889,10000.0,1,2,0.4703070557001588,0
2555,Taloyoak,CANADA,CANADA,69.54611111111112,-93.57611111111112,10000.0,1,4,0.5772203487613004,0
2556,Gjoa Haven,CANADA,CANADA,68.6356,-95.8497,10000.0,1,5,0.664388612235704,0
2557,Moosonee,CANADA,CANADA,51.291111111111114,-80.60777777777778,10000.0,1,5,0.9712665304861053,0
2558,Fort Frances,CANADA,CANADA,48.65416666666667,-93.43972222222222,10000.0,1,2,0.5443055302314963,0
2559,Fort Hope,CANADA,CANADA,51.56138888888889,-87.90694444444445,10000.0,1,4,0.4009218744502442,0
2560,Kenora,CANADA,CANADA,49.788333333333334,-94.36305555555556,15096.0,0,2,0.6548510700438872,0
2561,Webequie,CANADA,CANADA,52.959722222222226,-87.36888888888889,10000.0,1,3,0.2609805755017001,0
2562,Kapuskasing,CANADA,CANADA,49.41388888888889,-82.4675,10000.0,1,2,0.3529020092173327,0
2563,St Anthony,CANADA,CANADA,51.391666666666666,-56.08444444444444,10000.0,1,4,0.5715175531693448,0
2564,Goose Bay,CANADA,CANADA,53.31916666666667,-60.42583333333334,10000.0,1,10,1.3024827994864656,0
2565,Gillies Bay,CANADA,CANADA,49.6939,-124.51780000000001,10000.0,1,1,,0
2566,Fort Nelson,CANADA,CANADA,58.83694444444444,-122.59666666666666,10000.0,1,1,,0
2567,Dawson Creek,CANADA,CANADA,55.74166666666667,-120.18277777777777,10000.0,1,1,,0
2568,Bella Bella,CANADA,CANADA,52.166666666666664,-128.1,10000.0,1,2,0.3338691685321138,0
2569,Punta Arenas,CHILE,CHILE,-53.0,-70.85,117430.0,0,4,3.782575744646559,0
2570,Valdivia,CHILE,CHILE,-39.78333333333333,-73.25,133419.0,0,2,0.5724191541678948,0
2571,El Salvador,CHILE,CHILE,-26.311899999999998,-69.7647,10000.0,1,1,,0
2572,Arica,CHILE,CHILE,-18.35,-70.33333333333333,185999.0,0,2,0.3747671444131881,0
2573,Balmaceda,CHILE,CHILE,-45.9,-71.7,10000.0,1,1,,0
2574,Bobo Dioulasso,BURKINA FASO,BURKINA_FASO,11.166666666666666,-4.316666666666666,10000.0,1,3,0.2978640548921918,0
2575,Esbjerg,DENMARK,DENMARK,55.52583333333333,8.551111111111112,71698.0,0,2,1.1915874627699183,0
2576,Kirkwall,UNITED KINGDOM,UNITED_KINGDOM,58.9575,-2.9066666666666667,10000.0,1,9,0.13268241327952351,0
2577,Wick,UNITED KINGDOM,UNITED_KINGDOM,58.45638888888889,-3.098611111111111,10000.0,1,3,0.3017152228148333,0
2578,Podgorica,SERBIA AND MONTENEGRO,SERBIA_AND_MONTENEGRO,42.35916666666667,19.256944444444443,236852.0,0,1,,0
2579,Mannheim,GERMANY,GERMANY,49.4725,8.515555555555556,307960.0,0,2,0.42173847532787534,0
2580,Skien,NORWAY,NORWAY,59.185,9.566944444444445,50595.0,0,1,,0
2581,Angers,FRANCE,FRANCE,47.49777777777778,-0.5733333333333334,168279.0,0,1,,0
2582,Angouleme,FRANCE,FRANCE,45.72944444444445,0.21916666666666668,10000.0,1,1,,0
2583,Dijon,FRANCE,FRANCE,47.26583333333333,5.095,158002.0,0,1,,0
2584,Kameshli,SYRIA,SYRIA,37.03333333333333,41.2,10000.0,1,1,,0
2585,Alderney,UNITED KINGDOM,UNITED_KINGDOM,49.70611111111111,-2.2144444444444447,10000.0,1,3,0.025493807972010833,0
2586,Rostock-Laage,GERMANY,GERMANY,53.918055555555554,12.278333333333334,10000.0,1,2,0.12906877972894462,0
2587,Nordholz-Spieka,UNITED STATES,USA,30.697135,-87.01635388888889,10000.0,1,3,8.792758936738744,0
2588,Arusha,TANZANIA,TANZANIA,-3.3333333333333335,36.61666666666667,341136.0,0,4,0.5022221342766191,0
2589,Mombasa,KENYA,KENYA,-4.016666666666667,39.6,1208333.0,0,6,0.28223997882749374,0
2590,Nouadhibou,MAURITANIA,MAURITANIA,20.933333333333334,-17.033333333333335,72337.0,0,2,0.18263262709116604,0
2591,Valverde,SPAIN,SPAIN,37.56666666666667,-6.75,10000.0,1,3,0.4403046571426939,0
2592,Amboseli,KENYA,KENYA,-2.6333333333333333,37.25,10000.0,1,1,,0
2593,Eldoret,KENYA,KENYA,0.5333333333333333,35.266666666666666,475716.0,0,1,,0
2594,Kisumu,KENYA,KENYA,-0.08333333333333333,34.733333333333334,344487.0,0,2,0.15609480656423377,0
2595,Kiwayu,KENYA,KENYA,-2.02,41.27,10000.0,1,2,0.13986254888620278,0
2596,Lamu,KENYA,KENYA,-2.25,40.833333333333336,24525.0,0,3,0.07180802200037166,0
2597,Mara Lodges,KENYA,KENYA,-1.18,35.1,10000.0,1,3,0.1550701596365388,0
2598,Malindi,KENYA,KENYA,-3.216666666666667,40.1,118265.0,0,3,0.08430640644317951,0
2599,Nanyuki,KENYA,KENYA,-0.06666666666666667,37.03333333333333,36142.0,0,3,0.07180978591833526,0
2600,Salamanca,SPAIN,SPAIN,40.95194444444444,-5.501666666666667,155619.0,0,2,0.7870015013752182,0
2601,Kastelorizo,GREECE,GREECE,36.125277777777775,29.565,10000.0,1,1,,0
2602,Geilo,NORWAY,NORWAY,60.47,8.5,10000.0,1,1,,0
2603,Gafsa,UNITED STATES,USA,48.404694444444445,-97.37094444444445,81232.0,0,2,5.608040407352596,0
2604,Pula,CROATIA,CROATIA,44.89361111111111,13.922222222222222,52220.0,0,2,0.2283304675112814,0
2605,Zadar,CROATIA,CROATIA,44.108333333333334,15.346666666666666,67309.0,0,2,0.22688802645456924,0
2606,Dodoma,TANZANIA,TANZANIA,-6.166666666666667,35.75,180541.0,0,2,0.5578063166862817,0
2607,Lindi,TANZANIA,TANZANIA,-9.83,39.78,41912.0,0,2,0.20671468278892147,0
2608,Mafia,TANZANIA,TANZANIA,-7.916666666666667,39.666666666666664,10000.0,1,2,0.2093036215387731,0
2609,Mtwara,TANZANIA,TANZANIA,-10.266666666666667,40.2,96602.0,0,2,0.23670669527861038,0
2610,Nachingwea,TANZANIA,TANZANIA,-10.35,38.766666666666666,18058.0,0,1,,0
2611,Shinyanga,TANZANIA,TANZANIA,-3.5,33.0,107362.0,0,2,0.8086863322001194,0
2612,Kigoma,TANZANIA,TANZANIA,-4.883333333333334,29.633333333333333,164268.0,0,4,0.7146471740354932,0
2613,Tabora,TANZANIA,TANZANIA,-5.066666666666666,32.833333333333336,145292.0,0,2,0.561065337553388,0
2614,Moa,CUBA,CUBA,20.65,-74.91666666666667,92852.0,0,1,,0
2615,Niamtougou,TOGO,TOGO,9.783333333333333,1.1,23261.0,0,2,0.6408467504376972,0
2616,Levelock,UNITED STATES,USA,59.118164722222225,-156.86521694444443,10000.0,1,2,0.3249081427052667,0
2617,South Naknek,UNITED STATES,USA,58.70343611111111,-157.00825111111112,10000.0,1,1,,0
2618,Chuathbaluk,UNITED STATES,USA,43.596358611111114,-91.50394638888889,10000.0,1,2,31.711202998856884,1
2619,Kalskag,UNITED STATES,USA,61.53627388888889,-160.34133055555557,10000.0,1,3,0.379887774166839,0
2620,Shageluk,UNITED STATES,USA,62.695119444444444,-159.5690613888889,10000.0,1,2,0.5534375927304235,0
2621,Sleetmute,UNITED STATES,USA,61.70931138888889,-157.15570083333333,10000.0,1,3,0.19794225301545976,0
2622,Russian Mission,UNITED STATES,USA,61.779675833333336,-161.31947722222222,10000.0,1,4,0.5035665429659111,0
2623,Stony River,UNITED STATES,USA,61.789874999999995,-156.5881861111111,10000.0,1,2,0.7437944304797823,0
2624,Atmautluak,UNITED STATES,USA,60.86674555555555,-162.2731388888889,10000.0,1,1,,0
2625,Alakanuk,UNITED STATES,USA,62.68004416666666,-164.65992527777777,10000.0,1,3,0.5596925519923729,0
2626,Cape Romanzof,UNITED STATES,USA,61.780297777777776,-166.03874611111112,10000.0,1,1,,0
2627,Goodnews Bay,UNITED STATES,USA,59.11727555555555,-161.58139666666665,10000.0,1,2,0.6627817159853757,0
2628,Hooper Bay,UNITED STATES,USA,61.52418305555555,-166.14677972222222,10000.0,1,3,0.3044193765099451,0
2629,Kipnuk,UNITED STATES,USA,59.93333333333333,-164.05,10000.0,1,2,0.733233778078732,0
2630,Kwigillingok,UNITED STATES,USA,59.836725,-163.14033527777778,10000.0,1,2,0.5816638378347533,0
2631,Kwethluk,UNITED STATES,USA,60.804251944444445,-161.44535,10000.0,1,2,0.10744480059397714,0
2632,Marshall,UNITED STATES,USA,61.86592250000001,-162.06904555555556,23820.0,0,2,0.5772138494270779,0
2633,Mekoryuk,UNITED STATES,USA,60.37142,-166.2706083333333,10000.0,1,1,,0
2634,Toksook Bay,UNITED STATES,USA,60.53337638888889,-165.1139636111111,10000.0,1,1,,0
2635,Scammon Bay,UNITED STATES,USA,61.84454111111111,-165.57374916666666,10000.0,1,3,0.3044193765099451,0
2636,Togiak,UNITED STATES,USA,59.05284222222222,-160.3969338888889,10000.0,1,2,1.128071029206595,0
2637,Chevak,UNITED STATES,USA,61.53363583333333,-165.5837322222222,10000.0,1,3,0.22530608726216694,0
2638,Napakiak,UNITED STATES,USA,60.691189166666675,-161.9695161111111,10000.0,1,2,0.07405581977829989,0
2639,Tuntutuliak,UNITED STATES,USA,60.35,-162.63333333333333,10000.0,1,1,,0
2640,Eek,UNITED STATES,USA,60.21590416666667,-162.00560916666666,10000.0,1,1,,0
2641,Napaskiak,UNITED STATES,USA,60.70369055555556,-161.77673666666666,10000.0,1,2,0.06403373973080767,0
2642,Tuluksak,UNITED STATES,USA,61.09676222222222,-160.96841666666668,10000.0,1,2,0.2740883751595513,0
2643,Newtok,UNITED STATES,USA,60.923654166666665,-164.65621388888889,10000.0,1,1,,0
2644,Adak Island,UNITED STATES,USA,51.87796388888889,-176.64603055555554,10000.0,1,1,,0
2645,False Pass,UNITED STATES,USA,54.84744583333333,-163.41032222222222,10000.0,1,1,,0
2646,King Cove,UNITED STATES,USA,55.1163475,-162.2662272222222,10000.0,1,1,,0
2647,Clarks Point,UNITED STATES,USA,58.84230472222222,-158.54523305555557,10000.0,1,2,0.11801554001122158,0
2648,Cape Newenham,UNITED STATES,USA,58.64642888888888,-162.06277666666668,10000.0,1,1,,0
2649,Ekwok,UNITED STATES,USA,59.353994444444446,-157.47440916666667,10000.0,1,2,0.3658116421407163,0
2650,Koliganek,UNITED STATES,USA,59.72527777777778,-157.28527777777776,10000.0,1,2,0.598107124289378,0
2651,Ekuk,UNITED STATES,USA,58.811192500000004,-158.5588425,10000.0,1,2,0.13386269626827801,0
2652,Portage Creek,MEXICO,M&Eacute;XICO#MEXICO,20.077444444444446,-98.78247111111111,10000.0,1,1,,0
2653,Aleknagik,CANADA,CANADA,49.71666666666667,-88.33333333333333,10000.0,1,1,,0
2654,Atka,UNITED STATES,USA,52.2,-174.2,10000.0,1,1,,0
2655,Nikolski,UNITED STATES,USA,52.94166666666667,-168.85,10000.0,1,1,,0
2656,Akutan,UNITED STATES,USA,54.13246694444445,-165.7853111111111,10000.0,1,1,,0
2657,Koyukuk,UNITED STATES,USA,64.87714277777778,-157.71583583333333,10000.0,1,3,0.3424806486277798,0
2658,Ruby,UNITED STATES,USA,64.72721555555556,-155.46988777777779,10000.0,1,4,0.9100380791121652,0
2659,Seldovia,UNITED STATES,USA,59.442439166666674,-151.70405027777778,10000.0,1,2,0.5434801948526492,0
2660,Port Graham,UNITED STATES,USA,59.348259444444444,-151.8315388888889,10000.0,1,2,0.8467066337880282,0
2661,Port Alsworth,COSTA RICA,COSTA_RICA,9.5,-84.31666666666666,10000.0,1,1,,0
2662,Takotna,UNITED STATES,USA,62.99270416666666,-156.06819027777777,10000.0,1,2,0.09132123775909214,0
2663,Tatalina,UNITED STATES,USA,62.89436972222223,-155.97652666666667,10000.0,1,2,0.08128069337079341,0
2664,Elim,UNITED STATES,USA,64.61400972222222,-162.27006805555556,10000.0,1,3,0.3252754152730219,0
2665,Gambell,UNITED STATES,USA,63.766765555555565,-171.73282361111112,10000.0,1,2,0.9657578608165654,0
2666,Koyuk,UNITED STATES,USA,64.93404055555555,-161.15814500000002,10000.0,1,3,0.6195299273522762,0
2667,Port Clarence,UNITED STATES,USA,65.25366416666667,-166.8585197222222,10000.0,1,2,0.332968195903987,0
2668,Teller Mission,UNITED STATES,USA,65.33136111111111,-166.46316666666667,10000.0,1,4,0.5440638670305453,0
2669,Shishmaref,UNITED STATES,USA,66.2495686111111,-166.0895588888889,10000.0,1,3,1.0300175565168985,0
2670,Savoonga,UNITED STATES,USA,63.68639444444444,-170.4926361111111,10000.0,1,2,0.8272058436743736,0
2671,Stebbins,UNITED STATES,USA,63.51591972222223,-162.28273944444447,10000.0,1,3,0.41582423841486654,0
2672,White Mountain,UNITED STATES,USA,64.68919444444444,-163.41255555555554,10000.0,1,3,0.5580592254422213,0
2673,Tin City,UNITED STATES,USA,65.56310694444444,-167.92165666666668,10000.0,1,1,,0
2674,Buckland,UNITED STATES,USA,65.98333333333333,-161.13333333333333,10000.0,1,1,,0
2675,Kiana,UNITED STATES,USA,66.97937611111111,-160.4358597222222,10000.0,1,3,0.3792275614517192,0
2676,Kivalina,UNITED STATES,USA,67.73125333333333,-164.55180194444446,10000.0,1,3,0.6020740709161762,0
2677,Cape Lisburne,UNITED STATES,USA,68.87513222222223,-166.1100211111111,10000.0,1,2,0.9735725043444876,0
2678,Noorvik,UNITED STATES,USA,66.82852666666668,-161.02779083333334,10000.0,1,3,0.4265113290218053,0
2679,Point Hope,UNITED STATES,USA,68.34877416666667,-166.79930861111112,10000.0,1,4,0.9763634145238187,0
2680,Selawik,UNITED STATES,USA,66.60002777777778,-159.98619444444446,10000.0,1,3,0.4265113290218053,0
2681,Noatak,UNITED STATES,USA,67.56208333333333,-162.9752777777778,10000.0,1,2,0.4947645677188889,0
2682,Chignik,UNITED STATES,USA,56.311163055555554,-158.53592638888887,10000.0,1,1,,0
2683,Ivanof Bay,UNITED STATES,USA,55.897533333333335,-159.4886688888889,10000.0,1,1,,0
2684,Nuiqsut,UNITED STATES,USA,38.14595944444444,-76.42856222222221,10000.0,1,2,0.9194101213540372,0
2685,St Michael,UNITED STATES,USA,63.48287,-162.02996083333332,10000.0,1,2,0.23365251551754918,0
2686,Atqasuk,UNITED STATES,USA,70.4672761111111,-157.4357361111111,10000.0,1,2,0.5184306553379492,0
2687,Point Lay,UNITED STATES,USA,69.732875,-163.00534166666665,10000.0,1,3,0.019190283931507342,0
2688,Kotlik,UNITED STATES,USA,63.02812055555555,-163.55911194444442,10000.0,1,3,0.9116381437249744,0
2689,Mountain Village,UNITED STATES,USA,62.095362222222214,-163.68205944444443,10000.0,1,1,,0
2690,Sheldon Point,UNITED STATES,USA,62.52055555555555,-164.84777777777776,10000.0,1,3,0.7979834959698413,0
2691,Ulanhot,CHINA,CHINA,46.0935,122.02120000000001,165846.0,0,1,,0
2692,Pico Island,PORTUGAL,PORTUGAL,38.55388888888889,-28.44388888888889,10000.0,1,2,0.6765776719268669,0
2693,Santa Maria,PORTUGAL,PORTUGAL,36.97388888888889,-25.170833333333334,283677.0,0,1,,0
2694,Williston,UNITED STATES,USA,48.17793861111111,-103.64234666666665,26977.0,0,1,,0
2695,Norfolk,UNITED STATES,USA,41.985463888888894,-97.43511111111111,246393.0,0,1,,0
2696,Yankton,UNITED STATES,USA,42.916694444444445,-97.38594444444445,10000.0,1,1,,0
2697,Worland,UNITED STATES,USA,43.96571305555555,-107.95083083333334,10000.0,1,1,,0
2698,Arba Mintch,ETHIOPIA,ETHIOPIA,6.066666666666666,37.666666666666664,10000.0,1,2,0.19595164999946854,0
2699,Bahar Dar,ETHIOPIA,ETHIOPIA,11.583333333333334,37.4,10000.0,1,7,0.3435014614647725,0
2700,Debra Marcos,ETHIOPIA,ETHIOPIA,10.333333333333334,37.75,10000.0,1,3,0.3310581159462212,0
2701,Dembidollo,ETHIOPIA,ETHIOPIA,8.55,34.87,10000.0,1,5,0.34213318257258374,0
2702,Dire Dawa,ETHIOPIA,ETHIOPIA,9.633333333333333,41.86666666666667,277000.0,0,5,0.4458499092560637,0
2703,Dessie,ETHIOPIA,ETHIOPIA,11.066666666666666,39.71666666666667,10000.0,1,3,0.433275884924211,0
2704,Gondar,ETHIOPIA,ETHIOPIA,12.516666666666667,37.45,443156.0,0,5,0.39236119951224585,0
2705,Goba,ETHIOPIA,ETHIOPIA,7.13,40.13,54630.0,0,2,0.19470743036172822,0
2706,Gore,ETHIOPIA,ETHIOPIA,8.166666666666666,35.55,10000.0,1,3,0.2729285398252301,0
2707,Hargeisa,SOMALIA,SOMALIA,9.5,44.083333333333336,10000.0,1,6,0.4020261325701467,0
2708,Jimma,ETHIOPIA,ETHIOPIA,7.666666666666667,36.833333333333336,239022.0,0,6,0.444517542190373,0
2709,Lalibela,ETHIOPIA,ETHIOPIA,12.016666666666667,39.06666666666667,10000.0,1,4,0.4203873130959427,0
2710,Mekane Selam,ETHIOPIA,ETHIOPIA,10.75,38.766666666666666,10000.0,1,2,0.1413655878152917,0
2711,Makale,ETHIOPIA,ETHIOPIA,13.466666666666667,39.516666666666666,10000.0,1,2,0.2651797663318938,0
2712,Debra Tabor,ETHIOPIA,ETHIOPIA,11.966666666666667,38.03333333333333,10000.0,1,4,0.2899460789457046,0
2713,Dakhla,WESTERN SAHARA,WESTERN_SAHARA,23.720833333333335,-15.933055555555555,75000.0,0,2,0.2837352688114768,0
2714,Adrar,ALGERIA,ALGERIA,27.833333333333332,0.18333333333333332,43903.0,0,7,0.8345931009569973,0
2715,Bechar,ALGERIA,ALGERIA,31.65,-2.2666666666666666,10000.0,1,7,0.5536059939931245,0
2716,Djanet,ALGERIA,ALGERIA,24.466666666666665,9.483333333333333,10000.0,1,5,1.1239542822632675,0
2717,El Golea,ALGERIA,ALGERIA,30.566666666666666,2.8666666666666667,10000.0,1,2,0.7610770857848026,0
2718,El Oued,ALGERIA,ALGERIA,33.516666666666666,6.783333333333333,134699.0,0,2,0.4204553092163998,0
2719,Ghardaia,ALGERIA,ALGERIA,32.38333333333333,3.816666666666667,10000.0,1,9,0.6712573255125698,0
2720,Jijel,ALGERIA,ALGERIA,36.8,5.883333333333334,148000.0,0,1,,0
2721,Hassi Messaoud,ALGERIA,ALGERIA,31.666666666666668,6.15,53000.0,0,5,0.5712981235009934,0
2722,In Amenas,ALGERIA,ALGERIA,28.05,9.633333333333333,10000.0,1,3,0.6440981738675793,0
2723,In Salah,ALGERIA,ALGERIA,27.25,2.5166666666666666,32518.0,0,4,0.6540187953701647,0
2724,Mascara,ALGERIA,ALGERIA,35.266666666666666,0.15,150000.0,0,1,,0
2725,Ouargla,ALGERIA,ALGERIA,31.916666666666668,5.4,129402.0,0,7,0.750482059261886,0
2726,Tbessa,ALGERIA,ALGERIA,35.43333333333333,8.116666666666667,10000.0,1,1,,0
2727,Touggourt,ALGERIA,ALGERIA,33.083333333333336,6.066666666666666,49044.0,0,1,,0
2728,Tiaret,ALGERIA,ALGERIA,35.35,1.4666666666666666,178915.0,0,1,,0
2729,Tindouf,ALGERIA,ALGERIA,27.716666666666665,-8.166666666666666,45966.0,0,4,1.27775777907318,0
2730,Tamanrasset,ALGERIA,ALGERIA,22.816666666666666,5.466666666666667,73128.0,0,10,1.097763731309313,0
2731,Timimoun,ALGERIA,ALGERIA,29.233333333333334,0.2833333333333333,49237.0,0,4,0.6908599179633835,0
2732,Illizi,ALGERIA,ALGERIA,26.5,8.416666666666666,10000.0,1,5,0.7280181351511983,0
2733,Agri,TURKEY,TURKEY,39.733333333333334,43.06666666666667,10000.0,1,1,,0
2734,Batman,TURKEY,TURKEY,37.931666666666665,41.11833333333333,452157.0,0,1,,0
2735,Balikesir,TURKEY,TURKEY,39.61833333333333,27.925,10000.0,1,1,,0
2736,Erzincan,TURKEY,TURKEY,39.71388888888889,39.520833333333336,150714.0,0,1,,0
2737,Siirt,TURKEY,TURKEY,37.979166666666664,41.839166666666664,114034.0,0,1,,0
2738,Sinop,BRAZIL,BRAZIL,-3.0833333333333335,-67.93333333333334,116013.0,0,2,12.411091348480321,0
2739,Kariba,ZIMBABWE,ZIMBABWE,-16.519166666666667,28.885,27600.0,0,2,0.19537772855666702,0
2740,Dushanbe,TAJIKISTAN,TAJIKISTAN,38.55,68.78333333333333,679400.0,0,2,1.324628405015841,0
2741,Ust-Ilimsk,RUSSIA,RUSSIA,58.13,102.55,10000.0,1,2,1.3574318991091456,0
2742,Houn,LIBYA,LIBYA,29.05,15.93,10000.0,1,2,0.5928104796563091,0
2743,Ghadames,LIBYA,LIBYA,30.133333333333333,9.516666666666667,10000.0,1,2,0.5352091784502823,0
2744,Sert,LIBYA,LIBYA,31.2,16.58,10000.0,1,3,0.06716727931904229,0
2745,Tobruk,LIBYA,LIBYA,31.85,23.916666666666668,121052.0,0,1,,0
2746,Kardla,PHILIPPINES,PHILIPPINES,6.2,125.01666666666667,10000.0,1,1,,0
2747,Luderitz,NAMIBIA,NAMIBIA,-26.68611111111111,15.24388888888889,10000.0,1,4,0.4781922567772797,0
2748,Mpacha,NAMIBIA,NAMIBIA,-17.633333333333333,24.183333333333334,10000.0,1,1,,0
2749,Mokuti Lodge,NAMIBIA,NAMIBIA,-18.814166666666665,17.051944444444445,10000.0,1,2,0.31053903960396606,0
2750,Ondangwa,NAMIBIA,NAMIBIA,-17.883055555555554,15.966666666666667,10000.0,1,2,0.37919192705208926,0
2751,Swakopmund,NAMIBIA,NAMIBIA,-22.658055555555556,14.566666666666666,25047.0,0,2,0.48172783946959197,0
2752,Lubango,ANGOLA,ANGOLA,-14.933333333333334,13.583333333333334,102541.0,0,2,0.5092942599832022,0
2753,Havasupai,UNITED STATES,USA,39.72448944444444,-91.44367944444446,10000.0,1,1,,0
2754,Juliaca,PERU,PER&Uacute;#PERU,-15.466666666666667,-70.15,245675.0,0,1,,0
2755,Tumbes,PERU,PER&Uacute;#PERU,-3.566666666666667,-80.41666666666667,96946.0,0,1,,0
2756,Puerto Maldonado,PERU,PER&Uacute;#PERU,-12.633333333333333,-69.2,85024.0,0,1,,0
2757,Cobija,BOLIVIA,BOLIVIA,-11.016666666666667,-68.78333333333333,26585.0,0,2,0.8435647298835249,0
2758,Bangui,UNITED STATES,USA,35.17753416666667,-86.06616722222222,542393.0,0,4,9.54723604515385,0
2759,Pointe Noire,CONGO,"CONGO,_REPUBLIC_OF_THE",-4.816666666666666,11.883333333333333,10000.0,1,10,0.4674577583396615,0
2760,Kasese,UGANDA,UGANDA,0.18333333333333332,30.1,67269.0,0,1,,0
2761,Arua,UGANDA,UGANDA,3.05,30.916666666666668,55585.0,0,2,0.4599915878844657,0
2762,Gulu,UGANDA,UGANDA,2.75,32.333333333333336,22331.0,0,2,0.396340515297841,0
2763,Koulamoutou,GABON,GABON,-1.12,12.51,16222.0,0,1,,0
2764,Mouila,GABON,GABON,-1.85,11.05,22469.0,0,2,0.4912915859464112,0
2765,Makokou,GABON,GABON,0.5666666666666667,12.866666666666667,10000.0,1,1,,0
2766,Franceville,GABON,GABON,-1.65,13.433333333333334,42967.0,0,1,,0
2767,Oyem,GABON,GABON,1.57,11.58,30870.0,0,1,,0
2768,Port Gentil,GABON,GABON,-0.7166666666666667,8.75,10000.0,1,5,0.41032894374079637,0
2769,Tchibanga,GABON,GABON,-2.816666666666667,11.0,19365.0,0,1,,0
2770,Muscle Shoals,UNITED STATES,USA,34.74532027777778,-87.61023222222222,10000.0,1,1,,0
2771,Boa Vista,BRAZIL,BRAZIL,2.8333333333333335,-60.68333333333333,419652.0,0,2,1.1219827858985394,0
2772,Labrea,BRAZIL,BRAZIL,-7.25,-64.78333333333333,10000.0,1,2,0.3894711909084772,0
2773,Parintins,BRAZIL,BRAZIL,-2.6333333333333333,-56.733333333333334,64428.0,0,3,0.3085635088269604,0
2774,Rio Branco,BRAZIL,BRAZIL,-9.983333333333333,-67.81666666666666,419452.0,0,5,0.5608518201163627,0
2775,Santarem,BRAZIL,BRAZIL,-2.4166666666666665,-54.78333333333333,10000.0,1,8,0.36081470123661197,0
2776,Tabatinga,BRAZIL,BRAZIL,-3.6666666666666665,-69.66666666666667,28229.0,0,2,0.8457695145679738,0
2777,Tefe,BRAZIL,BRAZIL,-3.3666666666666667,-64.7,10000.0,1,3,0.44837221312562264,0
2778,Trombetas,BRAZIL,BRAZIL,-1.9166666666666667,-55.583333333333336,10000.0,1,2,0.4343530787828836,0
2779,Altamira,BRAZIL,BRAZIL,-3.2,-52.21666666666667,70888.0,0,2,0.5848590141506139,0
2780,Breves,UNITED STATES,USA,48.470888888888894,-122.42086111111111,46473.0,0,4,18.542150744222948,1
2781,Imperatriz,BRAZIL,BRAZIL,-5.533333333333333,-47.483333333333334,218106.0,0,4,0.5510186702331412,0
2782,Maraba,BRAZIL,BRAZIL,-5.366666666666666,-49.13333333333333,10000.0,1,5,0.5065800309264318,0
2783,Macapa,BRAZIL,BRAZIL,0.05,-51.06666666666667,10000.0,1,5,0.5331888682283982,0
2784,Monte Dourado,BRAZIL,BRAZIL,-0.8833333333333333,-52.6,10000.0,1,5,0.41800808491967145,0
2785,Sao Luiz,BRAZIL,BRAZIL,-2.6,-44.233333333333334,10000.0,1,6,0.4512809187150514,0
2786,Teresina,BRAZIL,BRAZIL,-5.066666666666666,-42.81666666666667,871126.0,0,4,0.5755003498130379,0
2787,Tucurui,SAUDI ARABIA,SAUDI_ARABIA,21.3,41.6,10000.0,1,2,14.356458877593262,0
2788,Buenaventura,COLOMBIA,COLOMBIA,3.8833333333333333,-77.06666666666666,240387.0,0,1,,0
2789,Guapi,COLOMBIA,COLOMBIA,2.5833333333333335,-77.9,10000.0,1,1,,0
2790,Ipiales,COLOMBIA,COLOMBIA,0.8166666666666667,-77.63333333333334,77729.0,0,2,0.8259366889395363,0
2791,Tumaco,COLOMBIA,COLOMBIA,1.8166666666666667,-78.76666666666667,86713.0,0,1,,0
2792,Corozal,COLOMBIA,COLOMBIA,9.333333333333334,-75.26666666666667,39800.0,0,2,0.2746200268731911,0
2793,Magangue,COLOMBIA,COLOMBIA,9.3,-74.83333333333333,10000.0,1,3,0.14981835942696664,0
2794,Mompos,COLOMBIA,COLOMBIA,9.266666666666667,-74.45,10000.0,1,2,0.34272819312554564,0
2795,Santa Barbara Zulia,VENEZUELA,VENEZUELA,8.983333333333333,-71.95,10000.0,1,1,,0
2796,Apartado,COLOMBIA,COLOMBIA,7.8,-76.7,10000.0,1,2,0.6207845533430246,0
2797,Caucasia,COLOMBIA,COLOMBIA,7.6,-75.25,58034.0,0,1,,0
2798,Capurgana,COLOMBIA,COLOMBIA,8.63,-77.33,10000.0,1,1,,0
2799,Nuqui,COLOMBIA,COLOMBIA,5.7,-77.28,10000.0,1,1,,0
2800,Puerto Berrio,COLOMBIA,COLOMBIA,6.483333333333333,-74.48333333333333,10000.0,1,1,,0
2801,Campina Grande,BRAZIL,BRAZIL,-7.266666666666667,-35.9,348936.0,0,2,0.41257713658014794,0
2802,Fernando de Noronha,BRAZIL,BRAZIL,-3.85,-32.416666666666664,10000.0,1,3,0.3955373561871108,0
2803,Joao Pessoa,NEPAL,NEPAL,26.566666666666666,88.06666666666666,10000.0,1,4,12.82954884943066,0
2804,Petrolina,BRAZIL,BRAZIL,-9.4,-40.483333333333334,194650.0,0,4,0.5484290333488917,0
2805,Juazeiro do Norte,BRAZIL,BRAZIL,-7.216666666666667,-39.28333333333333,225230.0,0,4,0.3767074406669176,0
2806,Parnaiba,BRAZIL,BRAZIL,-2.9,-41.733333333333334,10000.0,1,2,0.38295740574051285,0
2807,Pantelleria,ITALY,ITALY,36.814166666666665,11.966111111111111,10000.0,1,3,0.33248922763387345,0
2808,Barreiras,BRAZIL,BRAZIL,-12.05,-45.0,158292.0,0,2,0.580958392967849,0
2809,Vitoria Da Conquista,BRAZIL,BRAZIL,-14.866666666666667,-40.86666666666667,10000.0,1,3,0.7424097139055971,0
2810,Bamiyan,AFGHANISTAN,AFGHANISTAN,34.8,67.81666666666666,10000.0,1,1,,0
2811,Nefteyugansk,RUSSIA,RUSSIA,61.13,73.05,112632.0,0,2,0.6195518986351419,0
2812,Aldan,RUSSIA,RUSSIA,58.61666666666667,125.36666666666666,24426.0,0,2,0.16138596785370316,0
2813,Abakan,RUSSIA,RUSSIA,53.75,91.4,184168.0,0,1,,0
2814,Pevek,RUSSIA,RUSSIA,69.78,170.6,10000.0,1,1,,0
2815,Nojabrxsk,RUSSIA,RUSSIA,63.5,75.0,10000.0,1,2,3.063709842847252,0
2816,Watertown,UNITED STATES,USA,44.913980555555554,-97.15471944444444,31915.0,0,1,,0
2817,International Falls,UNITED STATES,USA,48.56618722222222,-93.40306666666666,10000.0,1,2,1.2415464022620843,0
2818,Thief River Falls,UNITED STATES,USA,48.06550027777778,-96.18336000000001,10000.0,1,2,0.2914078306760416,0
2819,Huron,UNITED STATES,USA,44.38520055555555,-98.22854249999999,10000.0,1,1,,0
2820,Hibbing/Chisholm,UNITED STATES,USA,47.38659916666666,-92.83899333333333,10000.0,1,1,,0
2821,Devils Lake,UNITED STATES,USA,48.114245277777776,-98.90877833333333,10000.0,1,1,,0
2822,Fort Dodge,UNITED STATES,USA,42.55145611111111,-94.19255111111111,24649.0,0,1,,0
2823,Grand Rapids,UNITED STATES,USA,47.21110333333333,-93.50984472222223,195097.0,0,1,,0
2824,Abu Simbel,EGYPT,EGYPT,22.375493888888887,31.61071111111111,10000.0,1,1,,0
2825,Yelimane,MALI,MALI,15.133333333333333,-10.566666666666666,10000.0,1,2,5.121407987137228,0
2826,Kenieba,MALI,MALI,12.833333333333334,-11.25,10000.0,1,2,0.25461668477932775,0
2827,Kayes,MALI,MALI,14.433333333333334,-11.433333333333334,58737.0,0,2,0.2887999052745076,0
2828,Mopti,MALI,MALI,14.5,-4.083333333333333,108456.0,0,3,0.29724080374384004,0
2829,Nioro,UNITED STATES,USA,47.21666666666667,-124.2,10000.0,1,2,11.563238108188848,0
2830,St Georges de L'oyapock,FRENCH GUIANA,FRENCH_GUIANA,3.8986111111111112,-51.80305555555555,10000.0,1,1,,0
2831,Saul,FRENCH GUIANA,FRENCH_GUIANA,3.6166666666666667,-53.2,10000.0,1,1,,0
2832,Canouan Island,SAINT VINCENT AND THE GRENADINES,SAINT_VINCENT_AND_THE_GRENADINES#ST_VINCENT_AND_THE_GRENADINES,12.716666666666667,-61.333333333333336,10000.0,1,2,0.38395870192962983,0
2833,Union Island,SAINT VINCENT AND THE GRENADINES,SAINT_VINCENT_AND_THE_GRENADINES#ST_VINCENT_AND_THE_GRENADINES,12.62,-61.43,10000.0,1,3,0.25094475163184926,0
2834,El Obeid,SUDAN,SUDAN,13.166666666666666,30.25,393311.0,0,5,0.3164574317911538,0
2835,El Fasher,SUDAN,SUDAN,13.62,25.32,252609.0,0,3,0.16569014609271368,0
2836,Juba,SUDAN,SUDAN,4.866666666666666,31.6,450000.0,0,1,,0
2837,Nyala,SUDAN,SUDAN,12.066666666666666,24.9,565734.0,0,5,0.3260041746504453,0
2838,Maroua,CAMEROON,CAMEROON,10.451171944444443,14.257396944444444,319941.0,0,3,0.11186889639767371,0
2839,Nema,MAURITANIA,MAURITANIA,16.616666666666667,-7.266666666666667,10000.0,1,1,,0
2840,Selibaby,MAURITANIA,MAURITANIA,15.18,-12.2,10000.0,1,1,,0
2841,La Desirade,GUADELOUPE,GUADELOUPE,16.3,-61.083333333333336,10000.0,1,1,,0
2842,Marie Galante,GUADELOUPE,GUADELOUPE,15.866666666666667,-61.266666666666666,10000.0,1,1,,0
2843,Terre-de-Haut,GUADELOUPE,GUADELOUPE,15.866666666666667,-61.583333333333336,10000.0,1,1,,0
2844,Al Ghaydah,YEMEN,YEMEN,16.083333333333332,52.083333333333336,10000.0,1,4,0.48204590184835283,0
2845,Ataq,YEMEN,YEMEN,14.533333333333333,46.81666666666667,37315.0,0,1,,0
2846,Ambatomainty,MADAGASCAR,MADAGASCAR,-17.683333333333334,45.666666666666664,10000.0,1,2,0.3986633868744725,0
2847,Antalaha,MADAGASCAR,MADAGASCAR,-14.883333333333333,50.25,34112.0,0,5,0.8107870726516853,0
2848,Belo,MADAGASCAR,MADAGASCAR,-19.67,44.55,10000.0,1,3,0.5058540719593545,0
2849,Antsiranana,MADAGASCAR,MADAGASCAR,-12.35,49.28333333333333,129320.0,0,7,0.8300822250432934,0
2850,Fort Dauphin,MADAGASCAR,MADAGASCAR,-25.033333333333335,46.95,10000.0,1,4,0.8084003733592316,0
2851,Majunga,MADAGASCAR,MADAGASCAR,-15.666666666666666,46.35,10000.0,1,14,0.8844941908791675,0
2852,Mananjary,MADAGASCAR,MADAGASCAR,-21.2,48.36666666666667,27686.0,0,3,0.4185558329285153,0
2853,Morondava,MADAGASCAR,MADAGASCAR,-20.283333333333335,44.31666666666667,53510.0,0,6,0.45606963074828016,0
2854,Maintirano,MADAGASCAR,MADAGASCAR,-18.05,44.03333333333333,25788.0,0,8,0.5262683345232165,0
2855,Ste Marie,UNITED STATES,USA,33.995694444444446,-80.3615,10000.0,1,2,33.8077140797017,1
2856,Sambava,MADAGASCAR,MADAGASCAR,-14.283333333333333,50.18333333333333,84039.0,0,4,0.8977112279551372,0
2857,Tulear,MADAGASCAR,MADAGASCAR,-23.383333333333333,43.71666666666667,10000.0,1,4,0.9758299421337241,0
2858,Farafangana,MADAGASCAR,MADAGASCAR,-22.8,47.81666666666667,34676.0,0,3,0.596859638575026,0
2859,Tsaratanana,MADAGASCAR,MADAGASCAR,-16.73,47.6,16761.0,0,2,0.29477210089434247,0
2860,Morafenobe,MADAGASCAR,MADAGASCAR,-17.85,44.92,10000.0,1,3,0.4170313512562639,0
2861,Mahanoro,MADAGASCAR,MADAGASCAR,-19.833333333333332,48.8,39879.0,0,2,0.22952310895010114,0
2862,Antsohihy,MADAGASCAR,MADAGASCAR,-14.92,47.95,38253.0,0,5,0.4118061577282618,0
2863,Ambatondrazaka,MADAGASCAR,MADAGASCAR,-17.8,48.43,47649.0,0,2,0.29065523256906906,0
2864,Fianarantsoa,MADAGASCAR,MADAGASCAR,-21.45,47.1,191776.0,0,1,,0
2865,Maroantsetra,MADAGASCAR,MADAGASCAR,-15.43,49.68,23859.0,0,6,0.3233942420597018,0
2866,Massena,UNITED STATES,USA,44.93582722222222,-74.84554583333335,10000.0,1,2,1.1118800430130173,0
2867,Ogdensburg,UNITED STATES,USA,44.681853611111116,-75.46549916666667,10000.0,1,2,0.5162928019494606,0
2868,Montes Claros,BRAZIL,BRAZIL,-16.716666666666665,-43.81666666666667,332379.0,0,1,,0
2869,Carajas,BRAZIL,BRAZIL,-6.116666666666666,-50.0,10000.0,1,2,0.552852894424717,0
2870,Palmas,BRAZIL,BRAZIL,-10.24,-48.35,39150.0,0,4,0.48782126285522154,0
2871,Vilhena,BRAZIL,BRAZIL,-12.633333333333333,-60.13333333333333,63231.0,0,2,0.6577490949249188,0
2872,Juina,BRAZIL,BRAZIL,-11.5,-58.88,10000.0,1,2,0.5038295964049906,0
2873,Sinop,BRAZIL,BRAZIL,-11.854444444444445,-55.486666666666665,116013.0,0,3,0.4885408849390231,0
2874,Corumba,BRAZIL,BRAZIL,-19.016666666666666,-57.666666666666664,10000.0,1,1,,0
2875,Guarapuava,BRAZIL,BRAZIL,-25.387777777777778,-51.52194444444444,150850.0,0,2,0.5253817329061259,0
2876,Mucuri,BRAZIL,BRAZIL,-18.049166666666668,-39.86527777777778,26775.0,0,1,,0
2877,Guajara-Mirim,BRAZIL,BRAZIL,-10.783333333333333,-65.36666666666666,10000.0,1,2,0.2610530485128711,0
2878,Pato Branco,BRAZIL,BRAZIL,-26.213055555555556,-52.69277777777778,65754.0,0,2,0.38353187689849466,0
2879,Torsby,SWEDEN,SWEDEN,60.15472222222222,12.993611111111111,10000.0,1,1,,0
2880,Sveg,SWEDEN,SWEDEN,62.047777777777775,14.424444444444445,10000.0,1,1,,0
2881,Waskaganish,CANADA,CANADA,51.47361111111111,-78.75805555555556,10000.0,1,6,0.5588988627498506,0
2882,Inukjuak,CANADA,CANADA,58.471666666666664,-78.07722222222222,10000.0,1,4,0.84640062726083,0
2883,Sanikiluaq,CANADA,CANADA,56.53777777777778,-79.24666666666667,10000.0,1,2,0.554208483154566,0
2884,Chisasibi,CANADA,CANADA,53.81666666666667,-79.0,10000.0,1,2,1.1163589043352808,0
2885,Kangirsuk,CANADA,CANADA,61.58861111111111,-71.92944444444444,10000.0,1,1,,0
2886,Puvirnituq,CANADA,CANADA,60.050555555555555,-77.28694444444444,10000.0,1,4,0.498467834144044,0
2887,Tasiujuaq,CANADA,CANADA,58.66777777777778,-69.95583333333333,10000.0,1,1,,0
2888,Gaspe,CANADA,CANADA,48.77527777777778,-64.4786111111111,10000.0,1,3,0.801803396859272,0
2889,Kufrah,LIBYA,LIBYA,24.2,23.316666666666666,10000.0,1,1,,0
2890,Misurata,LIBYA,LIBYA,32.333333333333336,15.066666666666666,10000.0,1,2,0.43477754541220215,0
2891,Lampang,THAILAND,THAILAND,18.266666666666666,99.5,156139.0,0,1,,0
2892,Luang Namtha,LAOS,LAOS,20.97,101.4,10000.0,1,1,,0
2893,Oudomxay,LAOS,LAOS,20.58,104.17,10000.0,1,2,0.7852843395553223,0
2894,Xieng Khouang,LAOS,LAOS,19.45,103.15,10000.0,1,1,,0
2895,Savannakhet,LAOS,LAOS,16.55,104.76666666666667,125760.0,0,2,0.5084538619019587,0
2896,Burao,UNITED STATES,USA,33.93333333333333,-116.96666666666667,99270.0,0,3,23.73547444650282,1
2897,Mogadishu,SOMALIA,SOMALIA,2.033333333333333,45.35,2587183.0,0,3,1.6378725426834193,0
2898,Jodhpur,INDIA,INDIA,26.3,73.01666666666667,921476.0,0,2,0.5325984580855315,0
2899,Jaisalmer,INDIA,INDIA,26.916666666666668,70.9,67604.0,0,1,,0
2900,Assab,ERITREA,ERITREA,13.05,42.71666666666667,21300.0,0,1,,0
2901,Ghat,LIBYA,LIBYA,25.133333333333333,10.133333333333333,24347.0,0,1,,0
2902,Pangkalanbun,INDONESIA,INDONESIA,-2.716666666666667,111.66666666666667,10000.0,1,3,0.85005556929676,0
2903,Sampit,INDONESIA,INDONESIA,-2.5166666666666666,112.95,166773.0,0,2,0.4852849030631361,0
2904,Ketapang,INDONESIA,INDONESIA,-1.85,109.96666666666667,10000.0,1,2,0.9975797576891617,0
2905,Sintang,INDONESIA,INDONESIA,0.11666666666666667,111.53333333333333,10000.0,1,2,0.4230386197592431,0
2906,Rachgia,VIETNAM,"VI&Ecirc;T_NAM#VIET_NAM,VIETNAM",9.983333333333333,105.08333333333333,10000.0,1,1,,0
2907,Belaga,MALAYSIA,MALAYSIA,2.65,113.77,10000.0,1,1,,0
2908,Tomanggong,MALAYSIA,MALAYSIA,5.4,118.65,10000.0,1,1,,0
2909,Goma,CONGO,"CONGO,_DEMOCRATIC_PEOPLES'S_REPUBLIC",-1.6666666666666667,29.233333333333334,144124.0,0,2,0.6296229917005108,0
2910,Kananga,CONGO,"CONGO,_DEMOCRATIC_PEOPLES'S_REPUBLIC",-5.9,22.416666666666668,463546.0,0,2,0.4509019738713084,0
2911,Matadi,CONGO,"CONGO,_DEMOCRATIC_PEOPLES'S_REPUBLIC",-5.8,13.45,180109.0,0,3,0.11321019338891031,0
2912,Mbandaka,CONGO,"CONGO,_DEMOCRATIC_PEOPLES'S_REPUBLIC",0.05,18.266666666666666,184185.0,0,1,,0
2913,Mbuji-Mayi,CONGO,"CONGO,_DEMOCRATIC_PEOPLES'S_REPUBLIC",-6.166666666666667,23.616666666666667,874761.0,0,3,0.5907513039465654,0
2914,Gisenyi,RWANDA,RWANDA,-1.6666666666666667,29.25,136830.0,0,2,0.8927115252720139,0
2915,Kamembe,GERMANY,GERMANY,50.8,12.9,10000.0,1,2,11.018093635346903,0
2916,Neerlerit Inaat,UNITED STATES,USA,41.07747222222222,-102.46405555555555,10000.0,1,1,,0
2917,Nuuk,DENMARK,DENMARK,64.2088888888889,-51.68055555555556,14798.0,0,4,1.529892655153892,0
2918,Ilulissat,DENMARK,DENMARK,69.25,-51.06666666666667,10000.0,1,6,0.6335175157800638,0
2919,Aasiaat,DENMARK,DENMARK,68.7,-52.75,10000.0,1,4,0.5856827382562614,0
2920,Sisimiut,DENMARK,DENMARK,66.93333333333334,-53.7,10000.0,1,4,0.751671270325251,0
2921,Maniitsoq,DENMARK,DENMARK,65.4,-53.0,10000.0,1,3,0.5472318440724349,0
2922,Pituffik,DENMARK,DENMARK,76.53333333333333,-68.7,10000.0,1,1,,0
2923,Bronnoysund,NORWAY,NORWAY,65.46111111111111,12.2175,10000.0,1,3,0.5083447799866336,0
2924,Mosjoen,NORWAY,NORWAY,65.7838888888889,13.216666666666667,10000.0,1,5,0.7382434726958378,0
2925,Mo I Rana,NORWAY,NORWAY,66.3638888888889,14.303333333333333,10000.0,1,6,1.0442677139142509,0
2926,Namsos,NORWAY,NORWAY,64.4725,11.580277777777777,10000.0,1,4,0.6097448950858223,0
2927,Roervik,NORWAY,NORWAY,64.8386111111111,11.1475,10000.0,1,3,0.6067948669183237,0
2928,Sandnessjoen,NORWAY,NORWAY,65.96,12.473888888888888,10000.0,1,4,0.5207712335895192,0
2929,Groennedal,DENMARK,DENMARK,61.233333333333334,-48.1,10000.0,1,2,0.6237991242441935,0
2930,Qaqortoq,DENMARK,DENMARK,60.75,-46.05,10000.0,1,4,0.0923196025440658,0
2931,Nanortalik,DENMARK,DENMARK,60.53333333333333,-45.75,10000.0,1,3,0.1546846990714072,0
2932,Narsaq,DENMARK,DENMARK,61.0,-46.0,10000.0,1,2,0.22166530327096812,0
2933,Alluitsup Paa,UNITED STATES,USA,37.489492500000004,-94.31150444444445,10000.0,1,3,74.40210411831175,1
2934,Khajuraho,INDIA,INDIA,24.983333333333334,79.93333333333334,10000.0,1,2,0.8715297274147064,0
2935,Ranchi,INDIA,INDIA,23.316666666666666,85.31666666666666,1120374.0,0,1,,0
2936,Jiayuguan,CHINA,CHINA,39.75,98.25,231853.0,0,1,,0
2937,Bandar Lengeh,IRAN,IRAN,26.583333333333332,54.833333333333336,10000.0,1,3,0.8799691101042857,0
2938,Wudinna,AUSTRALIA,AUSTRALIA,-33.045833333333334,135.44583333333333,10000.0,1,1,,0
2939,Windorah,AUSTRALIA,AUSTRALIA,-25.413333333333334,142.66555555555556,10000.0,1,2,0.9878539978936286,0
2940,Hooker Creek,AUSTRALIA,AUSTRALIA,-18.366666666666667,130.66666666666666,10000.0,1,2,1.0986506592106644,0
2941,Ngukurr,AUSTRALIA,AUSTRALIA,-14.733333333333333,134.73333333333332,10000.0,1,2,0.8416188704139933,0
2942,Victoria River Downs,AUSTRALIA,AUSTRALIA,-16.416666666666668,130.96666666666667,10000.0,1,2,0.655361430071781,0
2943,Milingimbi,AUSTRALIA,AUSTRALIA,-12.095833333333333,134.8925,10000.0,1,3,0.025218798917580398,0
2944,Ramingining,AUSTRALIA,AUSTRALIA,-12.0,134.82,10000.0,1,3,0.0277437888445814,0
2945,Balalae,SOLOMON ISLANDS,SOLOMON_ISLANDS,-7.98,155.9,10000.0,1,3,0.6608603642059684,0
2946,Choiseul Bay,SOLOMON ISLANDS,SOLOMON_ISLANDS,-6.7,156.45,10000.0,1,2,1.4777698586666093,0
2947,Mono,SOLOMON ISLANDS,SOLOMON_ISLANDS,-7.383333333333334,155.51666666666668,10000.0,1,2,1.0128221184770367,0
2948,Santa Ana Island,SOLOMON ISLANDS,SOLOMON_ISLANDS,-10.83,162.47,10000.0,1,1,,0
2949,Bedourie,AUSTRALIA,AUSTRALIA,-24.33,139.37,10000.0,1,2,1.0065173026309993,0
2950,Burketown,AUSTRALIA,AUSTRALIA,-17.75,139.53333333333333,10000.0,1,2,0.5972385644848642,0
2951,Cape Vogel,PAPUA NEW GUINEA,PAPUA_NEW_GUINEA,-9.816666666666666,150.01666666666668,10000.0,1,2,1.2288069074571843,0
2952,Nissan Island,PAPUA NEW GUINEA,PAPUA_NEW_GUINEA,-4.5,154.23333333333332,10000.0,1,2,0.9948099497231201,0
2953,Rabaraba,PAPUA NEW GUINEA,PAPUA_NEW_GUINEA,-9.966666666666667,149.83333333333334,10000.0,1,6,0.8625954484977502,0
2954,Salamo,PAPUA NEW GUINEA,PAPUA_NEW_GUINEA,-9.816666666666666,150.78333333333333,10000.0,1,2,0.91570646015991,0
2955,Wedau,PAPUA NEW GUINEA,PAPUA_NEW_GUINEA,-10.1,150.08333333333334,10000.0,1,2,0.500141199693663,0
2956,Sehulea,PAPUA NEW GUINEA,PAPUA_NEW_GUINEA,-10.22,150.35,10000.0,1,1,,0
2957,Vivigani,PAPUA NEW GUINEA,PAPUA_NEW_GUINEA,-9.3,150.31666666666666,10000.0,1,2,0.7848746073643361,0
2958,Gasmata,PAPUA NEW GUINEA,PAPUA_NEW_GUINEA,-6.3,150.33333333333334,10000.0,1,2,0.4526333027302106,0
2959,Jacquinot Bay,PAPUA NEW GUINEA,PAPUA_NEW_GUINEA,-5.6,151.51666666666668,10000.0,1,4,0.9393654147384005,0
2960,Kandrian,PAPUA NEW GUINEA,PAPUA_NEW_GUINEA,-6.216666666666667,149.55,10000.0,1,3,0.8117478451919229,0
2961,Linga Linga,PAPUA NEW GUINEA,PAPUA_NEW_GUINEA,-5.68,149.42,10000.0,1,1,,0
2962,Uvol,PAPUA NEW GUINEA,PAPUA_NEW_GUINEA,-5.42,151.83,10000.0,1,3,0.8162897940029882,0
2963,Ihu,PAPUA NEW GUINEA,PAPUA_NEW_GUINEA,-7.9,145.4,10000.0,1,2,0.46211109750179524,0
2964,Kamina,PAPUA NEW GUINEA,PAPUA_NEW_GUINEA,-7.25,145.53,73557.0,0,2,0.5917456333896813,0
2965,Kikori,PAPUA NEW GUINEA,PAPUA_NEW_GUINEA,-7.433333333333334,144.25,10000.0,1,4,1.9398699726898234,0
2966,Emirau,PAPUA NEW GUINEA,PAPUA_NEW_GUINEA,-1.65,149.97,10000.0,1,2,0.3955883493525898,0
2967,Mapua,PAPUA NEW GUINEA,PAPUA_NEW_GUINEA,-2.92,151.42,10000.0,1,2,0.5095630774254878,0
2968,Mussau,PAPUA NEW GUINEA,PAPUA_NEW_GUINEA,-1.5,149.67,10000.0,1,2,0.47485525250275207,0
2969,Garaina,PAPUA NEW GUINEA,PAPUA_NEW_GUINEA,-7.866666666666666,147.13333333333333,10000.0,1,2,0.378252297720606,0
2970,Indagen,PAPUA NEW GUINEA,PAPUA_NEW_GUINEA,-6.03,147.03,10000.0,1,2,0.38266950609279077,0
2971,Lablab,PAPUA NEW GUINEA,PAPUA_NEW_GUINEA,-5.63,148.07,10000.0,1,1,,0
2972,Menyamya,PAPUA NEW GUINEA,PAPUA_NEW_GUINEA,-7.2,146.02,10000.0,1,2,0.5185111495578764,0
2973,Namatanai,PAPUA NEW GUINEA,PAPUA_NEW_GUINEA,-3.6666666666666665,152.45,10000.0,1,3,0.500384728914354,0
2974,Boang,PAPUA NEW GUINEA,PAPUA_NEW_GUINEA,-3.37,153.33,10000.0,1,3,0.7632942942036636,0
2975,Saidor,PAPUA NEW GUINEA,PAPUA_NEW_GUINEA,-5.616666666666666,146.46666666666667,10000.0,1,1,,0
2976,Ioma,PAPUA NEW GUINEA,PAPUA_NEW_GUINEA,-8.366666666666667,147.85,10000.0,1,3,0.013358171529245129,0
2977,Itokama,PAPUA NEW GUINEA,PAPUA_NEW_GUINEA,-9.52,147.3,10000.0,1,2,0.5132653015826297,0
2978,Safia,PAPUA NEW GUINEA,PAPUA_NEW_GUINEA,-9.583333333333334,148.63333333333333,10000.0,1,2,0.50637546256248,0
2979,Open Bay,PAPUA NEW GUINEA,PAPUA_NEW_GUINEA,-4.93,151.67,10000.0,1,2,0.4433714701793518,0
2980,Silur,PAPUA NEW GUINEA,PAPUA_NEW_GUINEA,-4.53,153.05,10000.0,1,2,0.6116344378679254,0
2981,Sule,PAPUA NEW GUINEA,PAPUA_NEW_GUINEA,-4.966666666666667,151.31666666666666,10000.0,1,2,0.5394135369010952,0
2982,Telefomin,PAPUA NEW GUINEA,PAPUA_NEW_GUINEA,-5.183333333333334,141.63333333333333,10000.0,1,2,0.6490285610073986,0
2983,Garasa,PAPUA NEW GUINEA,PAPUA_NEW_GUINEA,-7.95,147.18,10000.0,1,3,0.2935846208748603,0
2984,Kaintiba,PAPUA NEW GUINEA,PAPUA_NEW_GUINEA,-7.8,145.88,10000.0,1,3,0.6665805529874582,0
2985,Tekadu,INDONESIA,INDONESIA,-5.233333333333333,105.18333333333334,10000.0,1,1,,0
2986,Hayfields,PAPUA NEW GUINEA,PAPUA_NEW_GUINEA,-3.6333333333333333,143.05,10000.0,1,2,0.5008015738109526,0
2987,Vanimo,PAPUA NEW GUINEA,PAPUA_NEW_GUINEA,-2.683333333333333,141.3,10000.0,1,3,0.012842005180779511,0
2988,Richmond,AUSTRALIA,AUSTRALIA,-33.6,150.78333333333333,28587.0,0,2,5.082701766208899,0
2989,Cunnamulla,AUSTRALIA,AUSTRALIA,-28.031666666666666,145.62083333333334,10000.0,1,2,0.7104609510916577,0
2990,Florencia,COLOMBIA,COLOMBIA,1.5833333333333333,-75.56666666666666,168346.0,0,1,,0
2991,Puerto Asis,COLOMBIA,COLOMBIA,0.5333333333333333,-76.53333333333333,10000.0,1,2,1.3037068215282326,0
2992,Maicao,COLOMBIA,COLOMBIA,11.383333333333333,-72.25,166603.0,0,1,,0
2993,Bahia Solano,COLOMBIA,COLOMBIA,6.183333333333334,-77.4,10000.0,1,1,,0
2994,Kleinzee,SOUTH AFRICA,SOUTH_AFRICA,-29.683055555555555,17.1,10000.0,1,2,0.4913741257781037,0
2995,Gobernador Gregores,ARGENTINA,ARGENTINA,-48.766666666666666,-70.2,10000.0,1,3,1.0557355171001408,0
2996,Alto Rio Senguerr,ARGENTINA,ARGENTINA,-45.016666666666666,-70.8,10000.0,1,1,,0
2997,Nampula,MOZAMBIQUE,MOZAMBIQUE,-15.099722222222223,39.28333333333333,743125.0,0,5,0.5319432363884637,0
2998,Pemba,MOZAMBIQUE,MOZAMBIQUE,-12.983055555555556,40.516666666666666,201846.0,0,2,0.8839878492103153,0
2999,Quelimane,MOZAMBIQUE,MOZAMBIQUE,-17.849722222222223,36.86666666666667,349842.0,0,4,0.4404487332708462,0
3000,Lichinga,MOZAMBIQUE,MOZAMBIQUE,-13.283055555555556,35.25,213361.0,0,3,0.6858234243153944,0
3001,Club Makokola,MALAWI,MALAWI,-14.3,35.13333333333333,10000.0,1,2,0.1603612784915996,0
3002,Francistown,BOTSWANA,BOTSWANA,-21.159444444444443,27.482222222222223,89979.0,0,1,,0
3003,Mzuzu,MALAWI,MALAWI,-11.433055555555555,34.016666666666666,175345.0,0,2,0.27311381130842755,0
3004,Chipata,ZAMBIA,ZAMBIA,-13.561666666666667,32.585277777777776,327059.0,0,2,0.6419132455782767,0
3005,Kitwe,ZAMBIA,ZAMBIA,-12.899722222222222,28.15,400914.0,0,2,0.38246638495285834,0
3006,Livingstone,ZAMBIA,ZAMBIA,-17.81861111111111,25.81861111111111,109203.0,0,2,0.7019401683730727,0
3007,Mfuwe,ZAMBIA,ZAMBIA,-13.266388888888889,31.933333333333334,10000.0,1,3,0.8449592338594529,0
3008,Mongu,ZAMBIA,ZAMBIA,-15.233333333333333,23.15,52534.0,0,2,1.1085243557141686,0
3009,Tete,MOZAMBIQUE,MOZAMBIQUE,-16.108055555555556,33.639722222222225,305722.0,0,3,0.4372148375430086,0
3010,Kasane,BOTSWANA,BOTSWANA,-17.829444444444444,25.163055555555555,10000.0,1,1,,0
3011,Kasama,ZAMBIA,ZAMBIA,-10.216388888888888,31.133333333333333,73664.0,0,2,1.292322610410523,0
3012,Mansa,ZAMBIA,ZAMBIA,-11.133055555555556,28.866666666666667,42277.0,0,1,,0
3013,Ulundi,SOUTH AFRICA,SOUTH_AFRICA,-28.31833333333333,31.41777777777778,20753.0,0,1,,0
3014,Hwange National Park,ZIMBABWE,ZIMBABWE,-18.6325,27.008055555555554,10000.0,1,2,0.40028818272393163,0
3015,Pemba,TANZANIA,TANZANIA,-5.25,39.8,201846.0,0,1,,0
3016,Uruguaiana,BRAZIL,BRAZIL,-29.783333333333335,-57.03333333333333,123480.0,0,1,,0
3017,Guayaramerin,BOLIVIA,BOLIVIA,-10.816666666666666,-65.36666666666666,10000.0,1,2,0.6007515463823928,0
3018,Magdalena,AUSTRALIA,AUSTRALIA,-12.06,134.23333333333332,16214.0,0,2,39.98347845202906,1
3019,Riberalta,BOLIVIA,BOLIVIA,-11.016666666666667,-66.1,99070.0,0,3,0.6545441808627807,0
3020,San Joaquin,BOLIVIA,BOLIVIA,-13.083333333333334,-64.8,10000.0,1,2,1.1796942246787019,0
3021,Borroloola,AUSTRALIA,AUSTRALIA,-16.07638888888889,136.3036111111111,10000.0,1,2,1.2750212663114757,0
3022,Boigu Island,AUSTRALIA,AUSTRALIA,-9.266666666666667,142.2,10000.0,1,2,3.180982371459466,0
3023,Halls Creek,AUSTRALIA,AUSTRALIA,-18.235555555555557,127.66555555555556,10000.0,1,2,0.5055203359380087,0
3024,Jayapura,INDONESIA,INDONESIA,-2.566666666666667,140.51666666666668,404004.0,0,3,0.6766211640320581,0
3025,Dera Ismail Khan,PAKISTAN,PAKISTAN,31.816666666666666,70.9,101616.0,0,3,0.4867816449620697,0
3026,Zhob,PAKISTAN,PAKISTAN,31.355555555555554,69.46472222222222,50537.0,0,3,0.37688480556873755,0
3027,Bannu,PAKISTAN,PAKISTAN,32.96666666666667,70.51666666666667,49008.0,0,1,,0
3028,Chitral,PAKISTAN,PAKISTAN,35.85,71.83333333333333,10000.0,1,1,,0
3029,Para Chinar,PAKISTAN,PAKISTAN,33.903333333333336,70.07111111111111,10000.0,1,1,,0
3030,Socotra,YEMEN,YEMEN,12.633333333333333,53.9,10000.0,1,1,,0
3031,Jomsom,NEPAL,NEPAL,28.766666666666666,83.71666666666667,10000.0,1,1,,0
3032,Mong Hsat,MYANMAR,MYANMAR,20.516666666666666,99.26666666666667,10000.0,1,2,0.5893046836683195,0
3033,Bhamo,MYANMAR,MYANMAR,24.266666666666666,97.25,47920.0,0,2,0.5079502031811569,0
3034,Khamti,MYANMAR,MYANMAR,26.0,95.7,10000.0,1,1,,0
3035,Myitkyina,MYANMAR,MYANMAR,25.35,97.3,90894.0,0,3,0.6208716011615626,0
3036,Aksu,CHINA,CHINA,41.166666666666664,80.33333333333333,535657.0,0,1,,0
3037,Qiemo,CHINA,CHINA,38.1494,85.5354,18893.0,0,1,,0
3038,Kuqa,CHINA,CHINA,41.56666666666667,82.73333333333333,102752.0,0,1,,0
3039,Sharurah,SAUDI ARABIA,SAUDI_ARABIA,17.466666666666665,47.11666666666667,10000.0,1,3,0.7507445026794495,0
3040,Turaif,SAUDI ARABIA,SAUDI_ARABIA,31.683333333333334,38.666666666666664,40819.0,0,4,0.9186779445760569,0
3041,King Khalid Military City,UNITED STATES,USA,57.13333333333333,-153.2,10000.0,1,1,,0
3042,Merowe,SUDAN,SUDAN,18.45,31.83,10000.0,1,1,,0
3043,Wadi Halfa,SUDAN,SUDAN,21.833333333333332,31.483333333333334,10000.0,1,1,,0
3044,Khuzdar,PAKISTAN,PAKISTAN,27.8,66.6,141227.0,0,1,,0
3045,Sui,PAKISTAN,PAKISTAN,28.63,69.2,10000.0,1,1,,0
3046,Useless Loop,AUSTRALIA,AUSTRALIA,-25.97,113.12,10000.0,1,2,0.397874332752038,0
3047,Nicholson,AUSTRALIA,AUSTRALIA,-18.05,128.9,10000.0,1,1,,0
3048,Kasos Island,GREECE,GREECE,35.41888888888889,26.915,10000.0,1,1,,0
3049,Astypalaia Island,GREECE,GREECE,36.57833333333333,26.374166666666667,10000.0,1,1,,0
3050,Berau,CHINA,CHINA,39.89,116.28,10000.0,1,3,25.437049687609058,1
3051,Tanjung Selor,INDONESIA,INDONESIA,2.85,117.33333333333333,56569.0,0,3,0.16840875198510524,0
3052,Long Bawan,INDONESIA,INDONESIA,3.7333333333333334,115.68333333333334,10000.0,1,1,,0
3053,Ambanja,MADAGASCAR,MADAGASCAR,-13.65,48.46666666666667,30621.0,0,2,0.3654512747153021,0
3054,Vohemar,MADAGASCAR,MADAGASCAR,-13.366666666666667,50.0,10000.0,1,2,0.47329920546172355,0
3055,Vatomandry,MADAGASCAR,MADAGASCAR,-19.28,48.83,10000.0,1,2,0.34010440947642695,0
3056,Mandritsara,MADAGASCAR,MADAGASCAR,-15.83,48.83,10000.0,1,5,0.6165404101969187,0
3057,Mananara,MADAGASCAR,MADAGASCAR,-16.17,49.77,41209.0,0,3,0.41069275747579886,0
3058,Bourke,AUSTRALIA,AUSTRALIA,-30.05,145.95,10000.0,1,2,0.4566642233465044,0
3059,Walgett,AUSTRALIA,AUSTRALIA,-30.033055555555556,148.11805555555554,10000.0,1,2,0.6241983158189148,0
3060,Scone,AUSTRALIA,AUSTRALIA,-32.03888888888889,150.83333333333334,10000.0,1,1,,0
3061,Sola,VANUATU,VANUATU,-13.85,167.53333333333333,10000.0,1,3,0.883825134538437,0
3062,Santa Elena,VENEZUELA,VENEZUELA,4.6,-61.1,18410.0,0,2,1.1172160965798261,0
3063,Guiria,VENEZUELA,VENEZUELA,10.566666666666666,-62.31666666666667,10000.0,1,2,1.0507542070741709,0
3064,Tucupita,VENEZUELA,VENEZUELA,9.087777777777777,-62.094722222222224,99778.0,0,1,,0
3065,Maracay,VENEZUELA,VENEZUELA,10.249978055555555,-67.64941888888889,1754256.0,0,2,1.5671457603335044,0
3066,Ahuas,HONDURAS,HONDURAS,15.483333333333333,-84.45,10000.0,1,2,0.7685955214906561,0
3067,Guanaja,HONDURAS,HONDURAS,16.466666666666665,-85.9,10000.0,1,1,,0
3068,Brus Laguna,HONDURAS,HONDURAS,15.766666666666667,-84.55,10000.0,1,2,0.7353841688480456,0
3069,Palacios,HONDURAS,HONDURAS,15.0,-89.0,10000.0,1,2,2.2451268968818097,0
3070,Puerto Lempira,HONDURAS,HONDURAS,15.2,-83.8,10000.0,1,2,12.683019564138624,0
3071,Trujillo,HONDURAS,HONDURAS,15.933333333333334,-85.93333333333334,919899.0,0,2,0.9239113292724123,0
3072,Utila,HONDURAS,HONDURAS,16.1,-86.9,10000.0,1,1,,0
3073,Maio,CAPE VERDE,CAPE_VERDE,15.25,-23.17,10000.0,1,1,,0
3074,Santo Antao,CAPE VERDE,CAPE_VERDE,17.05,-25.17,10000.0,1,2,0.7169239309318914,0
3075,Principe Island,SAO TOME AND PRINCIPE,SAO_TOME_AND_PRINCIPE,1.6666666666666667,7.416666666666667,10000.0,1,1,,0
3076,Clyde River,CANADA,CANADA,70.48611111111111,-68.51666666666667,10000.0,1,3,0.7488764815656954,0
3077,Igloolik,CANADA,CANADA,69.36472222222223,-81.81611111111111,10000.0,1,2,0.5812997214728073,0
3078,Kimmirut/Lake Harbour,CANADA,CANADA,62.85,-69.88333333333334,10000.0,1,1,,0
3079,Cape Dorset,CANADA,CANADA,64.23,-76.52666666666667,10000.0,1,1,,0
3080,Hall Beach,CANADA,CANADA,68.77416666666667,-81.24083333333333,10000.0,1,2,0.50591511707892,0
3081,Broughton Island,CANADA,CANADA,67.54583333333333,-64.03138888888888,10000.0,1,3,0.4975551681804032,0
3082,Pangnirtung,CANADA,CANADA,66.14527777777778,-65.71305555555556,10000.0,1,2,0.30462660965200694,0
3083,Nanisivik,CANADA,CANADA,72.98222222222222,-84.61361111111111,10000.0,1,3,0.5417156196157821,0
3084,Swan River,CANADA,CANADA,52.1208,-101.23610000000001,10000.0,1,1,,0
3085,Red Sucker Lake,CANADA,CANADA,54.16694444444445,-93.55944444444444,10000.0,1,1,,0
3086,Cross Lake,CANADA,CANADA,54.61,-97.76055555555556,10000.0,1,1,,0
3087,Poplar Hill,CANADA,CANADA,52.08,-94.3,10000.0,1,1,,0
3088,Deer Lake,CANADA,CANADA,52.655833333333334,-94.06166666666667,10000.0,1,3,0.6412778853959483,0
3089,Baker Lake,CANADA,CANADA,64.29888888888888,-96.07777777777778,10000.0,1,4,0.8614137627260234,0
3090,Chesterfield Inlet,CANADA,CANADA,63.346944444444446,-90.7311111111111,10000.0,1,2,0.39518803456869045,0
3091,Arviat,CANADA,CANADA,61.094166666666666,-94.07083333333334,10000.0,1,3,0.4704363865538273,0
3092,Repulse Bay,CANADA,CANADA,66.5213888888889,-86.22472222222223,10000.0,1,3,0.8115688216965966,0
3093,Whale Cove,CANADA,CANADA,62.23916666666667,-92.59722222222223,10000.0,1,3,0.3240679505225726,0
3094,Coral Harbour,CANADA,CANADA,64.19333333333333,-83.35944444444445,10000.0,1,2,0.807655126103287,0
3095,Lac Brochet,CANADA,CANADA,58.6175,-101.46888888888888,10000.0,1,3,0.6185072592362738,0
3096,Pukatawagan,CANADA,CANADA,55.748333333333335,-101.26583333333333,10000.0,1,1,,0
3097,South Indian Lake,CANADA,CANADA,56.7925,-98.9075,10000.0,1,2,0.34101273274388966,0
3098,Tadoule Lake,CANADA,CANADA,58.6,-98.33,10000.0,1,2,0.8889364576817196,0
3099,Brochet,CANADA,CANADA,57.88333333333333,-101.66666666666667,10000.0,1,3,0.4530834153432651,0
3100,Leaf Rapids,CANADA,CANADA,56.5133,-99.985,10000.0,1,2,0.3847301084853607,0
3101,Lynn Lake,CANADA,CANADA,56.86388888888889,-101.07611111111112,10000.0,1,2,0.5897377450042365,0
3102,York Landing,MEXICO,M&Eacute;XICO#MEXICO,19.866666666666667,-101.73333333333333,10000.0,1,1,,0
3103,Shamattawa,CANADA,CANADA,55.86472222222222,-92.0813888888889,10000.0,1,3,0.6560673308183153,0
3104,Kingfisher Lake,CANADA,CANADA,53.03,-89.83,10000.0,1,1,,0
3105,Muskrat Dam,UNITED STATES,USA,33.12936111111111,-94.97563888888888,10000.0,1,3,7.575706454819945,0
3106,Kasabonika,CANADA,CANADA,53.53,-88.75,10000.0,1,4,0.8316806899460439,0
3107,Cat Lake,CANADA,CANADA,51.72694444444444,-91.82277777777777,10000.0,1,2,0.46530512837452565,0
3108,Fort Severn,CANADA,CANADA,56.02111111111111,-87.67777777777778,10000.0,1,2,1.5984871037509376,0
3109,Pickle Lake,CANADA,CANADA,51.44638888888889,-90.21527777777777,10000.0,1,2,0.5305100127917056,0
3110,Big Trout Lake,CANADA,CANADA,53.650555555555556,-89.89583333333333,10000.0,1,5,0.8735295523358697,0
3111,Round Lake,CANADA,CANADA,52.94361111111111,-91.31277777777778,18461.0,0,3,0.9098921252410019,0
3112,Sandy Lake,CANADA,CANADA,53.06472222222222,-93.3475,10000.0,1,3,0.2763933024350345,0
3113,Corozal,BELIZE,BELIZE,18.383333333333333,-88.41666666666667,39800.0,0,1,,0
3114,Masirah,OMAN,OMAN,20.666666666666668,58.9,10000.0,1,1,,0
3115,Corvo Island,UKRAINE,UKRAINE,51.333333333333336,31.0,10000.0,1,2,18.855244508162574,1
3116,Flores Island,PORTUGAL,PORTUGAL,39.45805555555555,-31.131944444444443,10000.0,1,3,2.141856491049929,0
3117,Graciosa Island,PORTUGAL,PORTUGAL,39.09361111111111,-28.029444444444444,10000.0,1,1,,0
3118,Sao Jorge Island,PORTUGAL,PORTUGAL,38.66277777777778,-28.169722222222223,10000.0,1,1,,0
3119,Kaduna,NIGERIA,NIGERIA,10.6,7.45,1582102.0,0,1,,0
3120,Andenes,NORWAY,NORWAY,69.29222222222222,16.145555555555557,10000.0,1,4,0.5916491508830697,0
3121,Leknes,NORWAY,NORWAY,68.15277777777777,13.609444444444444,10000.0,1,2,0.44148974426373405,0
3122,Narvik,NORWAY,NORWAY,68.43694444444445,17.388333333333332,10000.0,1,2,0.8651481832177469,0
3123,Rost,NORWAY,NORWAY,67.52777777777777,12.104722222222222,10000.0,1,1,,0
3124,Stokmarknes,NORWAY,NORWAY,68.58083333333333,15.02361111111111,10000.0,1,3,0.7571351948226407,0
3125,Svolvaer,NORWAY,NORWAY,68.24277777777777,14.67,10000.0,1,2,0.45844963734922,0
3126,Vaeroy,NORWAY,NORWAY,67.68916666666667,12.68,10000.0,1,1,,0
3127,Kaunas,LITHUANIA,LITHUANIA,54.9,23.92,289380.0,0,1,,0
3128,Alta,NORWAY,NORWAY,69.97611111111111,23.371111111111112,15094.0,0,6,1.1396994614947733,0
3129,Hasvik,NEW ZEALAND,NEW_ZEALAND,-43.87027777777778,169.07611111111112,10000.0,1,2,78.76146291826578,1
3130,Hammerfest,NORWAY,NORWAY,70.67944444444444,23.67,10000.0,1,8,0.8299829267302486,0
3131,Kirkenes,NORWAY,NORWAY,69.72583333333333,29.895555555555557,10000.0,1,6,0.614359307231678,0
3132,Lakselv,NORWAY,NORWAY,70.06666666666666,24.975277777777777,10000.0,1,2,0.9250146443087395,0
3133,Longyearbyen,NORWAY,NORWAY,78.24527777777777,15.469444444444445,2368.0,0,1,,0
3134,Sorkjosen,NORWAY,NORWAY,69.78666666666666,20.960833333333333,10000.0,1,2,0.48583612069626597,0
3135,Vadso,NORWAY,NORWAY,70.065,29.845,10000.0,1,6,0.7231550348867755,0
3136,Salt Cay,TURKS AND CAICOS,TURKS_AND_CAICOS,21.333333333333332,-71.2,10000.0,1,1,,0
3137,Middle Caicos,TURKS AND CAICOS,TURKS_AND_CAICOS,21.833333333333332,-71.8,10000.0,1,2,0.71473444363766,0
3138,Grimsey,ICELAND,ICELAND,66.53333333333333,-18.016666666666666,10000.0,1,1,,0
3139,Vopnafjordur,ICELAND,ICELAND,65.75,-14.833333333333334,10000.0,1,3,0.316543054081375,0
3140,Thorshofn,ICELAND,ICELAND,66.2,-15.33,10000.0,1,2,0.6460227418984673,0
3141,Siglufjordur,ICELAND,ICELAND,66.1575,-18.885833333333334,10000.0,1,1,,0
3142,Bonaventure,CANADA,CANADA,48.0717,-65.4606,10000.0,1,2,0.6120408026336888,0
3143,Havre St Pierre,CANADA,CANADA,50.28194444444444,-63.61138888888889,10000.0,1,2,0.5131163504297422,0
3144,Chevery,CANADA,CANADA,50.468599999999995,-59.6378,10000.0,1,6,0.862018356707834,0
3145,Schefferville,CANADA,CANADA,54.80555555555556,-66.80583333333334,10000.0,1,2,1.1590238640604913,0
3146,Natashquan,CANADA,CANADA,50.18972222222222,-61.78916666666667,10000.0,1,5,0.708642299003766,0
3147,Wabush,CANADA,CANADA,52.92194444444444,-66.86444444444444,10000.0,1,3,0.8269278015167538,0
3148,Havre,UNITED STATES,USA,48.542985,-109.76234194444446,10000.0,1,1,,0
3149,Glendive,UNITED STATES,USA,47.13871861111111,-104.80719944444444,10000.0,1,2,0.343193201236134,0
3150,Central,UNITED STATES,USA,65.57380666666667,-144.78329083333333,28295.0,0,2,0.14750322065129587,0
3151,Chalkyitsik,UNITED STATES,USA,66.64969083333332,-143.73594916666667,10000.0,1,2,0.7565485274849078,0
3152,Arctic Village,UNITED STATES,USA,68.11608083333333,-145.57611111111112,10000.0,1,3,1.7529779322729473,0
3153,Boundary,UNITED STATES,USA,64.07830277777778,-141.11337500000002,10000.0,1,2,0.8360076418513038,0
3154,Chicken,UNITED STATES,USA,64.07133833333333,-141.95227916666667,10000.0,1,2,0.5544961678613856,0
3155,Northway,UNITED STATES,USA,62.961333611111115,-141.92913694444445,10000.0,1,2,0.6054608884558073,0
3156,Tetlin,UNITED STATES,USA,63.13333333333333,-142.5,10000.0,1,1,,0
3157,Chisana,UNITED STATES,USA,62.07118972222222,-142.0483741666667,10000.0,1,2,1.465581988941549,0
3158,Stony Rapids,CANADA,CANADA,59.250277777777775,-105.84138888888889,10000.0,1,2,0.7569950171016886,0
3159,Points North Landing,CANADA,CANADA,58.27722222222222,-104.08222222222223,10000.0,1,2,0.5836031167990177,0
3160,Fond du Lac,CANADA,CANADA,59.33361111111111,-107.18222222222222,42933.0,0,3,0.21918371411848409,0
3161,Wollaston Lake,CANADA,CANADA,58.106944444444444,-103.17222222222222,10000.0,1,2,0.5763989836303701,0
3162,Holman Island,CANADA,CANADA,70.76305555555555,-117.80583333333334,10000.0,1,2,0.7262179705038759,0
3163,Fort Good Hope,CANADA,CANADA,66.24083333333333,-128.65083333333334,10000.0,1,2,0.5000073630658328,0
3164,Paulatuk,CANADA,CANADA,69.36111111111111,-124.07527777777777,10000.0,1,2,0.8607706011034865,0
3165,Sachs Harbour,CANADA,CANADA,71.99388888888889,-125.2425,10000.0,1,1,,0
3166,Tuktoyaktuk,CANADA,CANADA,69.43333333333334,-133.0263888888889,10000.0,1,1,,0
3167,Grise Fiord,CANADA,CANADA,76.42611111111111,-82.90916666666666,10000.0,1,1,,0
3168,Arctic Bay,CANADA,CANADA,73.03333333333333,-85.15,10000.0,1,2,0.7475767606908585,0
3169,Tulita Fort Norman,CANADA,CANADA,64.90861111111111,-125.56833333333333,10000.0,1,2,0.1799530559609193,0
3170,Pelly Bay,CANADA,CANADA,68.43333333333334,-89.73333333333333,10000.0,1,3,0.5480346743612293,0
3171,Attawapiskat,CANADA,CANADA,52.93333333333333,-82.43333333333334,10000.0,1,3,1.7011846522870058,0
3172,Fort Albany,CANADA,CANADA,52.201388888888886,-81.69694444444444,10000.0,1,2,0.3055914128269189,0
3173,Lansdowne House,CANADA,CANADA,52.19583333333333,-87.93,10000.0,1,2,0.466717528085957,0
3174,Nakina,CANADA,CANADA,50.18279999999999,-86.6964,10000.0,1,2,1.0746053346759132,0
3175,Hearst,CANADA,CANADA,49.7142,-83.68610000000001,10000.0,1,1,,0
3176,Blanc Sablon,CANADA,CANADA,51.44361111111111,-57.18527777777778,10000.0,1,3,0.2896364040907556,0
3177,Mary's Harbour,CANADA,CANADA,52.30277777777778,-55.84722222222222,10000.0,1,1,,0
3178,Nain,CANADA,CANADA,56.549166666666665,-61.680277777777775,10000.0,1,3,0.6201412912387605,0
3179,Makkovik,CANADA,CANADA,55.07694444444444,-59.18638888888889,10000.0,1,4,0.31815166584500076,0
3180,Rigolet,CANADA,CANADA,54.33,-58.42,10000.0,1,2,0.4039958412758465,0
3181,Churchill Falls,CANADA,CANADA,53.56194444444444,-64.10638888888889,10000.0,1,1,,0
3182,Klemtu,CANADA,CANADA,52.6,-128.5,10000.0,1,1,,0
3183,Mount Pleasant,FALKLAND ISLANDS,FALKLAND_ISLANDS,-51.81666666666667,-58.45,81317.0,0,2,2.1063887147119833,0
3184,Eday,UNITED KINGDOM,UNITED_KINGDOM,59.19138888888889,-2.7736111111111112,10000.0,1,3,0.4933464169421401,0
3185,Sanday,UNITED STATES,USA,38.33262666666667,-77.03719638888889,10000.0,1,3,101.3459513706091,1
3186,North Ronaldsay,UNITED KINGDOM,UNITED_KINGDOM,59.368611111111115,-2.435,10000.0,1,3,0.4651363744896325,0
3187,Papa Westray,UNITED KINGDOM,UNITED_KINGDOM,59.35166666666667,-2.9,10000.0,1,3,0.34984426490350073,0
3188,Stronsay,UNITED STATES,USA,43.13334388888889,-96.18749444444444,10000.0,1,3,112.25546757228955,1
3189,Westray,UNITED KINGDOM,UNITED_KINGDOM,59.35,-2.95,10000.0,1,3,0.38340484508604683,0
3190,Helgoland,GERMANY,GERMANY,54.18527777777778,7.9158333333333335,10000.0,1,1,,0
3191,Wilhelmshaven,GERMANY,GERMANY,53.50472222222222,8.053055555555556,84393.0,0,2,0.4997304125192112,0
3192,Seronera,TANZANIA,TANZANIA,-2.4166666666666665,34.833333333333336,10000.0,1,1,,0
3193,Samburu,KENYA,KENYA,0.5333333333333333,37.53333333333333,10000.0,1,1,,0
3194,Igiugig,UNITED STATES,USA,59.32373527777777,-155.90327333333332,10000.0,1,1,,0
3195,Crooked Creek,UNITED STATES,USA,63.78333333333333,-150.55,10000.0,1,2,0.9849435598768206,0
3196,Grayling,UNITED STATES,USA,62.89456055555556,-160.06490416666668,10000.0,1,2,0.24895627705258888,0
3197,Red Devil,UNITED STATES,USA,61.787643333333335,-157.34793444444446,10000.0,1,2,1.6703703692066085,0
3198,Platinum,UNITED STATES,USA,59.011356111111105,-161.81966555555556,10000.0,1,1,,0
3199,Akiachak,UNITED STATES,USA,60.90786472222222,-161.4350772222222,10000.0,1,2,0.4851631439233659,0
3200,Akiak,UNITED STATES,USA,60.90481194444445,-161.22701888888886,10000.0,1,2,0.5230401270496128,0
3201,New Stuyahok,UNITED STATES,USA,59.449553333333334,-157.32719083333333,10000.0,1,2,0.25996815856377375,0
3202,Nanwalek,UNITED STATES,USA,59.35214833333333,-151.92515583333332,10000.0,1,2,0.3306725573307862,0
3203,Golovin,UNITED STATES,USA,64.543435,-163.03952583333333,10000.0,1,2,0.2455104171994777,0
3204,Jinka,ETHIOPIA,ETHIOPIA,5.833333333333333,36.61666666666667,32115.0,0,1,,0
3205,Beles,ETHIOPIA,ETHIOPIA,11.33,36.42,10000.0,1,2,1.0423259092542574,0
3206,Asosa,ETHIOPIA,ETHIOPIA,10.066666666666666,34.53333333333333,10000.0,1,4,1.3895549618899625,0
3207,Beica,ETHIOPIA,ETHIOPIA,9.38,34.53,10000.0,1,2,0.37050429427921605,0
3208,Kabri Dar,ETHIOPIA,ETHIOPIA,6.733333333333333,44.266666666666666,10000.0,1,3,0.7825872327894948,0
3209,Jijiga,ETHIOPIA,ETHIOPIA,9.333333333333334,42.71666666666667,483000.0,0,3,0.8822865922275066,0
3210,Gode,ETHIOPIA,ETHIOPIA,5.1,44.583333333333336,10000.0,1,3,1.5304042546532488,0
3211,Humera,ETHIOPIA,ETHIOPIA,14.25,36.583333333333336,10000.0,1,1,,0
3212,Neghelli,ETHIOPIA,ETHIOPIA,5.283333333333333,39.7,10000.0,1,1,,0
3213,Gambela,ETHIOPIA,ETHIOPIA,8.28,34.58,10000.0,1,1,,0
3214,Tippi,ETHIOPIA,ETHIOPIA,7.33,35.58,10000.0,1,3,0.5479533613225214,0
3215,Axum,ERITREA,ERITREA,14.116666666666667,38.71666666666667,41249.0,0,2,0.6635750445761526,0
3216,Bordj Badji Mokhtar,ALGERIA,ALGERIA,21.13,1.07,10000.0,1,1,,0
3217,Cabinda,ANGOLA,ANGOLA,-5.583333333333333,12.2,66020.0,0,2,0.13451096221631842,0
3218,Loubomo,CONGO,"CONGO,_REPUBLIC_OF_THE",-4.2,12.7,10000.0,1,2,0.15704387999315766,0
3219,Gamba,GABON,GABON,-2.7666666666666666,9.983333333333333,10000.0,1,1,,0
3220,Omboue,GABON,GABON,-1.6,9.27,10000.0,1,1,,0
3221,Itaituba,BRAZIL,BRAZIL,-4.266666666666667,-55.983333333333334,64756.0,0,4,0.9081557073874903,0
3222,Cruzeiro do Sul,BRAZIL,BRAZIL,-7.583333333333333,-72.78333333333333,79819.0,0,2,0.9281961443599606,0
3223,Tarauaca,BRAZIL,BRAZIL,-8.15,-70.76666666666667,10000.0,1,2,0.5050352306389034,0
3224,Obidos,BRAZIL,BRAZIL,-1.8666666666666667,-55.53333333333333,10000.0,1,2,0.24184123436103078,0
3225,Sao Gabriel,BRAZIL,BRAZIL,-0.13333333333333333,-67.08333333333333,10000.0,1,1,,0
3226,Porto de Moz,BRAZIL,BRAZIL,-1.7409433333333333,-52.235666944444446,10000.0,1,2,0.5117791875875435,0
3227,Oiapoque,BRAZIL,BRAZIL,3.8833333333333333,-51.78333333333333,10000.0,1,1,,0
3228,Goundam,MALI,MALI,16.35,-3.6,10000.0,1,2,0.487191306799221,0
3229,Tombouctou,MALI,MALI,16.733333333333334,-3.0,10000.0,1,3,1.2920826871608888,0
3230,Geneina,SUDAN,SUDAN,13.483333333333333,22.45,162981.0,0,3,0.5235779901104075,0
3231,Malakal,SUDAN,SUDAN,9.55,31.65,160765.0,0,1,,0
3232,Wau,SUDAN,SUDAN,7.7,28.016666666666666,127384.0,0,1,,0
3233,Garoua,CAMEROON,CAMEROON,9.333333333333334,13.383333333333333,436899.0,0,1,,0
3234,Ngaoundere,CAMEROON,CAMEROON,7.366666666666666,13.566666666666666,10000.0,1,1,,0
3235,Tsiroanomandidy,MADAGASCAR,MADAGASCAR,-18.75,46.05,44461.0,0,5,0.9921873673461512,0
3236,Manakara,MADAGASCAR,MADAGASCAR,-22.12,48.02,44237.0,0,2,0.7971560115372381,0
3237,Besalampy,MADAGASCAR,MADAGASCAR,-16.75,44.483333333333334,10000.0,1,2,0.7818136475034015,0
3238,Soalala,MADAGASCAR,MADAGASCAR,-16.1,45.37,10000.0,1,2,0.5080988567683414,0
3239,Analalava,MADAGASCAR,MADAGASCAR,-14.633333333333333,47.766666666666666,10000.0,1,2,0.4286323673925865,0
3240,Mampikony,MADAGASCAR,MADAGASCAR,-16.016666666666666,47.63333333333333,10000.0,1,2,0.37639108461415927,0
3241,Port Berge,MADAGASCAR,MADAGASCAR,-15.55,47.67,10000.0,1,2,0.4100656917085488,0
3242,Tambohorano,MADAGASCAR,MADAGASCAR,-17.48,43.97,10000.0,1,3,0.9441351188980893,0
3243,Manja,MADAGASCAR,MADAGASCAR,-21.42,44.32,10000.0,1,2,0.6075538530890376,0
3244,Morombe,MADAGASCAR,MADAGASCAR,-21.75,43.36666666666667,10000.0,1,3,0.5286356580511237,0
3245,Antsalova,MADAGASCAR,MADAGASCAR,-18.7,44.61666666666667,10000.0,1,3,0.8784982200900688,0
3246,Araguaina,BRAZIL,BRAZIL,-7.2,-48.2,10000.0,1,1,,0
3247,Ji-Parana,BRAZIL,BRAZIL,-8.05,-62.87,10000.0,1,1,,0
3248,Aripuana,BRAZIL,BRAZIL,-9.166666666666666,-60.63333333333333,10000.0,1,1,,0
3249,Alta Floresta,BRAZIL,BRAZIL,-9.866666666666667,-56.1,10000.0,1,1,,0
3250,Matupa,PHILIPPINES,PHILIPPINES,6.166666666666667,124.28333333333333,10000.0,1,2,79.94421878994798,1
3251,Costa Marques,BRAZIL,BRAZIL,-12.41986111111111,-64.25222222222222,10000.0,1,1,,0
3252,Nemiscau,CANADA,CANADA,51.7,-76.11666666666666,10000.0,1,1,,0
3253,East Main,CANADA,CANADA,52.225833333333334,-78.5225,10000.0,1,2,0.4031904228680782,0
3254,Wemindji,CANADA,CANADA,53.01083333333333,-78.83027777777778,10000.0,1,2,0.28583502735922894,0
3255,Akulivik,CANADA,CANADA,60.81861111111111,-78.14861111111111,10000.0,1,2,0.6363139460456319,0
3256,Salluit,CANADA,CANADA,62.17916666666667,-75.66694444444444,10000.0,1,3,1.4033647633713888,0
3257,Bossaso,SOMALIA,SOMALIA,11.283333333333333,49.18333333333333,10000.0,1,1,,0
3258,Putussibau,INDONESIA,INDONESIA,0.8833333333333333,112.93333333333334,10000.0,1,1,,0
3259,Beni,CONGO,"CONGO,_DEMOCRATIC_PEOPLES'S_REPUBLIC",0.57,29.47,232000.0,0,2,1.041619707482082,0
3260,Boma,CONGO,"CONGO,_DEMOCRATIC_PEOPLES'S_REPUBLIC",-5.85,13.1,162521.0,0,2,0.5003180427131739,0
3261,Moanda,CONGO,"CONGO,_DEMOCRATIC_PEOPLES'S_REPUBLIC",-6.0,12.416666666666666,50000.0,0,2,2.4777574005326066,0
3262,Qasigiannguit,DENMARK,DENMARK,68.75,-51.5,10000.0,1,2,0.8222799492779501,0
3263,Qeqertarsuaq,DENMARK,DENMARK,69.33333333333333,-53.583333333333336,10000.0,1,3,0.6154100070455383,0
3264,Upernavik,DENMARK,DENMARK,72.8,-56.15,10000.0,1,1,,0
3265,Uummannaq,DENMARK,DENMARK,70.66666666666667,-52.0,10000.0,1,1,,0
3266,Paamiut,DENMARK,DENMARK,62.56666666666667,-50.416666666666664,10000.0,1,1,,0
3267,Julia Creek,AUSTRALIA,AUSTRALIA,-20.670277777777777,141.72083333333333,10000.0,1,1,,0
3268,Birdsville,UNITED STATES,USA,40.772480833333326,-80.39142555555556,10000.0,1,2,85.41362794314301,1
3269,Kalkurung,AUSTRALIA,AUSTRALIA,-17.433333333333334,130.80833333333334,10000.0,1,2,0.30273179699612146,0
3270,Agaun,PAPUA NEW GUINEA,PAPUA_NEW_GUINEA,-9.916666666666666,149.33333333333334,10000.0,1,3,0.45530787558712754,0
3271,Aragip,PAPUA NEW GUINEA,PAPUA_NEW_GUINEA,-9.9,149.47,10000.0,1,2,0.5047223068154771,0
3272,Biniguni,PAPUA NEW GUINEA,PAPUA_NEW_GUINEA,-9.63,149.32,10000.0,1,2,1.3173458322065335,0
3273,Gonalia,NEW ZEALAND,NEW_ZEALAND,-46.160833333333336,168.89305555555555,10000.0,1,2,83.11945014452913,1
3274,Wasum,CANADA,CANADA,62.233333333333334,-133.35,10000.0,1,1,,0
3275,Baimuru,PAPUA NEW GUINEA,PAPUA_NEW_GUINEA,-7.5,144.8,10000.0,1,2,0.42276635622313813,0
3276,Kanabea,PAPUA NEW GUINEA,PAPUA_NEW_GUINEA,-7.77,145.9,10000.0,1,2,0.44578617617162825,0
3277,Kamusi,UNITED STATES,USA,57.63333333333333,-154.0,10000.0,1,2,58.535510014769784,1
3278,Konge,PAPUA NEW GUINEA,PAPUA_NEW_GUINEA,-6.13,147.65,10000.0,1,2,0.6838000648464767,0
3279,Malekolon,PAPUA NEW GUINEA,PAPUA_NEW_GUINEA,-4.02,153.68,10000.0,1,2,0.8560784752426177,0
3280,Dodoima,PAPUA NEW GUINEA,PAPUA_NEW_GUINEA,-8.75,147.45,10000.0,1,2,0.8154691994456558,0
3281,Kira,PAPUA NEW GUINEA,PAPUA_NEW_GUINEA,-7.63,147.08,10000.0,1,3,1.924830306548174,0
3282,Embessa,PAPUA NEW GUINEA,PAPUA_NEW_GUINEA,-9.37,148.47,10000.0,1,2,0.08984803844583848,0
3283,Green River,PAPUA NEW GUINEA,PAPUA_NEW_GUINEA,-3.9,141.18333333333334,10000.0,1,2,1.131213429271498,0
3284,Nuku,PAPUA NEW GUINEA,PAPUA_NEW_GUINEA,-3.683333333333333,142.46666666666667,10000.0,1,2,0.008608645704417158,0
3285,Aitape,PAPUA NEW GUINEA,PAPUA_NEW_GUINEA,-3.1333333333333333,142.35,10000.0,1,2,0.6597617081290051,0
3286,Thargomindah,AUSTRALIA,AUSTRALIA,-27.988333333333333,143.81,10000.0,1,1,,0
3287,Alexander Bay,SOUTH AFRICA,SOUTH_AFRICA,-28.5725,16.535,10000.0,1,1,,0
3288,Karonga,MALAWI,MALAWI,-9.949722222222222,33.88333333333333,34207.0,0,1,,0
3289,Kasaba Bay,ZAMBIA,ZAMBIA,-8.516666666666667,30.666666666666668,10000.0,1,1,,0
3290,Mabuiag Island,AUSTRALIA,AUSTRALIA,-9.95,142.18,10000.0,1,3,1.9115761372542925,0
3291,Kubin Island,AUSTRALIA,AUSTRALIA,-10.25,142.22,10000.0,1,2,1.3328418761646776,0
3292,Badu Island,AUSTRALIA,AUSTRALIA,-10.116666666666667,142.13333333333333,10000.0,1,2,0.5472561631006755,0
3293,Billiluna,AUSTRALIA,AUSTRALIA,-19.583333333333332,127.63333333333334,10000.0,1,1,,0
3294,Merauke,INDONESIA,INDONESIA,-8.516666666666667,140.41666666666666,102351.0,0,1,,0
3295,Putao,MYANMAR,MYANMAR,27.333333333333332,97.41666666666667,10000.0,1,1,,0
3296,Denham,AUSTRALIA,AUSTRALIA,-25.916666666666668,113.53333333333333,10000.0,1,1,,0
3297,Lightning Ridge,AUSTRALIA,AUSTRALIA,-29.458333333333332,147.98333333333332,10000.0,1,1,,0
3298,Mota Lava,VANUATU,VANUATU,-13.82,167.7,10000.0,1,2,0.6428597983008599,0
3299,Torres,VANUATU,VANUATU,-13.32,166.63,32791.0,0,2,6.621589056730383,0
3300,Cauquira,UNITED STATES,USA,48.266571666666664,-92.48349111111112,10000.0,1,1,,0
3301,Pond Inlet,CANADA,CANADA,72.68333333333334,-77.96666666666667,10000.0,1,3,0.6390183935291819,0
3302,North Spirit Lake,CANADA,CANADA,52.5,-92.88,10000.0,1,2,0.6234014005152613,0
3303,Sachigo Lake,CANADA,CANADA,53.43333333333333,-92.19527777777778,10000.0,1,2,0.6204733594789971,0
3304,Angling Lake,CANADA,CANADA,50.294399999999996,-96.01,10000.0,1,2,5.2596980535212925,0
3305,Bearskin Lake,CANADA,CANADA,53.97,-91.05,10000.0,1,2,0.21585780672794896,0
3306,Batsfjord,NORWAY,NORWAY,70.6,29.658333333333335,10000.0,1,5,0.4942464877633842,0
3307,Mehamn,UNITED STATES,USA,45.516666666666666,-118.4,10000.0,1,5,47.84295705085821,1
3308,Berlevag,NORWAY,NORWAY,70.87138888888889,29.034444444444443,10000.0,1,5,0.4794660662804532,0
3309,Honningsvag,NORWAY,NORWAY,71.00944444444444,25.983333333333334,10000.0,1,3,0.5064324654230546,0
3310,Vardoe,NORWAY,NORWAY,70.35472222222222,31.045555555555556,10000.0,1,1,,0
3311,Pakuashipi,CANADA,CANADA,51.2117,-58.658300000000004,10000.0,1,3,1.4175260324992152,0
3312,Gethsemani,CANADA,CANADA,50.333333333333336,-60.666666666666664,10000.0,1,3,0.6269792274884927,0
3313,La Tabatiere,CANADA,CANADA,51.0,-59.0,10000.0,1,3,0.6000290288100685,0
3314,Tete-a-La Baleine,CANADA,CANADA,50.52,-59.5,10000.0,1,2,0.5051096794491815,0
3315,Kegaska,CANADA,CANADA,50.18333333333333,-61.28333333333333,10000.0,1,2,0.3923053523750012,0
3316,Uranium City,CANADA,CANADA,59.56166666666667,-108.4786111111111,10000.0,1,1,,0
3317,Peawanuck,CANADA,CANADA,54.983333333333334,-85.43333333333334,10000.0,1,1,,0
3318,Kaschechewan,CANADA,CANADA,52.28333333333333,-81.68333333333334,10000.0,1,2,0.2203025600538864,0
3319,Ogoki,CANADA,CANADA,51.63,-85.95,10000.0,1,1,,0
3320,Davis Inlet,CANADA,CANADA,55.93,-60.95,10000.0,1,2,0.5010746875646389,0
3321,Hopedale,CANADA,CANADA,55.44833333333333,-60.228611111111114,10000.0,1,4,0.8988062820366278,0
3322,Postville,CANADA,CANADA,54.92,-59.77,10000.0,1,2,0.6115499257097922,0
3323,Georgetown,SAINT HELENA,SAINT_HELENA#ST_HELENA,-7.95,-14.366666666666667,235017.0,0,2,7.679369776985612,0
3324,Wangerooge,GERMANY,GERMANY,53.78722222222222,7.9158333333333335,10000.0,1,1,,0
3325,Anvik,UNITED STATES,USA,62.648583333333335,-160.18988888888887,10000.0,1,1,,0
3326,Mizan Teferi,UNITED STATES,USA,64.80678999999999,-147.7624211111111,10000.0,1,2,99.82522101680902,1
3327,Tum,ETHIOPIA,ETHIOPIA,6.25,35.47,10000.0,1,2,0.510053615476528,0
3328,Soyo,ANGOLA,ANGOLA,-6.116666666666666,12.366666666666667,10000.0,1,1,,0
3329,Nkayi,CONGO,"CONGO,_REPUBLIC_OF_THE",-4.216666666666667,13.3,10000.0,1,1,,0
3330,Jacareacanga,BRAZIL,BRAZIL,-6.266666666666667,-57.733333333333334,10000.0,1,1,,0
3331,Oriximina,BRAZIL,BRAZIL,-1.6666666666666667,-55.833333333333336,10000.0,1,1,,0
3332,Gao,MALI,MALI,16.25,-0.05,87000.0,0,1,,0
3333,Ankavandra,MADAGASCAR,MADAGASCAR,-18.8,45.28,10000.0,1,2,0.542907177328047,0
3334,Ivujivik,CANADA,CANADA,62.41722222222222,-77.92527777777778,10000.0,1,2,0.5905815627562703,0
3335,Kangiqsujuaq,CANADA,CANADA,54.833333333333336,-98.58333333333333,10000.0,1,1,,0
3336,Bunia,CONGO,"CONGO,_DEMOCRATIC_PEOPLES'S_REPUBLIC",1.5,30.216666666666665,96764.0,0,1,,0
3337,Pumani,PAPUA NEW GUINEA,PAPUA_NEW_GUINEA,-9.82,149.47,10000.0,1,2,0.4105827153709645,0
3338,Manguna,EGYPT,EGYPT,27.97861111111111,34.39333333333333,10000.0,1,1,,0
3339,Kuri,PAPUA NEW GUINEA,PAPUA_NEW_GUINEA,-7.13,143.27,10000.0,1,1,,0
3340,Kabwum,PAPUA NEW GUINEA,PAPUA_NEW_GUINEA,-6.4,147.37,10000.0,1,2,0.6578792213058828,0
3341,Buin,PAPUA NEW GUINEA,PAPUA_NEW_GUINEA,-6.733333333333333,155.68333333333334,55441.0,0,2,28.432888705152923,1
3342,Anguganak,PAPUA NEW GUINEA,PAPUA_NEW_GUINEA,-3.58,142.25,10000.0,1,2,0.45129127542536557,0
3343,Lumi,PAPUA NEW GUINEA,PAPUA_NEW_GUINEA,-3.4833333333333334,142.03333333333333,10000.0,1,2,0.5131297145690712,0
3344,Brize Norton,UNITED KINGDOM,UNITED_KINGDOM,51.75,-1.5833333333333333,10000.0,1,1,,0
3345,Miandrivazo,MADAGASCAR,MADAGASCAR,-19.55,45.45,20631.0,0,1,,0
3346,Satwag,PAPUA NEW GUINEA,PAPUA_NEW_GUINEA,-5.88,147.95,10000.0,1,2,3.15520741564766,0
3347,Gewoya,PAPUA NEW GUINEA,PAPUA_NEW_GUINEA,-9.3,148.47,10000.0,1,1,,0
3348,Derim,PAPUA NEW GUINEA,PAPUA_NEW_GUINEA,-6.1,146.82,10000.0,1,2,0.951246091485234,0
3349,Yalumet,PAPUA NEW GUINEA,PAPUA_NEW_GUINEA,-6.133333333333334,146.6,10000.0,1,2,0.38476754269053537,0
3350,Wasu,PAPUA NEW GUINEA,PAPUA_NEW_GUINEA,-6.0,147.25,10000.0,1,1,,0
